section,measure,task,articulator,quantity,primary,n_pd,n_hc,median_pd,median_hc,g,beta,p,auc,q,beta_rate_adjusted,p_rate_adjusted
D FIGSHARE vowels (clean),mouth_LI,,,,True,38,23,0.2775794910072842,0.222996526255989,0.0962772622458272,-0.1690976720178678,0.6997756292146438,0.5675057208237987,0.8164049007504177,,
D FIGSHARE vowels (clean),mouth_TT,,,,True,38,23,0.3412604018090357,0.3063273349985212,-0.2229426360255243,-0.4858380724504602,0.2066530452451385,0.454233409610984,0.482108640187417,,
D FIGSHARE vowels (clean),mouth_TB,,,,True,38,23,0.346005619693466,0.305976645885628,0.0839621904699113,0.0713146995482911,0.8557314093271587,0.5411899313501144,0.9215569023523248,,
D FIGSHARE vowels (clean),mouth_TD,,,,True,38,23,0.3266809868930105,0.3181977725862852,0.1363169641265212,0.0109969885304862,0.981249731698484,0.562929061784897,0.981249731698484,,
D FIGSHARE vowels (clean),mouth_LL,,,,True,38,23,0.2385475416540704,0.1843056376233091,0.1951969977736922,0.1771635637558425,0.5317281303762822,0.597254004576659,0.8164049007504177,,
D FIGSHARE vowels (clean),voice_loudness,,,,True,34,20,-0.1370532630796028,-0.5648051111361199,0.8618535038707843,0.8832642017220663,0.0036213430056389,0.7411764705882353,0.0253494010394729,,
D FIGSHARE vowels (clean),voice_pitch,,,,True,34,20,-0.2087576499694145,-0.4731692790387087,0.2162161695287484,0.1338513846319917,0.6886046367014078,0.5882352941176471,0.8164049007504177,,
D IPVS vowels (clean),mouth_LI,,,,True,25,21,0.3331886543824006,0.2757176678745463,0.890395227792419,0.9540807791372424,0.0056784444458133,0.8038095238095239,0.0264994074137956,,
D IPVS vowels (clean),mouth_TT,,,,True,25,21,0.3656852848294935,0.3255467265859186,0.4422609473901077,0.5173197448481739,0.1482030183570977,0.7047619047619048,0.4149684513998737,,
D IPVS vowels (clean),mouth_TB,,,,True,25,21,0.3539001926519485,0.3158034148916014,0.635332401493399,0.6343460803714098,0.0515643708810891,0.7219047619047618,0.180475298083812,,
D IPVS vowels (clean),mouth_TD,,,,True,25,21,0.3929436692001434,0.394319327714883,0.3314834838907557,0.2900508245096511,0.3959978670619951,0.5885714285714286,0.6929962673584915,,
D IPVS vowels (clean),mouth_LL,,,,True,25,21,0.2977365085473924,0.2729152357310186,0.3823864271972828,0.4362517671317837,0.2410543200937085,0.6514285714285715,0.482108640187417,,
D IPVS vowels (clean),voice_loudness,,,,True,25,21,-1.4325439662614017,-0.5996042610005583,-1.2622338960122743,-1.1188635190719918,0.0005487291941233,0.1733333333333333,0.0076822087177275,,
D IPVS vowels (clean),voice_pitch,,,,True,25,21,-0.446123814886889,-0.3733531031191842,0.0060948616083946,0.167355191008639,0.6261549239700699,0.4780952380952381,0.8164049007504177,,
