measure,label,sensor_validated,English beta,English q,English rate-adjusted beta,Italian beta,Italian q,Italian rate-adjusted beta,pooled beta,95% CI,pooled q,I2,ICC (Italian takes)
LI_speed,Jaw speed,False,-0.6964195453790537,0.114843029845285,-0.3634907569028794,-1.1937646395150805,0.0106005739602018,-0.5762124392671618,-0.9775508037451786,-1.47 to -0.48,0.0008077689208647,0.0,0.8176939948655316
TT_range,Tongue tip range,True,-1.039099249542046,0.0188404019523425,-0.6844569330556299,-0.8487574271127564,0.0188404019523425,-0.4786082619793014,-0.9234491136697242,-1.36 to -0.48,0.0005938216363527,0.0,0.8979180917467344
LI_range,Jaw range,False,-0.7180546307288711,0.144465781080144,-0.3985730102667295,-0.9609171780228788,0.0202523027595172,-0.7907827347877854,-0.8685863112339587,-1.39 to -0.34,0.0044248475714869,0.0,0.9013909089678164
TD_range,Tongue back range,False,-0.6441799298017877,0.208900725555532,-0.3002160899631277,-0.9379220252748798,0.0106005739602018,-0.4066888133401996,-0.8534780372043798,-1.33 to -0.38,0.002081571104936,0.0,0.8030720826699952
TB_space,Tongue body working space,True,-1.2683451850060634,0.0106005739602018,-0.7879130572388883,-0.3720182410280613,0.2820755357948408,0.0646739624654156,-0.7907330359955334,-1.67 to 0.09,0.1050359234397263,0.6995987610943202,0.9429303607979196
LL_speed,Lower lip speed,True,-0.7379227756005333,0.114843029845285,-0.3560478505913582,-0.7951955974107195,0.0571630968761167,-0.0650056816895488,-0.7714435249560314,-1.28 to -0.26,0.0073731757586881,0.0,0.8456014539474286
TT_speed,Tongue tip speed,False,-0.7986568186799803,0.0631261213306881,-0.4531477031409703,-0.6575373242130097,0.0911700671545012,0.0267136445903585,-0.7233795021963032,-1.19 to -0.25,0.0073731757586881,0.0,0.9348689966633492
TB_range,Tongue body range,False,-1.0213897251282205,0.0188404019523425,-0.7310349809181775,-0.3414042320779242,0.2999786801273428,-0.1878539200068058,-0.6605990115092667,-1.33 to 0.00,0.0773695171847777,0.5414936067762314,0.8889282366544867
TB_speed,Tongue body speed,False,-0.789872509720752,0.0820241717095883,-0.3977829518748621,-0.5447131053412788,0.144465781080144,0.1218087749673654,-0.6520090434244247,-1.14 to -0.16,0.0190180021198701,0.0,0.910499714808695
TD_speed,Tongue back speed,False,-0.750574353233369,0.1016998963631021,-0.3574062434793235,-0.5573251982298472,0.144465781080144,0.1238253798636934,-0.6397805657375968,-1.14 to -0.14,0.0225170753311816,0.0,0.9075263859408408
LL_range,Lower lip range,True,-0.94542482767427,0.0512343055799942,-0.5466912178158808,-0.3930037163747097,0.296630535630135,-0.2849489960519901,-0.6358705844175356,-1.17 to -0.10,0.0339842631405287,0.1233742262926013,0.8551632113206687
UL_speed,Upper lip speed,False,-0.933212914923566,0.0382681702863892,-0.5028125023371137,-0.174455008153989,0.6618263880637342,0.6165310551087442,-0.5473746226572608,-1.29 to 0.20,0.1862661695785093,0.5585453194984877,0.8791255749579922
LA_range,Lip opening range,False,-0.8099916009639482,0.0669823655875938,-0.4709909032800566,-0.0460783284016921,0.8796185605091613,0.3378902277568203,-0.4010555921623934,-1.15 to 0.35,0.2925096160026802,0.6121305386394739,0.8468115669448427
LA_speed,Lip opening speed,False,-0.6991892238239273,0.0820241717095883,-0.3098227679625223,-0.0653824840643217,0.8789911923280888,0.7069801644098092,-0.386343136177035,-1.01 to 0.23,0.2386723394758858,0.4201978980762547,0.876485225036236
UL_range,Upper lip range,False,-0.541257749547981,0.2376360935055278,-0.2690671303900957,-0.1764386524176176,0.6124799027907514,0.4868283149362313,-0.3032094563270866,-0.77 to 0.17,0.2364010629853622,0.0,0.8214276192331975
