measure,label,scale,n,rho,p,rho_adj_rate,p_adj_rate,q
TB_space,Tongue body working space,updrs2,16,-0.8698003340125936,1.197189782731175e-05,-0.6705882352941177,0.0044672086977381,0.000538735402229
LL_range,Lower lip range,hy,16,-0.8134956730579663,0.000126530669835,-0.3294117647058824,0.2128014262162131,0.0019197086495167
TB_space,Tongue body working space,updrs3,16,-0.8131669790506053,0.0001279805766344,-0.5235294117647059,0.0374126481301493,0.0019197086495167
LI_range,Jaw range,hy,16,-0.7843265054981188,0.0003219623953148,-0.3205882352941176,0.2260454222079824,0.0031867504754225
TB_space,Tongue body working space,hy,16,-0.781085486880358,0.000354083386158,-0.3794117647058823,0.1472271338628926,0.0031867504754225
TD_speed,Tongue back speed,updrs2,16,-0.7511911975563309,0.0007955655943035,-0.3558823529411765,0.1761037380915931,0.0059667419572764
LL_speed,Lower lip speed,updrs2,16,-0.74328392179258,0.0009677631745244,-0.0970588235294117,0.7206513082372035,0.0062213346933717
LL_range,Lower lip range,updrs2,16,-0.7243064599595779,0.0015079940674512,-0.2411764705882353,0.368206608042634,0.0075458144624211
LI_speed,Jaw speed,updrs2,16,-0.7195620945013274,0.001675688473241,-0.238235294117647,0.3742541297279884,0.0075458144624211
TD_speed,Tongue back speed,updrs3,16,-0.7181417190466074,0.0017287413499154,-0.2294117647058823,0.3927204908816197,0.0075458144624211
LI_range,Jaw range,updrs3,16,-0.7103527633085748,0.002044511500033,-0.2088235294117647,0.4376585109498003,0.0075458144624211
TT_range,Tongue tip range,updrs2,16,-0.706910453279326,0.0021982198843503,-0.4088235294117647,0.1158878381487835,0.0075458144624211
TB_speed,Tongue body speed,updrs2,16,-0.7053289981265759,0.0022719087020405,-0.3617647058823529,0.1685588225038843,0.0075458144624211
LI_range,Jaw range,updrs2,16,-0.7037475429738258,0.0023475867216421,-0.3029411764705882,0.2540668806096114,0.0075458144624211
TT_range,Tongue tip range,updrs3,16,-0.6947748518325095,0.0028165823033675,-0.3558823529411765,0.1761037380915931,0.008170926533319
TB_speed,Tongue body speed,updrs3,16,-0.6932170606849031,0.0029052183229578,-0.2588235294117647,0.3330723066336081,0.008170926533319
TD_range,Tongue back range,updrs2,16,-0.678444260529823,0.0038630501045428,-0.2235294117647058,0.4052983472827589,0.0102257208649664
LL_range,Lower lip range,updrs3,16,-0.6729657757660182,0.0042768890789065,-0.0529411764705882,0.8456104411493658,0.0106922226972662
TB_range,Tongue body range,updrs2,16,-0.6610482538495711,0.0053003374869534,-0.4411764705882353,0.0871536362605108,0.0125534308901529
LI_speed,Jaw speed,hy,16,-0.6482037235521644,0.0066134979336972,0.1205882352941176,0.6564245147485952,0.0148803703508188
LA_speed,Lip opening speed,updrs2,16,-0.6436522471693192,0.0071364595309215,-0.0117647058823529,0.9655081698956276,0.0150708461735084
UL_speed,Upper lip speed,hy,16,-0.6417216863166426,0.0073679692403819,0.1411764705882353,0.6020026838819791,0.0150708461735084
TD_speed,Tongue back speed,hy,16,-0.6287576118455994,0.0090814675755844,-0.0941176470588235,0.7288144270239805,0.0177680887348391
TD_range,Tongue back range,hy,16,-0.6255165932278386,0.0095554884015839,0.1411764705882353,0.6020026838819791,0.0179165407529699
TB_range,Tongue body range,updrs3,16,-0.6075385475665442,0.0125510757780225,-0.2470588235294117,0.356275041512577,0.0221969009288696
TT_range,Tongue tip range,hy,16,-0.6060704815212736,0.0128248760922357,-0.1617647058823529,0.5494831434036929,0.0221969009288696
LL_speed,Lower lip speed,hy,16,-0.6028294629035129,0.0134459161226819,0.3176470588235294,0.2305734636218454,0.0224098602044699
LA_range,Lip opening range,hy,16,-0.5801423325791871,0.0184791417754732,-0.0411764705882353,0.8796536149318311,0.029698620710582
TB_range,Tongue body range,hy,16,-0.5736602953436655,0.0201560086427866,-0.1999999999999999,0.4576879050751998,0.0312765651353586
LA_speed,Lip opening speed,hy,16,-0.5606962208726222,0.023860793490074,0.3205882352941176,0.2260454222079824,0.035791190235111
TB_speed,Tongue body speed,hy,16,-0.544491127783818,0.0292033011616979,0.0999999999999999,0.7125163701282782,0.0413029569666371
UL_speed,Upper lip speed,updrs2,16,-0.5440205725460586,0.0293709916207197,0.1529411764705882,0.5717446192454616,0.0413029569666371
TD_range,Tongue back range,updrs3,16,-0.5389957370718572,0.031207810361013,0.0411764705882353,0.8796536149318311,0.042556105037745
TT_speed,Tongue tip speed,updrs3,16,-0.5358801547766442,0.0323897880227067,-0.3058823529411765,0.2492542989289185,0.0428688370888765
LL_speed,Lower lip speed,updrs3,16,-0.5218600344481854,0.0381341984968317,0.3,0.2589364525624988,0.0490296837816408
LI_speed,Jaw speed,updrs3,16,-0.5171866610053659,0.0402099787578891,0.2470588235294117,0.356275041512577,0.0502624734473614
TT_speed,Tongue tip speed,updrs2,16,-0.5076471040328046,0.044709571929333,-0.2235294117647058,0.4052983472827589,0.0543765064005402
TT_speed,Tongue tip speed,hy,16,-0.4796707554286016,0.0600809518211206,-0.0735294117647058,0.7866792491258565,0.0711484955776429
LA_range,Lip opening range,updrs2,16,-0.4412259876172975,0.0871140184607607,0.0,1.0,0.1005161751470315
UL_speed,Upper lip speed,updrs3,16,-0.4330659390346135,0.0938183033098664,0.4647058823529412,0.0697436755737558,0.1055455912235997
LA_speed,Lip opening speed,updrs3,16,-0.4003523249348766,0.1243878157590426,0.5147058823529412,0.0413458064422489,0.1365232124184614
LA_range,Lip opening range,updrs3,16,-0.395678951492057,0.129257202482235,0.2617647058823529,0.3274104118125859,0.1384898598023947
UL_range,Upper lip range,hy,16,-0.3338249176293646,0.2063681644246052,0.0677467597749403,0.8031358772919064,0.2159666837001682
UL_range,Upper lip range,updrs2,16,-0.3147095753972838,0.2351525267109337,-0.0530192033021272,0.8453854450788838,0.2404969023180004
UL_range,Upper lip range,updrs3,16,-0.2570355393550764,0.3365415041472115,0.038291646829314,0.8880338394958089,0.3365415041472115
