cohort,sid,label,male,hy,updrs3,updrs2,TT_cxx,TT_cxy,TT_cyy,TT_space,TB_cxx,TB_cxy,TB_cyy,TB_space,TD_cxx,TD_cxy,TD_cyy,TD_space,LI_cxx,LI_cxy,LI_cyy,LI_space,LL_cxx,LL_cxy,LL_cyy,LL_space,UL_cxx,UL_cxy,UL_cyy,UL_space
IPVS,IPVS_EHC_49649a7c,0,0.0,,,,1.121063027621943,-0.5815239127065439,1.401997066882827,1.1106561193579305,1.0871979207321183,-0.8186450983224173,1.5132925044453198,0.9874556533258247,1.2140225941519467,-0.4575359002304012,0.9785560524749298,0.9892674346955221,0.9321506766684405,-0.8875316915841244,1.2447466298812482,0.6103924227563683,1.2715811679389823,-0.9452990701782138,0.9959666994567448,0.6106244073436184,1.594146914139309,0.8455918709019495,0.9651922055741747,0.9075420452694877
IPVS,IPVS_EHC_7a274592,0,0.0,,,,1.0438763230051253,-0.6625293642323954,1.5027988035336635,1.0629162388349518,1.0823762902613987,-0.8430230302085971,1.687254489150485,1.0561990462178557,1.277739120531714,-0.5761848400056949,1.1096729722546614,1.0420573869965588,1.106406547360855,-0.8799476095124807,1.1709768281896613,0.721989358668228,1.2632245131163715,-0.8431880733590436,0.9598567010198384,0.7082008096241744,1.8702645203067256,1.0139411608917754,1.2388151474054663,1.135268840257861
IPVS,IPVS_EHC_bde32635,0,0.0,,,,1.407648854000514,-0.6621350724421114,1.6419586222488534,1.3685314460278,1.428290091781738,-0.9098246852932529,1.7159008707936223,1.2739792989939909,1.6047047606436569,-0.6917923240712666,1.2977798066606518,1.2664820623963169,1.1715797229731801,-0.9430404904015067,1.274439992759335,0.7770345469322514,1.3525631315706914,-0.9064083046087466,0.9934621474304897,0.7225955013434727,1.7433406933080313,0.8707241111580833,1.0637412768847332,1.047044878404248
IPVS,IPVS_EHC_6f100ca8,0,0.0,,,,1.5906011173410266,-0.8082642085776388,1.5816924528215972,1.3647530003192023,1.5861183171250386,-1.0144854938839452,1.7195150561781742,1.3031398658146944,1.8253586018495227,-0.8650950448773015,1.2254997001340804,1.2200766297788406,1.2249409216216864,-0.9795684668080074,1.3308332179989424,0.8189247141317625,1.3607762382383897,-0.8355765881319441,0.9367750799037159,0.7593108946094643,1.822373779700704,0.7942406183121834,1.0387333362852966,1.1234510387063779
IPVS,IPVS_EHC_40e93a8c,0,1.0,,,,1.156059822491035,-0.5088323511833347,1.8990715902658253,1.3915926142121182,1.1230112758136768,-0.7030630293841712,1.6862402403599834,1.1829493566371208,1.305378837517732,-0.48289200206853444,1.28552826647268,1.2020468827889097,1.163588455496981,-0.9724524990328479,1.3937747585522686,0.8222629480520698,1.4178293736767198,-1.026144820764877,1.178659859708188,0.7862349378432437,2.129785245175039,1.0636284974586359,1.206528303300794,1.199308383048326
IPVS,IPVS_EHC_6d20d216,0,0.0,,,,0.9740543229364285,-0.35982297597724894,1.306972937967083,1.069387706188283,0.9590093674227756,-0.6213386013293093,1.5289687322988648,1.0393429074512777,1.0518077078079826,-0.5094197367350624,1.2838637575111536,1.044446900397684,1.1082362814925508,-0.8673525296317414,1.2195380946041654,0.7741033215560118,1.4407057374631964,-0.9322206731777496,1.1168945046938723,0.8602795694154315,1.9468590117202562,0.8712750721389825,1.1749813606091337,1.2362858889328272
IPVS,IPVS_EHC_997af7b3,0,0.0,,,,1.1476511947411878,-0.6836216640867043,1.432856489828787,1.0849335845276415,1.2325265593910064,-0.9216280662975558,1.6080120472268153,1.0641988834049694,1.4077654102758301,-0.7030856810303515,1.2744243504630317,1.140070631024756,0.9904783140464498,-0.831527098639565,1.1921236514846532,0.6995250593692008,1.2420880106772276,-0.893681008488405,1.0326807382351613,0.695711591743554,1.8578666743548689,0.9542379042281971,1.1085449190308767,1.0718949035362844
IPVS,IPVS_EHC_639d115c,0,0.0,,,,1.3644920937025933,-0.9510440743069148,1.702211430225639,1.1908690973733307,1.4815213097533133,-1.0489280428155068,1.9307947449538496,1.3267492304139739,1.7503278084211034,-0.7230677249885813,1.3468580142439508,1.3544800114456657,1.0955730857762174,-0.9825022782084614,1.4231890829156106,0.7706470842921963,1.1462956610559167,-0.8231417972608658,0.921627373007334,0.6155445072379587,1.449543244555164,0.7637678362233961,0.9625459872185356,0.9010608890063652
IPVS,IPVS_EHC_4afb35f7,0,1.0,,,,1.0518410920559542,-0.5714465346190428,1.766416555712549,1.2375129805615341,1.1009861572831579,-0.7800959131683513,1.6258421451706357,1.0869590893950243,1.3284902446783127,-0.6471344000528806,1.1597718442544334,1.0592273832434602,1.154850443421041,-1.0713481702159107,1.5783620226846826,0.8215748170138596,1.3246746678380117,-1.0215128890602057,1.1872557094217697,0.7274881304880085,1.6057446094122818,0.848916801337329,1.1399706631710547,1.0534903946796395
IPVS,IPVS_EHC_b4f61509,0,0.0,,,,1.1489872823304597,-0.5640172040755823,1.5363306924972142,1.2029584451010809,1.2243131672192529,-0.8667151132494034,1.868522368839562,1.2395408229982015,1.3528651820640367,-0.659770612106604,1.2265246380326273,1.1063567314110374,1.0912014091776503,-0.8685644654168513,1.216983287568618,0.7573438107990749,1.2742506391548156,-0.8513165999575135,0.9621986184224388,0.7080552599588905,1.7605751139472665,0.870853894973361,1.0915412329360767,1.0785888114403466
IPVS,IPVS_EHC_25e7d520,0,0.0,,,,1.3059722509601388,-0.6552323802438501,1.615119890354508,1.2961374489832274,1.3343440908776358,-0.8798343899489142,1.7608548946413454,1.2551803734208336,1.4772921532152574,-0.7403326567369944,1.4187261075009925,1.2440982692462783,1.2224142896713963,-1.0266493023241097,1.4838471862714957,0.871703627515906,1.5614815806774633,-1.0900085131777995,1.182355680725861,0.811238595274361,2.0731631091558347,0.8710975411341559,1.0728544626067023,1.2105335051948998
IPVS,IPVS_EHC_e7aed759,0,1.0,,,,0.960675541417209,-0.6532797695969188,1.688527678787981,1.0933219034909085,1.021801784145497,-0.7756751582841648,1.7750793242010572,1.1009574330051364,1.253007427995963,-0.5428137272158219,1.380625639146242,1.1980348236499565,1.149270151543711,-0.9014376853870039,1.2801499528249174,0.8115714568945165,1.3003386932773917,-0.8869002090334821,1.0425732943379877,0.7543914199019831,1.9553145719198448,0.9510018456007682,1.2139134318776361,1.2120965770364598
IPVS,IPVS_EHC_ac9bbb18,0,1.0,,,,1.2575454411990687,-0.2992918692772009,1.6391331121420418,1.4041754696893212,1.22783036525295,-0.6567008640470795,1.5640447676328961,1.220297354530642,1.3040894764570934,-0.47318297826259237,1.1724058727812015,1.1423747327007026,1.137773770841028,-0.879453357330324,1.2802635745569866,0.8265664565989462,1.4779814927972845,-1.0153312705939221,1.1175505979192832,0.7879222753186838,2.3201682973175264,1.126342474392465,1.2729358299108056,1.2979899797217562
IPVS,IPVS_EHC_99f6ef3d,0,0.0,,,,1.285185886721374,-0.6558193671706706,1.651879079816764,1.3011043915054072,1.3192051363010953,-0.8484439586082885,1.7105871891594655,1.239660540281539,1.455760107560197,-0.6725525111030402,1.3626396501571825,1.2374770961466737,1.0351428763484771,-0.9019590666298923,1.3784646362014752,0.7831843273370488,1.4329494468478519,-1.000254725407437,1.1299303606075277,0.7865262675265483,2.1618087542064943,1.0646315523125989,1.2618777605337974,1.2627343534096613
IPVS,IPVS_EHC_de4ff365,0,1.0,,,,1.2312067731667826,-0.6332108952462856,1.70945363409132,1.3052719467027556,1.242305360546493,-0.8512101874072884,1.7709641747169826,1.2147096379138318,1.5092922571225413,-0.5727491125591306,1.2959958446270916,1.2759290527381943,1.1252021820669715,-0.894550214229763,1.2937013726991724,0.8096020761618823,1.289684752975492,-0.8809923804290407,1.065233793218776,0.7730900381549849,1.955685125805385,0.980675479546219,1.1844075073165332,1.1638744557588545
IPVS,IPVS_EHC_c3e98ecb,0,1.0,,,,1.1699804346704235,-0.48616604054115,1.5386232692694877,1.250520572561077,1.1068863900221992,-0.6956786807217437,1.5848812104423204,1.1270823460731552,1.3139717153667299,-0.44149392177681857,1.2406895519289678,1.198045948960143,1.2432602666917283,-1.0246074848996327,1.4637767067316887,0.8775163364154698,1.5043686775287473,-1.0487088715950659,1.2236585230635337,0.8608386937897669,1.9051023783739094,0.9034309069528486,1.1249423600679451,1.1519301029408662
IPVS,IPVS_EHC_1390377d,0,1.0,,,,1.0728132789491165,-0.34717515085891626,1.4279240979059473,1.188008984894907,1.0499710548797068,-0.4883012220388701,1.474368267761612,1.1443801474764284,1.245512005490838,-0.3082660324565482,1.1776014871448977,1.171191206915563,1.078188185803961,-0.8286436758974989,1.074105844564001,0.6866133484771269,1.2509361624153659,-0.8397253884843344,0.9256219899691414,0.6728709325822491,1.6530745590399731,0.8267066217104894,1.1526408514384439,1.1054218329864371
IPVS,IPVS_EHC_9a2a24e8,0,0.0,,,,1.3662049936579914,-0.6757976147876458,1.681950279697315,1.356903259283526,1.3641793033335619,-0.9207838535878616,1.9884758803247748,1.3655748738494458,1.4934403495023314,-0.6865102273970278,1.4540774002855406,1.3039484531856158,1.0111963018927297,-0.8591171383001565,1.3378475273008703,0.7840562574088179,1.3038488677933155,-0.8994935067460141,1.0331030550163514,0.7334314418666842,2.0000856052567446,0.8912874544104976,1.0232663577482901,1.1190294840111714
IPVS,IPVS_EHC_7ffb735c,0,0.0,,,,1.0964820223895015,-0.4480140008616298,1.2316281140278067,1.072260015263524,1.1602354791760439,-0.5971365336531818,1.43973939099229,1.1462393652170684,1.3010278789875394,-0.4569623058509479,1.107931933061674,1.1102413178967798,1.1488772749682061,-0.8736279117029349,1.1303081318742874,0.7316827169721205,1.3225602291220653,-0.8222371747971595,0.8938783570526088,0.7114309475222025,1.486534975906909,0.6339647082307736,0.9261879909305145,0.9873700377776465
IPVS,IPVS_EHC_71d347fe,0,1.0,,,,0.8853511700472274,-0.47979855631969853,1.5088036840313979,1.0514820266568032,0.9071614479096826,-0.6833860105034631,1.619705437057558,1.001158274258611,1.0334768311999478,-0.44272719955730694,1.181565612365926,1.0124787956766836,1.1280190113086037,-0.8906116552454745,1.2159751529812124,0.7605616144551416,1.299942654584942,-0.9099147157936465,1.000499490623259,0.6874933990474736,1.999310132562423,1.0296967221579436,1.2905758276221253,1.2328771185248906
IPVS,IPVS_EHC_71d347fe,0,1.0,,,,1.094740965643347,-0.5508752826400655,1.5550681007435232,1.1827650558015985,1.0916488692092792,-0.7755688472823117,1.8172935667988264,1.1757293184838178,1.2028214311598033,-0.4901002908097637,1.357240244383701,1.1799658292194182,1.2365179427247452,-1.0023147166222053,1.3577368619779202,0.8211158262858156,1.5080720215971823,-1.0680019599679647,1.1783229237595234,0.7977265491588662,1.781670757143643,0.8860590201279562,1.0384693644276948,1.0320416230173348
IPVS,IPVS_PD_25bcde8e,1,1.0,,,,1.4133441784753407,-0.6702653123116618,1.713816793587667,1.4046200195434189,1.383070890454732,-0.8562216039734203,1.834094328254515,1.342969486118776,1.6060200682637964,-0.6152104242689307,1.2815858364436132,1.2960589131678886,1.0607154285011062,-0.9300409104017133,1.3442392503421794,0.7489186988010533,1.2707447679502915,-0.9501079516468094,1.17233202041443,0.7661786093723417,1.8853155391017669,0.9707783833850222,1.1976924298169667,1.1470036963108892
IPVS,IPVS_PD_215587d2,1,0.0,,,,1.1689668690647785,-0.6417811605271712,1.4314672526724854,1.1231450193620203,1.1318677855572155,-0.8536300660282095,1.5446160431210638,1.0097607888189468,1.2841045055011364,-0.5915150066778616,1.1005988269775668,1.031209924964868,0.8849440745520298,-0.7905367998552738,1.2204271866985505,0.6745823710753706,1.1677349571147255,-0.879410654382392,0.9842351462826142,0.6131579627582662,1.5351641840170167,0.708965468431177,0.819973185477089,0.8695754313289509
IPVS,IPVS_PD_e50b4a59,1,0.0,,,,1.5202749258004353,-0.56010517948704,1.644136187463712,1.4784523016702285,1.5242232319089652,-0.8112306851992404,1.9021324034273757,1.497056837552273,1.6812317693146634,-0.6844928425386682,1.3915328488405438,1.367829953623255,0.9745516363017012,-0.878314608101659,1.4081219665765352,0.7751458029524257,1.328080482105235,-0.9577256656706782,1.1656293434325586,0.7942361926389261,2.195590842382735,1.0899156407378419,1.3823597655524429,1.3591101273260777
IPVS,IPVS_PD_55bc13c6,1,0.0,,,,1.6396921785088694,-0.8052797457424404,1.563773058309708,1.3840632152363248,1.635456631803289,-0.9773549830215786,1.6252753566954055,1.3049308785437055,1.8737556364295116,-0.7349430924386843,1.1782006326300571,1.291324408160881,0.9942443513152202,-0.8552031978773404,1.2803745154024475,0.7359569415714592,1.458832101868712,-1.0758392713181957,1.1888722251013926,0.7595622616267417,2.2466586637405204,1.1166042374343292,1.258472378776864,1.2572004016070324
IPVS,IPVS_PD_b85147c7,1,1.0,,,,1.1143768433841634,-0.41705177004538235,1.3701669877539273,1.1631638680015912,1.0737609900605984,-0.5482684135904097,1.5867487369276114,1.184563481371873,1.2488380026432488,-0.3128367487801969,1.1997383178601755,1.1833900342590808,0.8692433145376457,-0.69223403904481,1.129718864297475,0.7090928044236173,0.9456328103970657,-0.6795552559749315,0.9319553544516788,0.6476821867795809,1.3234067217752277,0.774471841950916,1.0699648602306588,0.9034334807376254
IPVS,IPVS_PD_a0fceda0,1,0.0,,,,1.0278450256992124,-0.4746166310338326,1.399334933540586,1.1013802723278296,1.0495099762868023,-0.7273954354293165,1.572611873450355,1.0589465192019005,1.1709779310725363,-0.5431725374035463,1.1688120671972595,1.0361547813284724,0.8922650211145842,-0.7703089038430302,1.149485133608748,0.6574721056215689,1.2785495852011604,-0.9086714249977358,1.0168524664183243,0.6887761178659649,2.0419358582918363,0.9124750464021961,1.1129103862398098,1.199950379983187
IPVS,IPVS_PD_69229acc,1,1.0,,,,1.1084573028805431,-0.36300942622809773,1.467548823614127,1.222677131273165,1.1035054493577787,-0.5899098111206801,1.5858967504533181,1.1840828184665098,1.2421409679064408,-0.4121421664684635,1.2315359426696162,1.166138963613638,0.8678964627278255,-0.7219088396326792,1.0254356642069042,0.6073052057905721,1.2153433311898667,-0.916301191796222,1.0923488805934125,0.6985492489973365,1.8297508559900315,0.9287662243400967,1.2414909487579693,1.187018292495449
IPVS,IPVS_PD_5fcdd5c0,1,1.0,,,,0.937666363453323,-0.48787567950552413,1.476474037737999,1.070708813378342,0.9815388165013443,-0.727641451869259,1.910098859182155,1.1599026214143227,1.1443823111249345,-0.46107146853503905,1.352898609690375,1.1557016650408203,1.1253453557676472,-0.8458564021626861,1.1201478586983111,0.7382954269664789,1.2988097900630733,-0.848014791121149,0.9434528128195285,0.7115031017446811,1.9829867588914065,1.0422829865596104,1.2672849624052673,1.1944268400032787
IPVS,IPVS_PD_5e7a0360,1,1.0,,,,1.028866505207044,-0.42189549064138754,1.164220164820213,1.0098669849275221,1.0608270350907805,-0.7161993683755212,1.5485385306491133,1.0629158023714,1.167566585976981,-0.5819149806195495,1.2139675802184435,1.0386351324950136,0.7829678107772937,-0.6009692274005282,0.9665501172425016,0.6289782325498318,0.8827415131706257,-0.624706342337743,0.8083250678830775,0.5685807589075232,1.1632761945648156,0.6645172884066537,1.0424619543068234,0.8781161361649782
IPVS,IPVS_PD_b85147c7,1,1.0,,,,1.102915717353964,-0.45737929615936207,1.5075618947297065,1.2056192964721832,1.0524758183938807,-0.6435152535783595,1.7813300997489816,1.2085921450079602,1.2016730846651968,-0.38979095009297793,1.2790001821388297,1.1768615506438,0.9063542003980154,-0.7523595762596411,1.2277582181603854,0.739417937375921,0.9757454832227342,-0.7382678338534616,0.9443103638593061,0.6134877160901041,1.2059816329579829,0.664288558159102,1.015432257626391,0.8850499215916511
IPVS,IPVS_PD_283812f2,1,1.0,,,,0.9451737484153027,-0.46422226273264816,1.2289914400825919,0.9726809019285638,0.9347369621067368,-0.6642069325020118,1.4370473792159433,0.9497844242079497,1.0812717089333144,-0.44951514784964186,1.1077785180947541,0.9978705844114476,0.8927618462596886,-0.6162833237397113,0.8730791553871927,0.6321761017111085,1.0044123500624198,-0.6669183004205773,0.8450754150973498,0.6356289516864636,1.3366416809601505,0.6928841321050292,1.0025804440053885,0.9273631378538814
IPVS,IPVS_PD_37ac75bd,1,0.0,,,,0.9480820782253225,-0.4376124916307259,1.2531480465580809,0.9982897933333469,0.9676108121544409,-0.6613662786184537,1.3135010822937847,0.9129909608043247,1.1126916086188148,-0.4804719495638092,1.012053895380119,0.94617682414113,0.861801093528124,-0.895926156221671,1.3680624611212389,0.6134444128092799,1.1998592677633864,-1.0469389486978313,1.2029584640025168,0.5893213889443583,1.1826929279876184,0.5299039359089174,0.7911862536884509,0.8092788182490547
IPVS,IPVS_PD_7f660571,1,0.0,,,,1.3001997211320038,-0.7248841279159736,1.6353464813198841,1.2652351718403245,1.337794377514574,-0.95304014916927,1.6530230817213796,1.141542578575189,1.5706521396402187,-0.6758019491657171,1.141961297627867,1.1562506998957223,1.0071249581925188,-0.9653925240438991,1.4340083046633116,0.7157114141900437,1.201543593945535,-0.9776209738254599,1.1572611828675503,0.6593610485408559,1.4047677136499075,0.7202812283947154,0.8960444095401034,0.8601913790201761
IPVS,IPVS_PD_d0de0fb0,1,1.0,,,,1.1661698689501767,-0.5585062055395136,1.6527540505029954,1.271008573085094,1.10402065279834,-0.800246414786023,1.7691513756311086,1.1457684461728967,1.245819189409845,-0.4880435846276839,1.286184806168643,1.1679756727586572,0.9879659958710619,-0.9159691346500185,1.3667311732443301,0.7150415855255243,1.4175296726557411,-1.0764754314172902,1.2152203988981634,0.7508739040675548,2.0606076151066177,0.9792178995405644,1.2129550144481769,1.2411916229064053
IPVS,IPVS_PD_a326f905,1,1.0,,,,1.1109403756954874,-0.7363487249534948,2.1356632843745578,1.3529172653054187,1.120760890900344,-0.8336202131223254,1.9403853929108994,1.216464303595762,1.4422358508544737,-0.45339216231942503,1.3336774089909544,1.310691771496554,1.074100885690308,-0.9814121824391845,1.5019913913848428,0.806300447690335,1.2726187293070628,-1.0014730281450623,1.1770430396673155,0.7035472915015031,1.7233252961719159,0.9172139204261763,1.314964502269795,1.1936625211952054
IPVS,IPVS_PD_c41cf2aa,1,0.0,,,,1.4845171799851646,-0.7623322347260619,1.3193705700463632,1.1736600197238614,1.5422718120536547,-1.0134808271604319,1.693875339752574,1.259076170297655,1.7704589680785847,-0.722160884636251,1.300020099301819,1.334209841139206,1.0951725799548622,-0.8465978242518921,1.1623796939749145,0.7458407955519815,1.3104068260713646,-0.9361772299071837,1.0837155487358592,0.7373468971837182,1.9864863717527992,0.956217219797277,1.163994335250293,1.1823313885435556
IPVS,IPVS_PD_8f283065,1,0.0,,,,1.2293322083992617,-0.614433119049061,1.3402423155526018,1.1269760369165187,1.3181333219172002,-0.7989346068041538,1.5624008151538655,1.1921225065804262,1.5377907043124617,-0.6622097705757511,1.3123147651110265,1.25679897623834,0.8940508482684554,-0.7074433162019172,1.0006385281252763,0.6278102254995024,1.117285989871033,-0.7376364430003173,0.871525952481996,0.6554664098754271,1.8826424546250842,0.9688296711182355,1.3212369189349549,1.244502223608266
IPVS,IPVS_PD_74add44e,1,0.0,,,,1.0043529785736651,-0.480438814181095,1.306231204299947,1.0397575422052878,0.9822812991457444,-0.7303237741554712,1.4943147010926263,0.9666770768075335,1.0849767714819085,-0.41211915671351074,1.0585810217980678,0.9892894521080432,0.8915453666664286,-0.6993985240818709,1.0277678162748116,0.6535620392287042,1.1293653939283965,-0.8276521017923923,0.9371946620471796,0.6110869145130984,1.5275795646946464,0.845388368092015,1.0715047059706844,0.9602745437684386
IPVS,IPVS_PD_fdc0ff6e,1,1.0,,,,0.8164888382778153,-0.3024322427227261,1.245764750590522,0.9621266821675873,0.8384143126116527,-0.4917797569582891,1.4598856100294915,0.991030605415678,0.9564753631730522,-0.2841802902921338,1.1030274505314634,0.9870461711320326,0.8392357669638747,-0.6612517600340352,0.9694798576977726,0.6134886158543686,0.9208465857766225,-0.728161447565052,0.991768741220705,0.6189085275814455,1.5095979940320783,0.6921707441359845,0.9841419412618871,1.0032738217127057
IPVS,IPVS_PD_0bc86f51,1,1.0,,,,0.9468474162910651,-0.2504963361642939,1.0177238672478508,0.9491474067654841,0.8526968664585524,-0.5193039343059491,1.3531669227671759,0.9403002811088038,0.9942489878506369,-0.2778996624260246,1.0027529655510783,0.9590400923250736,0.8426337365679383,-0.7085937452804569,0.887757024960167,0.4959323777049012,1.19566173984722,-0.9928084300100752,1.0905881266873603,0.5641860671025642,1.122713275578843,0.6040491162312387,0.9428262832301358,0.8328554796165967
IPVS,IPVS_PD_b3bfc7ef,1,1.0,,,,0.9875201374458105,-0.4169684352622012,1.1519880345859852,0.9817070368726469,1.003467271014591,-0.6747812901699236,1.2881643008222292,0.9150414886774886,1.1492497615316284,-0.4865841626765062,0.9519475266687137,0.9258840751665653,0.718327791076524,-0.6735186239866232,1.0625075245020124,0.5564183194511859,0.8558303482715516,-0.7334047995625462,0.9182657908468099,0.49799310393307494,0.8760821647466873,0.457338863016081,0.7054170013434065,0.6394094290524708
IPVS,IPVS_PD_9bba66a1,1,1.0,,,,1.0551489905828604,-0.6307358320752099,1.441653266172352,1.0598732465293355,1.0261869774632568,-0.7995688477786107,1.5595503590336337,0.9803468400522575,1.1949901017331215,-0.44947452536082316,1.0518858990675628,1.0271153238999238,0.7872872452553492,-0.6406221308939092,1.0542077298083805,0.6477403684630768,1.0572226380795502,-0.7902178246431969,0.9936661588776061,0.652749682095005,1.7234132076566229,1.0025353289707186,1.2886476636724402,1.1026310886939956
IPVS,IPVS_PD_babad183,1,1.0,,,,1.1245798584215059,-0.37960073018515167,1.3952618064999853,1.1937280303559883,1.1281970724177823,-0.593450339508715,1.5602264655928637,1.1866168822866139,1.2813159519440596,-0.4207799666538392,1.1777724614066432,1.154141612725035,1.0758077134259978,-0.7745547392069789,1.015843646256188,0.7020807547919303,1.2956016796887018,-0.8473444274147832,0.9701740444579056,0.734143407597696,2.042601727569522,0.946068591299677,1.2694795233524745,1.303071482333238
IPVS,IPVS_PD_e32f1f63,1,1.0,,,,1.0227507234378523,-0.32874744857553545,1.6122431825277792,1.2413089850408348,0.9713782582294671,-0.5299940229029273,1.7233146569506124,1.1802951857637853,1.1186993496203328,-0.3515923334558758,1.2750796417227477,1.1414086021072458,1.127137562000656,-0.8522780490265427,1.207822785520497,0.7968717318037605,1.1908716512778694,-0.7817511655971113,0.9870722498957683,0.7512266470589906,1.7732269969036505,0.918485025019914,1.261142510350177,1.1801174539468278
IPVS,IPVS_PD_5fcdd5c0,1,1.0,,,,0.9791677616065272,-0.40639139138776204,1.4378279422076752,1.1147738805483052,0.9782289634868581,-0.6384822209993956,1.8520027119143587,1.1849148267780736,1.0831225946064618,-0.33184557457848596,1.3723658451726768,1.1731662156767872,1.1283922797541182,-0.7374901661696369,0.9897047312307261,0.7568906346097547,1.1515116053817287,-0.7321760746196745,0.8791511901699387,0.6901238976592308,1.6294784161828493,0.8758083083998403,1.1639984003373347,1.0628593871057737
IPVS,IPVS_PD_131a10e3,1,1.0,,,,1.1432181286269203,-0.4833728400427343,1.4269021642193385,1.182206039327137,1.128019659889201,-0.7962050152965234,1.8386247185473148,1.2000260010917607,1.2591084774889731,-0.4967056528806661,1.128672726323153,1.083699632010856,1.018233790688944,-0.7807520082718993,1.0533362020177746,0.6804181180934632,1.2596932270742096,-0.8310946088755528,0.9451295291746805,0.7070042557914158,1.8426305715425777,0.9060504967220891,1.0741655073361074,1.0762725956298014
IPVS,IPVS_PD_b133cb84,1,1.0,,,,1.087040358047467,-0.2830691686960362,1.3550058729897405,1.180177069369221,0.9652527019259645,-0.4889532446078924,1.4624676461756394,1.082855286516973,1.0636379046241875,-0.2250469246348425,0.9968592802979557,1.0048140115532291,1.1036732822653004,-0.8325040794659062,0.9558760710039547,0.6015910890267724,1.3906693726772967,-0.9371628323730393,0.9989019507715273,0.7147504283763042,1.7942823215888213,0.9195596622326107,1.2620601122293866,1.1911768028929373
IPVS,IPVS_PD_283812f2,1,1.0,,,,0.9198614607886509,-0.4055754468260272,1.1904016404016062,0.9646310946661922,0.9305060208687979,-0.6194348275432334,1.4597245443870266,0.9872096898777765,1.0745853428875742,-0.4136086636809287,1.0200641253841451,0.9618075853679422,0.9598756648486264,-0.6342101129365707,0.8835855590288605,0.6677647853641692,1.1929786916410354,-0.7828511223346539,0.9228343630806207,0.6986170992243748,1.6866467078788945,0.863403029576825,1.1012068808038789,1.0544582346963811
MDVR,MDVR_HC_5b90506a,0,0.0,0.0,0.0,0.0,1.421668836727713,-0.2956328216333282,1.5061054469297617,1.4331030714847497,1.3105608086948173,-0.5555613728924428,1.5538074160429067,1.3144240809856842,1.402341879459977,-0.38102681854963916,1.1081365959529297,1.1869308826603817,1.0884324346879015,-0.9880422873574188,1.3645830077371255,0.7134625735373782,1.2520636962301135,-1.0498166729891794,1.2728328966712708,0.7011082758058443,1.206807362411422,0.6716426627579257,0.9703697487806573,0.8484960168753075
MDVR,MDVR_HC_2167568d,0,0.0,0.0,0.0,0.0,1.3259933392251348,-0.1859349575606093,1.4204531823024895,1.359757202581101,1.2672307153299736,-0.5891167861833846,1.4673342118761687,1.2297936392667432,1.3017270765639661,-0.41146122889644815,1.2198470495425022,1.191053143554546,1.1342781703714957,-0.9509342805425234,1.2802859303076704,0.7402191409784173,1.3122808841627207,-0.9459035082202207,1.1472689135038394,0.7815405410609876,1.7080131562339234,0.8801358453322013,1.1706952734856084,1.1067627671798783
MDVR,MDVR_HC_1904eca9,0,1.0,0.0,0.0,0.0,1.3846282772180594,-0.12181124577860873,1.138167484861065,1.2494402363261123,1.3666332133470762,-0.5013334074278996,1.3669311978883958,1.2715181437916323,1.5056916750748033,-0.37165663931401094,1.212351595160583,1.2989607563551575,0.9750886379228221,-0.7762058362683478,1.0371158684143091,0.6393624943982937,1.0259198665349563,-0.7697911927622939,0.9506125535584116,0.618606355947548,1.1836596015879373,0.6513474124167622,1.035370770797027,0.8951385939592779
MDVR,MDVR_HC_d6afd10c,0,0.0,0.0,0.0,0.0,1.459266451179847,0.0737008562541885,1.1749873172762506,1.3073590770903158,1.347253407748939,-0.27204214605972127,1.2049896470700139,1.2447567951549767,1.367506340441057,-0.32730420560131634,1.1141288157532157,1.1901471239331294,1.044582277533931,-0.8184319947595632,0.9617723159254143,0.5786357975379116,1.0096049724575336,-0.7473027308518506,0.8992735149715263,0.5911426568739424,1.0895484603154506,0.687257185757051,1.1550180400549552,0.8866372921345822
MDVR,MDVR_HC_a92e7b26,0,0.0,0.0,0.0,0.0,1.4422975427603746,-0.3014871642215726,1.3249305534321585,1.349092128563865,1.409474633675527,-0.5548470761219361,1.214713876012379,1.1850118638781917,1.5250380914614434,-0.3934147995054522,1.1428820418206893,1.26022356879796,1.268190991198106,-1.0037848827419125,1.2797319927097315,0.7844491656450956,1.3432771078326156,-0.9319533970194623,1.0269668034434367,0.7148173636345792,1.5527771620964876,0.8285869447764775,1.0932510001702396,1.0054943363587254
MDVR,MDVR_HC_139c2848,0,0.0,0.0,0.0,0.0,1.3755515837284085,-0.044974440520361085,1.2057355196714292,1.2870620433147386,1.2855730725331922,-0.44408069434461334,1.3573040408034582,1.244068271039747,1.3573481585979874,-0.329980002993482,1.3134964920236802,1.2938258160964635,1.1136798769917216,-0.8990164833758116,1.1432713998906334,0.6819147414574221,1.193718099032523,-0.8829948961712536,1.0678315832508967,0.7035694002588988,1.274976837164838,0.6842203307278232,1.1032961996004735,0.9687722322823389
MDVR,MDVR_HC_f9f5c386,0,0.0,0.0,0.0,0.0,1.353235228661025,-0.46069533405176194,1.4572427503080574,1.3265564577546938,1.3848977981302215,-0.8105520688445789,1.6569327886263052,1.2797218112973268,1.5359420063942224,-0.6088441165049888,1.2676408673791475,1.2555204892899596,1.1748527275805547,-0.9352707801499547,1.234271152078652,0.7585218503057727,1.3729888121799294,-0.9799609421163444,1.0887860731612644,0.7311413332825472,1.5707965040318657,0.8583645438384605,1.1638546970174777,1.044695744777929
MDVR,MDVR_HC_b27d917b,0,0.0,0.0,0.0,0.0,1.3276767599273558,-0.19007761731882056,1.422620227498766,1.361120976859544,1.281737194202822,-0.5588632594268393,1.486477191487248,1.2621192344331678,1.330841383221561,-0.4240795014185777,1.2213927214730054,1.2023462709961936,1.0953133275292743,-0.9231132761805346,1.1714406429140367,0.6564727168226003,1.1139185709243422,-0.8605630614984651,1.081421315542393,0.6812095885705761,1.2459310584605992,0.6978774833467571,1.0775923294228091,0.924971767041773
MDVR,MDVR_HC_ebc73fbf,0,0.0,0.0,0.0,0.0,1.5496305104150765,-0.1342103569619502,1.3317763092415498,1.4302967461099936,1.3907088484358623,-0.4343144603176431,1.3840179085558282,1.317625478419904,1.482319552335244,-0.33937776326332175,1.221318637866022,1.3020012405303754,1.1277296023374552,-0.9076640787397664,1.2010442477791017,0.7284223171369102,1.3544544746878868,-1.005222864462827,1.153970302448659,0.7433217557489281,1.5906675842290323,0.7883783078238878,1.0856065950276932,1.0513319474307576
MDVR,MDVR_HC_14dfe758,0,0.0,0.0,0.0,0.0,1.282534200820299,-0.14752403290008528,1.2358147541871012,1.2502845067584347,1.2269008767280274,-0.5022852142999141,1.3858206364625916,1.2033179618701932,1.3067517467420504,-0.34314589062942674,1.1468442324810606,1.1751134420896603,1.0848815149595556,-0.8758045699652528,1.0897400438735296,0.6443641710535946,1.205216376863022,-0.9204937524123789,1.0711256266715632,0.6660551018587076,1.219032179537806,0.6689102515628769,0.9971736232598426,0.8764392795249114
MDVR,MDVR_HC_98b28927,0,1.0,0.0,0.0,0.0,1.3209772257273489,-0.23723440263833603,1.5962585317868343,1.4325993875009913,1.28320995412946,-0.5817072348301777,1.5641886476630908,1.2918200864531428,1.444883704798358,-0.45320458109086026,1.3938010199268394,1.3447996092733965,1.4727064463087207,-1.2750549065176673,1.639356816407262,0.8879900543859369,1.5755129868632036,-1.213177134337739,1.3852731485010048,0.8430403765753356,1.4387491377426496,0.7174284981290592,1.1027163287345336,1.0352915131564795
MDVR,MDVR_HC_7b342eb8,0,1.0,0.0,0.0,0.0,1.1998302519278081,-0.18287152463073159,1.2972218750651914,1.2341005042722266,1.16699855415271,-0.48677756659113064,1.3208039015803927,1.142113761464765,1.271406628012338,-0.3854129079506585,1.0104499581946758,1.0659032153570593,1.1924412800732727,-1.002782401566328,1.240230400756984,0.6879893762067213,1.1728602379638122,-0.8901327670952378,1.0382623863033171,0.6522272045935826,1.300927509595859,0.726108024562198,1.0567019681650602,0.9205757961712859
MDVR,MDVR_HC_b92850b6,0,0.0,0.0,0.0,0.0,1.252748061791697,-0.038999966970466676,1.1088106614977358,1.1779386272898773,1.2052640662233303,-0.32261144920373624,1.1104136260354613,1.1109741198371623,1.2912740567117305,-0.25929603839580884,1.1160330097710707,1.1721220228387197,1.28155485254207,-1.0373058664075747,1.226635589557703,0.7042707800376982,1.2623328859615457,-0.9243887045351082,1.0410639151302992,0.6779931706033333,1.2895738930071285,0.698445907160353,1.034786963607748,0.9201128017061936
MDVR,MDVR_HC_036b857b,0,0.0,0.0,0.0,0.0,1.2110115525576297,-0.3974951813158094,1.5350724214335636,1.3042193133056157,1.195600821921662,-0.6020302831958676,1.6926401318315754,1.2889070839088927,1.3458457845616139,-0.47035882776093707,1.2311471588390894,1.1982056530687681,1.1209143841053,-0.9909027649252549,1.3618125893740756,0.7379614016658125,1.4224082606100945,-1.0805635341669386,1.2205799001930666,0.7540194834338951,1.5240931012009207,0.799175481824212,1.098274093716028,1.0174431279984795
MDVR,MDVR_HC_0ea9a23f,0,0.0,0.0,0.0,0.0,1.793944026196054,-0.33364025303499517,1.4439859414700453,1.5745202873148434,1.702857881399549,-0.5526433885094778,1.5169109033502932,1.5091948092568166,1.9837144952523733,-0.41542966995774105,1.2181018043214504,1.4979266988889457,1.2622267846004507,-1.070442668904181,1.310056414757223,0.712559322887223,1.2530528891765147,-0.9754212999354014,1.0895639578164036,0.6432997380045902,1.2866518338249748,0.7297723056536705,1.0031107858765167,0.8706817524667424
MDVR,MDVR_HC_7f650938,0,0.0,0.0,0.0,0.0,1.0903290299413884,-0.2974869326893,1.321294131086742,1.162818503935231,1.0820268470852523,-0.5366497727474531,1.489917952594049,1.15071206045264,1.2010818226265088,-0.38992132665499624,1.1642510730416087,1.1163879969899764,1.0559804962032653,-0.9483286258085042,1.316331171073703,0.7004947256549389,1.2653735926288892,-0.9967955257283727,1.2351548971066384,0.7545403034251318,1.388323544864596,0.6806391025433615,1.0592726622236244,1.0036650783430834
MDVR,MDVR_HC_9be326ef,0,0.0,0.0,0.0,0.0,0.9921863102375418,-0.19403141626183748,1.1877314935833645,1.068083675408827,0.9945726769427364,-0.43022095812021555,1.194028483783068,1.0012282620142754,1.0709388511896323,-0.33304130899574536,1.0263525763254773,0.994104791009442,1.2083434417961523,-0.9787799531670991,1.126404920025138,0.6348809346621666,1.160559049586483,-0.869595183502605,0.9866600024686296,0.6236035692321369,1.0567065247041283,0.6085793328015717,0.9970182288068646,0.8265511861439442
MDVR,MDVR_HC_38c3a695,0,0.0,0.0,0.0,0.0,1.2969868374741922,-0.053565412229437885,1.2338793850530452,1.2639050866490096,1.2665947843657477,-0.4211007092945747,1.231838574110103,1.175973854207653,1.3744230140842342,-0.35593382691454645,0.9784072987805933,1.1036560240627522,1.189797475602293,-0.9807006203157914,1.1828464196739474,0.6675132788682897,1.126298757350914,-0.8503178295378915,1.0304437314368324,0.6614734182167207,1.263557998389905,0.7415408584011359,1.1135750409226852,0.9258422139257484
MDVR,MDVR_HC_c1be5c84,0,0.0,0.0,1.0,1.0,1.4941900236673353,-0.2783270544813042,1.269254279671792,1.3487183297213776,1.4889950779326109,-0.689719981256135,1.3101222518803814,1.214517160025297,1.6436100812819838,-0.5111790937691492,1.1735017358780369,1.2913075611892004,1.1923284729644268,-0.9209555030638753,1.1182504294948838,0.6965362792904715,1.2692941185147566,-0.9333266671522067,1.0332031257171062,0.6635811804793288,1.3838874326620998,0.7668044010513113,1.1107177985591978,0.9742275982482365
MDVR,MDVR_HC_d2e37ffe,0,0.0,0.0,0.0,0.0,1.084338126037259,-0.5704761133231344,1.2980631586529332,1.0402386154433305,1.1367615725943323,-0.679148547196855,1.2746460539322022,0.9938440036592924,1.2748087735005658,-0.433655451028208,0.9663297489644348,1.0216792999116613,0.9687719416543745,-0.6845914955494962,0.979104880501127,0.6927220368861202,1.1664181044591815,-0.7648832303554265,0.857289097153675,0.6441359853296198,1.4747994295219438,0.8045349019782748,1.1258040689687747,1.0065082166417916
MDVR,MDVR_HC_b850ba3e,0,1.0,0.0,0.0,0.0,1.2980270580125401,-0.34716019561703004,1.1412394844261018,1.166550268542469,1.3074680024283782,-0.6183752789566292,1.298894200340548,1.1471157831101326,1.471827718499238,-0.45166530484908024,1.1112619136735453,1.1964884201081174,1.1435136189520014,-0.8945345068155727,1.1552751842903783,0.7217208068149007,1.2502410956257541,-0.9103405439034336,1.1488304920213062,0.7794839236049662,1.4668649076019864,0.8837412310362586,1.2458032194608097,1.022949881944935
MDVR,MDVR_PD_17dab8cc,1,1.0,2.0,0.0,0.0,1.4559060983089993,-0.08784960128679925,1.1334346135265927,1.2815837129979535,1.3654490448419339,-0.5567457310653391,1.3986042038029771,1.2648149924535246,1.471812283565231,-0.396134127559941,1.3641901279058668,1.360481363471254,1.2055547975946,-0.9345112152225331,1.1440516658661772,0.7112705273694171,1.112397065424752,-0.873032829683085,1.0586016212238902,0.6445145577866227,1.1558674705440755,0.7308592575385283,1.0178445090832549,0.8014599826513293
MDVR,MDVR_PD_39af23a9,1,1.0,2.0,1.0,0.0,1.171525317082246,-0.15906130680530622,1.3006392090410124,1.2241042694389894,1.1358171021511532,-0.5240999834972627,1.4961220228195138,1.1935829203375652,1.254171865169566,-0.38436308340683295,1.3815140970771713,1.2589365083288817,1.1793622391997718,-0.9780315890647372,1.2377390335635121,0.7093637212036785,1.3139853802611805,-1.0385178384884892,1.1909434416779956,0.6973972829198694,1.3072984179561746,0.723999280516699,1.0526466098479519,0.9230104493083814
MDVR,MDVR_PD_176dc637,1,1.0,3.0,1.0,1.0,0.9484030977979497,-0.1985997195937317,1.130221431767272,1.0161021889864257,0.9213583143409689,-0.4346069713232106,1.112311093901839,0.9143051213776633,1.0525630395503702,-0.32772248115449193,1.0282679675895277,0.9873777558686738,1.1421067454483815,-0.9196456936714057,1.1388571966199312,0.6744985429737386,1.2226040576138637,-0.9012883471239234,1.0192229147484286,0.6586238581490077,1.1780297521263852,0.6482556795006196,1.0270838530829094,0.8886506123643096
MDVR,MDVR_PD_05c2223e,1,1.0,2.0,0.0,0.0,1.4006332596903703,-0.12793488623138324,1.274765008678005,1.3300792962560015,1.3611440526167096,-0.3937667638389612,1.284381337950772,1.2622106619496514,1.6159143750698532,-0.28027415313992604,1.1882196317756129,1.3570215852403078,1.3197183710888793,-1.0434512734484804,1.2666506922695318,0.7634341021196868,1.1150561148967908,-0.8177956604814023,1.001088582800293,0.6689396112524775,1.148565816268649,0.7133645816377442,1.0819411439367472,0.8566163591743693
MDVR,MDVR_PD_d4e614cb,1,1.0,3.0,2.0,2.0,0.6717188355781835,-0.10348662403179057,0.7312967756577737,0.693192857185807,0.6684186910710794,-0.3204103986075116,0.8612568608028462,0.6877625753397758,0.7085629137032123,-0.256147739626053,0.7087352699702784,0.6607358499573313,0.6313333652434993,-0.5334409458133536,0.6489455587149305,0.3537537855247272,0.6459325275462034,-0.5290442846482447,0.6525716703001468,0.3763368348740907,0.5705327393389394,0.3106745974066452,0.5643916756545679,0.4748528438342912
MDVR,MDVR_PD_dbaf231d,1,0.0,2.0,0.0,0.0,1.4128821036664512,-0.2546472963784201,1.165249850404803,1.2575831640031272,1.3398909019901246,-0.5145542871431266,1.3056964617080666,1.2184927966081558,1.4653064039082153,-0.37931534215374246,1.2106250458454917,1.2767366618123979,1.3036173566624965,-0.9987148307583299,1.2122486724346877,0.763463880481774,1.3972719477743627,-0.9982496029519767,1.068303145043806,0.7044201491262564,1.3547451041383753,0.6904754442456329,0.9939020354695091,0.9325918600541606
MDVR,MDVR_PD_403dc949,1,0.0,2.0,0.0,1.0,1.1751399093321875,-0.5603308588995267,1.3395637324222949,1.1225881398038824,1.1625929891556743,-0.6767724529854707,1.294845564052308,1.0234048180884077,1.4127769982070304,-0.42382715202487775,0.9174680898196838,1.0566685190222487,0.9779489275200592,-0.8007065896193266,1.138319558232301,0.6870861288721913,1.0487260638137033,-0.783348167774004,0.9038389798282525,0.5781393808432248,1.3205754731106467,0.7638484667939077,1.0798849764880758,0.9179352556185085
MDVR,MDVR_PD_061277ea,1,1.0,4.0,3.0,3.0,0.9694068273895988,-0.3151606438774885,0.9722206117748373,0.9182325780183073,1.0169197394175513,-0.5920942491414926,1.1267496657724894,0.8917613899691694,1.151973926347844,-0.35059694033556504,0.9852832502214316,1.0060330013223662,0.6472144757196592,-0.42009798316738356,0.5662516558454809,0.4358944288495994,0.7060851134323204,-0.5011073957444041,0.5936185449863041,0.4099226702714119,1.038417576709534,0.7286152794029138,0.9347665533494985,0.6631725218515342
MDVR,MDVR_PD_7139a675,1,1.0,3.0,1.0,0.0,1.0751331186642283,-0.12931811251389147,1.2087739890448526,1.1326384129005322,1.0785244950043893,-0.3047431022091571,1.1529043636755065,1.072644973081691,1.3159846328863234,-0.21609863187463121,1.1115479073350232,1.1899921621892113,1.1192172055564331,-0.8312549804856473,1.0428791148836112,0.6900894189241042,0.9173951789879002,-0.6623805759330711,0.8342498239398483,0.5714794302339276,0.9612910340636059,0.6381537518632451,1.1467871485242087,0.8337601530647495
MDVR,MDVR_PD_5b73ed20,1,1.0,2.0,0.0,0.0,1.174161246781757,-0.1086547794453606,1.1414456804767434,1.1525777293640131,1.1699797209119802,-0.5132113006415001,1.441827106550983,1.193114678737843,1.2208179259164593,-0.3933336594170333,1.3042431076860737,1.198971224836424,1.1174244430386855,-0.8863378298295357,1.0562493435312363,0.6282388763984906,1.1430348157220198,-0.9095325356631857,1.0897385115387985,0.6468072551324966,1.1757767896646147,0.7123880133595615,1.0426035868483372,0.847568532131159
MDVR,MDVR_PD_db446da0,1,1.0,4.0,1.0,1.0,0.8890518559114877,-0.368905055625916,1.123520215673978,0.9288577893481138,0.9679064867052333,-0.5694574277186191,1.2905686068736975,0.9617005584626026,1.1399998686668076,-0.37555953708798695,1.2134813908040916,1.1145957384848268,0.894416892215562,-0.7372112650429963,1.01660325831766,0.6048030072795609,0.8845968630729292,-0.6772070354000187,0.8545513912765607,0.5452743449517599,1.1612638902148946,0.7147977877409674,0.9788691301252785,0.7910685790126984
MDVR,MDVR_PD_7a66b834,1,1.0,3.0,2.0,1.0,1.031296395294599,-0.2620611037662645,1.031533588906273,0.9975674662683959,0.9944087034634049,-0.4533845836878948,1.1249687262896806,0.9555737082092378,1.1916241914084469,-0.20830818453234623,0.8701693023697878,0.9967559839708456,0.9500411418826581,-0.7502597460422024,0.9517274818231377,0.5842008020030874,0.8991879712226224,-0.690002511966119,0.8680366978616673,0.551746944511216,0.9259874330225222,0.5414473180174331,0.8111249920452205,0.6767025572998052
MDVR,MDVR_PD_1b9c26aa,1,0.0,2.0,1.0,1.0,1.129711108985923,-0.18929335454307683,1.2121697291406215,1.1548028554313705,1.1285252696845072,-0.5047550302574549,1.3732317724087464,1.1379583101883435,1.1765602893141436,-0.4174634593524165,1.2584243487932842,1.1429507320972776,1.2167024366507444,-0.9950707131225209,1.204907608542606,0.6898175839587214,1.192786359600201,-0.9008155891650462,1.0828767840839182,0.692944392790836,1.3295001217910403,0.7100313805581883,1.106045405674969,0.9830274361247121
MDVR,MDVR_PD_fdffd473,1,0.0,3.0,1.0,1.0,1.0622756107794944,-0.39792946749391284,1.2946440554973466,1.1031413978704165,1.0140833935066875,-0.5593781272806613,0.9481198180684586,0.8053376144684824,1.3112426131301684,-0.3155303939226747,0.7876853672093438,0.966067901203108,0.8093451021526595,-0.7367354702447593,1.051713421791868,0.555355700140636,0.8993182213538774,-0.723868115693732,0.8824671116005216,0.5192626544340355,0.9423155272941158,0.5593005273842855,0.8694650662772333,0.7116834636694214
MDVR,MDVR_PD_4b10e052,1,0.0,3.0,2.0,2.0,1.1027207542821909,-0.40087900614456634,1.0711163852798975,1.0101674567775418,1.044823017676484,-0.5724015817057764,1.0414269559721976,0.8720454598753621,1.2090699809965368,-0.29521385749317375,0.9110554202783749,1.0071636103567119,0.7272825741177594,-0.5547380049578176,0.8255620502595871,0.5410015146579055,0.8984284887740506,-0.6307578357094529,0.8140629556400345,0.5775135528225637,1.6446213846878843,1.0982438779198118,1.3694900379998924,1.0228162040285145
MDVR,MDVR_PD_0a435191,1,0.0,2.0,0.0,0.0,1.2712428412313759,-0.12084505501720458,1.3463916696876537,1.302684629625251,1.2414716420280174,-0.45666536163957583,1.305673121769107,1.188449789395049,1.3171987749446814,-0.395478253607241,1.0557820186353724,1.1109778271769883,1.2979713305857568,-1.078206767273202,1.3030329955098665,0.7271654818439588,1.3197946773561666,-0.9769743155166329,1.0836855440736208,0.6897561886761094,1.4011155336185142,0.6635200723975442,0.9935405290353453,0.9756055463334228
