cohort,sid,label,task
IPVS,IPVS_EHC_49649a7c,0,VA1
IPVS,IPVS_EHC_49649a7c,0,VA2
IPVS,IPVS_EHC_7a274592,0,VA1
IPVS,IPVS_EHC_7a274592,0,VA2
IPVS,IPVS_EHC_bde32635,0,VA1
IPVS,IPVS_EHC_bde32635,0,VA2
IPVS,IPVS_EHC_6f100ca8,0,VA1
IPVS,IPVS_EHC_6f100ca8,0,VA2
IPVS,IPVS_EHC_40e93a8c,0,VA1
IPVS,IPVS_EHC_40e93a8c,0,VA2
IPVS,IPVS_EHC_6d20d216,0,VA1
IPVS,IPVS_EHC_6d20d216,0,VA2
IPVS,IPVS_EHC_997af7b3,0,VA1
IPVS,IPVS_EHC_997af7b3,0,VA2
IPVS,IPVS_EHC_639d115c,0,VA1
IPVS,IPVS_EHC_639d115c,0,VA2
IPVS,IPVS_EHC_4afb35f7,0,VA1
IPVS,IPVS_EHC_4afb35f7,0,VA2
IPVS,IPVS_EHC_b4f61509,0,VA1
IPVS,IPVS_EHC_b4f61509,0,VA2
IPVS,IPVS_EHC_25e7d520,0,VA1
IPVS,IPVS_EHC_25e7d520,0,VA2
IPVS,IPVS_EHC_e7aed759,0,VA1
IPVS,IPVS_EHC_e7aed759,0,VA2
IPVS,IPVS_EHC_ac9bbb18,0,VA1
IPVS,IPVS_EHC_ac9bbb18,0,VA2
IPVS,IPVS_EHC_99f6ef3d,0,VA1
IPVS,IPVS_EHC_99f6ef3d,0,VA2
IPVS,IPVS_EHC_de4ff365,0,VA1
IPVS,IPVS_EHC_de4ff365,0,VA2
IPVS,IPVS_EHC_c3e98ecb,0,VA1
IPVS,IPVS_EHC_c3e98ecb,0,VA2
IPVS,IPVS_EHC_1390377d,0,VA1
IPVS,IPVS_EHC_1390377d,0,VA2
IPVS,IPVS_EHC_9a2a24e8,0,VA1
IPVS,IPVS_EHC_9a2a24e8,0,VA2
IPVS,IPVS_EHC_7ffb735c,0,VA1
IPVS,IPVS_EHC_7ffb735c,0,VA2
IPVS,IPVS_EHC_832281bf,0,VA1
IPVS,IPVS_EHC_832281bf,0,VA2
IPVS,IPVS_EHC_71d347fe,0,VA1
IPVS,IPVS_EHC_71d347fe,0,VA2
IPVS,IPVS_EHC_71d347fe,0,VA1
IPVS,IPVS_EHC_71d347fe,0,VA2
IPVS,IPVS_PD_25bcde8e,1,VA1
IPVS,IPVS_PD_25bcde8e,1,VA2
IPVS,IPVS_PD_215587d2,1,VA1
IPVS,IPVS_PD_215587d2,1,VA2
IPVS,IPVS_PD_e50b4a59,1,VA1
IPVS,IPVS_PD_e50b4a59,1,VA2
IPVS,IPVS_PD_55bc13c6,1,VA1
IPVS,IPVS_PD_55bc13c6,1,VA2
IPVS,IPVS_PD_b85147c7,1,VA1
IPVS,IPVS_PD_b85147c7,1,VA2
IPVS,IPVS_PD_a0fceda0,1,VA1
IPVS,IPVS_PD_a0fceda0,1,VA2
IPVS,IPVS_PD_69229acc,1,VA1
IPVS,IPVS_PD_69229acc,1,VA2
IPVS,IPVS_PD_5fcdd5c0,1,VA1
IPVS,IPVS_PD_5fcdd5c0,1,VA2
IPVS,IPVS_PD_5e7a0360,1,VA1
IPVS,IPVS_PD_5e7a0360,1,VA2
IPVS,IPVS_PD_b85147c7,1,VA1
IPVS,IPVS_PD_b85147c7,1,VA2
IPVS,IPVS_PD_283812f2,1,VA1
IPVS,IPVS_PD_283812f2,1,VA2
IPVS,IPVS_PD_37ac75bd,1,VA1
IPVS,IPVS_PD_37ac75bd,1,VA2
IPVS,IPVS_PD_7f660571,1,VA1
IPVS,IPVS_PD_7f660571,1,VA2
IPVS,IPVS_PD_d0de0fb0,1,VA1
IPVS,IPVS_PD_d0de0fb0,1,VA2
IPVS,IPVS_PD_a326f905,1,VA1
IPVS,IPVS_PD_a326f905,1,VA2
IPVS,IPVS_PD_c41cf2aa,1,VA1
IPVS,IPVS_PD_c41cf2aa,1,VA2
IPVS,IPVS_PD_8f283065,1,VA1
IPVS,IPVS_PD_8f283065,1,VA2
IPVS,IPVS_PD_74add44e,1,VA1
IPVS,IPVS_PD_fdc0ff6e,1,VA1
IPVS,IPVS_PD_fdc0ff6e,1,VA2
IPVS,IPVS_PD_0bc86f51,1,VA1
IPVS,IPVS_PD_0bc86f51,1,VA2
IPVS,IPVS_PD_b3bfc7ef,1,VA1
IPVS,IPVS_PD_b3bfc7ef,1,VA2
IPVS,IPVS_PD_9bba66a1,1,VA1
IPVS,IPVS_PD_9bba66a1,1,VA2
IPVS,IPVS_PD_babad183,1,VA1
IPVS,IPVS_PD_babad183,1,VA2
IPVS,IPVS_PD_e32f1f63,1,VA1
IPVS,IPVS_PD_e32f1f63,1,VA2
IPVS,IPVS_PD_5fcdd5c0,1,VA1
IPVS,IPVS_PD_5fcdd5c0,1,VA2
IPVS,IPVS_PD_131a10e3,1,VA1
IPVS,IPVS_PD_131a10e3,1,VA2
IPVS,IPVS_PD_b133cb84,1,VA1
IPVS,IPVS_PD_b133cb84,1,VA2
IPVS,IPVS_PD_283812f2,1,VA1
IPVS,IPVS_PD_283812f2,1,VA2
FIGSHARE,FIGSHARE_HC_7ba4f94b,0,A
FIGSHARE,FIGSHARE_HC_f54ebd4c,0,A
FIGSHARE,FIGSHARE_HC_9865fce2,0,A
FIGSHARE,FIGSHARE_HC_252be6ca,0,A
FIGSHARE,FIGSHARE_HC_4af81098,0,A
FIGSHARE,FIGSHARE_HC_f73a999a,0,A
FIGSHARE,FIGSHARE_HC_876a314c,0,A
FIGSHARE,FIGSHARE_HC_55f3bddc,0,A
FIGSHARE,FIGSHARE_HC_92380c86,0,A
FIGSHARE,FIGSHARE_HC_01d4d510,0,A
FIGSHARE,FIGSHARE_HC_42747f79,0,A
FIGSHARE,FIGSHARE_HC_3a3eafbf,0,A
FIGSHARE,FIGSHARE_HC_edb76d71,0,A
FIGSHARE,FIGSHARE_HC_fa154b06,0,A
FIGSHARE,FIGSHARE_HC_e373aca9,0,A
FIGSHARE,FIGSHARE_HC_9cb93b19,0,A
FIGSHARE,FIGSHARE_HC_16c35afd,0,A
FIGSHARE,FIGSHARE_HC_5e1634ce,0,A
FIGSHARE,FIGSHARE_HC_a137f8a3,0,A
FIGSHARE,FIGSHARE_HC_672c4fec,0,A
FIGSHARE,FIGSHARE_PD_729a3156,1,A
FIGSHARE,FIGSHARE_PD_1783cb3a,1,A
FIGSHARE,FIGSHARE_PD_53c2e661,1,A
FIGSHARE,FIGSHARE_PD_05a28246,1,A
FIGSHARE,FIGSHARE_PD_31eeed1a,1,A
FIGSHARE,FIGSHARE_PD_b32279a0,1,A
FIGSHARE,FIGSHARE_PD_d5686d30,1,A
FIGSHARE,FIGSHARE_PD_f021c6ec,1,A
FIGSHARE,FIGSHARE_PD_2ae38838,1,A
FIGSHARE,FIGSHARE_PD_b5a119f5,1,A
FIGSHARE,FIGSHARE_PD_8eb4d6b4,1,A
FIGSHARE,FIGSHARE_PD_4a3456e1,1,A
FIGSHARE,FIGSHARE_PD_abc050cf,1,A
FIGSHARE,FIGSHARE_PD_1aa82538,1,A
FIGSHARE,FIGSHARE_PD_8f6def68,1,A
FIGSHARE,FIGSHARE_PD_2b8953f4,1,A
FIGSHARE,FIGSHARE_PD_657d51c5,1,A
FIGSHARE,FIGSHARE_PD_c155c9fe,1,A
FIGSHARE,FIGSHARE_PD_40d9d154,1,A
FIGSHARE,FIGSHARE_PD_86e8cea0,1,A
FIGSHARE,FIGSHARE_PD_41b9ec4d,1,A
FIGSHARE,FIGSHARE_PD_4aa08767,1,A
FIGSHARE,FIGSHARE_PD_85b39883,1,A
FIGSHARE,FIGSHARE_PD_4235a438,1,A
FIGSHARE,FIGSHARE_PD_eda49162,1,A
FIGSHARE,FIGSHARE_PD_5aa058c7,1,A
FIGSHARE,FIGSHARE_PD_b0a52958,1,A
FIGSHARE,FIGSHARE_PD_7bd14973,1,A
FIGSHARE,FIGSHARE_PD_54d59a99,1,A
FIGSHARE,FIGSHARE_PD_95d7c1be,1,A
FIGSHARE,FIGSHARE_PD_88c4d072,1,A
FIGSHARE,FIGSHARE_PD_4f1346e1,1,A
FIGSHARE,FIGSHARE_PD_89894eae,1,A
FIGSHARE,FIGSHARE_PD_fe321b4b,1,A
FIGSHARE,FIGSHARE_PD_fdae567f,1,A
FIGSHARE,FIGSHARE_PD_69264955,1,A
