measure,n1,n0,beta,ci_lo,ci_hi,p,g,q,beta_all,q_all
TT_range,18,20,-1.1266666879124088,-1.7400456690407347,-0.5132877067840828,0.0003180939026486931,-0.9658677377481518,0.002385704269865198,-0.8487574271127564,0.0188404019523425
TT_speed,18,20,-0.9651444733680059,-1.7370030959623648,-0.19328585077364713,0.014255077597731541,-0.9425021556601064,0.03563769399432885,-0.6575373242130097,0.0911700671545012
TB_range,18,20,-0.5276667020637196,-1.1711608836176108,0.11582747949017169,0.1080159945411585,-0.5554787186160622,0.16202399181173774,-0.3414042320779242,0.2999786801273428
TB_speed,18,20,-0.7520405991762302,-1.5713792546574963,0.06729805630503582,0.07202210803208166,-0.8169980630116551,0.1350414525601531,-0.5447131053412788,0.144465781080144
TB_space,18,20,-0.7770589298333748,-1.4439689074732505,-0.11014895219349907,0.022390473179145696,-0.8257169915503358,0.04797958538388363,-0.3720182410280613,0.2820755357948408
TD_range,18,20,-1.0854025135028167,-1.7215012801794072,-0.4493037468262261,0.0008246957495261539,-1.0827808286079894,0.00412347874763077,-0.9379220252748798,0.0106005739602018
TD_speed,18,20,-0.681188257732139,-1.5021771052949595,0.13980058983068155,0.10390390736881254,-0.7493961511400837,0.16202399181173774,-0.5573251982298472,0.144465781080144
LI_range,18,20,-1.1565896208998925,-1.9019354689122312,-0.41124377288755387,0.0023550266278186613,-1.175056996220789,0.00883134985431998,-0.9609171780228788,0.0202523027595172
LI_speed,18,20,-1.3492310089577837,-2.082458659290495,-0.6160033586250723,0.0003102592261486725,-1.3434913814607223,0.002385704269865198,-1.1937646395150805,0.0106005739602018
LL_range,18,20,-0.5745850378332816,-1.3286888449843364,0.1795187693177731,0.1353368998481264,-0.5565493214362123,0.18455031797471785,-0.3930037163747097,0.296630535630135
LL_speed,18,20,-1.0327888996795256,-1.7696856811346189,-0.2958921182244323,0.0060149707360724015,-0.9584717841530098,0.018044912208217204,-0.7951955974107195,0.0571630968761167
UL_range,18,20,-0.3953194497629253,-1.117316166215656,0.32667726668980546,0.2832031320236912,-0.27796162466734753,0.354003915029614,-0.1764386524176176,0.6124799027907514
UL_speed,18,20,-0.38334624808579565,-1.1778653628436984,0.41117286667210695,0.34432209882551534,-0.37815659172477667,0.3972947294140562,-0.174455008153989,0.6618263880637342
LA_range,18,20,-0.17759974541335566,-0.7732239739883731,0.41802448316166174,0.5589441060225462,-0.0649583144083349,0.5988686850241567,-0.0460783284016921,0.8796185605091613
LA_speed,18,20,-0.18320595531501294,-0.9384527256555735,0.5720408150255476,0.6344709838144214,-0.05340490396661641,0.6344709838144215,-0.0653824840643217,0.8789911923280888
