measure,n1,n0,beta,ci_lo,ci_hi,p,g,q
TT_range,10,18,0.6196081389986874,-0.12701748692841786,1.3662337649257927,0.10383676957790698,0.6035151974409672,0.45970184701044264
TT_speed,10,18,0.5020844808185286,-0.3801504529286782,1.3843194145657356,0.26466805069296717,0.4862515582921862,0.45970184701044264
TB_range,10,18,0.5007899026118514,-0.3603995258164586,1.3619793310401613,0.25439554031361356,0.4817211794722128,0.45970184701044264
TB_speed,10,18,0.4921854230532178,-0.39302800276637284,1.3773988488728084,0.2758211082062656,0.47472448085102864,0.45970184701044264
TB_space,10,18,0.8603953030794288,-0.06943332998786389,1.7902239361467216,0.0697382372793135,0.8263046090937991,0.45970184701044264
TD_range,10,18,0.4003436991054907,-0.4313756144720955,1.232063012683077,0.3454669797840544,0.3762683388562089,0.5069892717448009
TD_speed,10,18,0.3902326903625959,-0.48313083814116065,1.2635962188663523,0.38116974960454586,0.3773319227412438,0.5069892717448009
LI_range,10,18,0.2965967592148511,-0.4023754718241343,0.9955689902538365,0.4055914173958407,0.26234370647632094,0.5069892717448009
LI_speed,10,18,0.445153195375558,-0.3485771386388937,1.2388835293900096,0.2716721320443086,0.43435643039338534,0.45970184701044264
LL_range,10,18,0.16930486240328557,-0.632470040920958,0.9710797657275292,0.6789685359731747,0.1394369776557339,0.7274662885426872
LL_speed,10,18,0.4998612927749826,-0.36374747971361165,1.3634700652635767,0.25661109872437715,0.49616593289742,0.45970184701044264
UL_range,10,18,0.513609637218824,-0.3018665835045765,1.3290858579422244,0.21703902574173006,0.5025199944367663,0.45970184701044264
UL_speed,10,18,0.50499880247754,-0.35713610649760164,1.3671337114526816,0.25094529820438516,0.4956559880533175,0.45970184701044264
LA_range,10,18,0.14236876599016968,-0.7618709046553217,1.046608436635661,0.7576348304710883,0.12213429302761122,0.7576348304710883
LA_speed,10,18,0.29256034069994963,-0.5306769821454631,1.1157976635453624,0.48609831583633867,0.30205382550375925,0.5608826721188523
