sid,rec_take,f0_sd_st,f0_range_st,intensity_sd_db,pause_ratio,pause_mean_s,hnr_db,cpps_db,f0_mean_hz,stress_int_sd_db,stress_f0_sd_st,run_mean_s,rate_cv,cons_centroid_hz,cons_hf_db,h1h2_db,speech_rate_syl_s,artic_rate_syl_s,pause_rate_min,alpha_ratio_db,hammarberg_db,hf_ratio_db,centroid_hz,F1_range,F1_speed,F2_range,F2_speed,F1F2_space
IPVS_EHC_49649a7c,B1,2.8496233664130224,9.41433076711224,7.273737624699263,0.5043285238623751,0.5216326530612244,8.486343057488106,15.0425713845123,194.7421710507602,6.554034307062441,2.686563466067769,0.5882926829268292,0.2824210749101824,3195.1718388285794,-2.007019054238255,7.170920743397815,3.551609322974473,8.077181960960287,58.00961894191639,-14.57559199884253,22.248207300745314,-16.44155556184773,469.9087624332598,642.9371919851789,27904.130454474096,1517.3825461884835,84800.63207269968,104309.63977817463
IPVS_EHC_49649a7c,B2,3.116917482768732,10.582003257752296,6.981260583519278,0.2887097831072669,0.4406000000000001,8.766167148791206,14.190296609368543,187.51978913631703,5.889319994909927,3.101506375846483,1.1721739130434785,0.21676177604495475,3486.420439364597,-0.6948172810715557,6.991162673068818,4.6654871895681795,7.3782383419689115,39.31590328287792,-14.182629160191965,22.95339870204009,-15.315158351065287,518.4446813431313,610.7947824733159,24122.94884254107,1594.7318539728276,71807.73282728111,110809.33288805072
IPVS_EHC_7a274592,B1,3.0425165141190003,9.998713699451187,5.341479466325075,0.21059167923356695,0.45653846153846156,15.188969317600463,10.776538015935829,171.96013253086807,5.482111858442265,3.205536732719656,1.8462500000000002,0.19565580502515148,1741.5120465449602,-5.757984694475537,2.439846450218094,3.849906857092167,5.299145299145299,27.67674975605429,-12.629038833054086,22.157937936831303,-23.213770805280202,440.54705967341283,501.65521799696637,13862.624306197644,1598.1515456830894,43179.38344541673,87173.21825100252
IPVS_EHC_7a274592,B2,2.92836716674939,9.613264254326825,4.8872260514865475,0.1824068078808621,0.4286956521739131,13.998057743716105,10.012640990882652,166.6215912917834,5.150169531210355,2.8640580630314667,2.309999999999999,0.20750934853100483,1137.8720730937773,-10.62071935569659,2.2255254144191756,3.4964388123207844,4.641453831041257,25.529553232818426,-10.425482512714455,19.03926634613763,-23.75708828220209,487.40317564267633,463.8556636633828,14210.23438055141,1499.3169924606182,44978.46710716145,79350.02065706154
IPVS_EHC_bde32635,B1,3.265579406635656,10.492866902897415,5.827050490769407,0.28899043750528897,0.5537837837837838,15.042768848335394,11.959761269910635,182.48650880198448,4.855898313306811,3.2834188186757793,1.3969444444444443,0.15057923295119904,1636.9516408299746,-6.445260129041223,-5.008507663322743,3.1028743900031026,4.705882352941177,31.310823390031313,-14.477389080736016,21.30673219739603,-22.352268928383772,556.2432864635512,319.0854727557115,9700.218400427291,1794.4605230481536,71817.01541129977,65039.897298089505
IPVS_EHC_bde32635,B2,3.650233423668785,12.103950213258727,5.732428721198236,0.2863039700851713,0.5455263157894737,15.296368824853555,12.060310423291089,184.19313875947773,5.324708546440274,3.5754811121039447,1.4288888888888889,0.18941070428214746,1745.6921408538667,-5.9192663957949705,-5.978307432233401,3.121307150952663,4.675217211419114,31.489293381292352,-13.125127136994859,19.17777250118666,-23.07885486637368,572.0588882603321,348.5516971136852,9672.716754961803,1809.9419143862913,68565.44125369395,64558.95301954606
IPVS_EHC_6f100ca8,B1,3.007143581959013,10.116043279710219,5.173845724004359,0.19897057265381463,0.47785714285714287,14.101072947918858,11.891297838719565,180.4875201475481,4.47266779300613,2.9633674399568966,1.9896296296296296,0.13522162956458333,1258.1162194679926,-13.157513992276735,-5.70832695204173,3.8069108071282916,5.075337034099921,24.982852171779413,-3.7524342763794793,19.540456714321625,-26.469185913106116,745.0481254585414,719.0619123901633,16381.68485275537,1792.095042048508,53497.141096272106,105341.92845611228
IPVS_EHC_6f100ca8,B2,2.9423306613160123,9.944752416416755,5.231795607322792,0.13805309734513274,0.39,13.336928934592056,12.01674131099775,185.63604876034816,4.770615032546526,2.8611053170933087,2.709411764705882,0.09789025617961858,1435.2913908427602,-10.310638438312264,-3.7055489649007507,4.3409408476944575,5.4123112659698025,21.238938053097346,-5.102581281663965,21.177089348179663,-23.17878135000543,683.4188061887194,691.9742816032148,21559.08837384136,1680.7077947268363,62933.86861067225,114547.09623156412
IPVS_EHC_40e93a8c,B1,3.6481239717887863,12.645734071215802,5.445720671736505,0.182979730262639,0.3515151515151515,11.871745468436895,10.841827986438405,152.92786113106905,4.478751415070205,3.41037254959096,1.6622580645161291,0.18292500916272905,2624.4529958134576,-3.4733861548565748,-4.414692239780453,3.4072087704077605,4.376899696048632,31.232747062071137,-7.76781459406894,17.338220915051608,-17.680997086621886,734.9313477681453,569.2668926881702,17210.089300822758,1311.2733920883566,25696.769278150598,84792.01354205645
IPVS_EHC_40e93a8c,B2,3.518229501126847,11.37958150221052,5.5284615821627225,0.15362201537838932,0.3954166666666667,11.734255676337854,10.677144852250725,152.95446503240052,4.748122254909899,3.4928573079452043,2.17,0.21625620625178985,2362.4431489483595,-4.930453986106299,-5.545308507848898,3.755564548765682,4.776611076796376,23.31040064751113,-7.557791317443037,15.7956650628942,-18.906240353587915,733.2526779334879,569.9197663230586,19372.16841148679,1311.969853951657,28485.269913685042,82489.11146545062
IPVS_EHC_6d20d216,B1,2.1988248669323123,7.255967293508704,4.67113585759784,0.20725388601036265,0.4068965517241379,17.307014534536258,12.771126063238139,206.7958250451371,4.7686001824094,2.0710765523638806,1.5520689655172413,0.1463885715005532,2127.781479936287,-3.4248278791253925,0.3477978928379013,3.9518749451128476,5.231341548477099,30.56116624220602,-13.780921495561165,21.933246162424844,-18.350185346281926,594.5858780411938,497.4288990996856,13224.782916979793,1258.9095774735802,37120.63056215093,58311.14644289569
IPVS_EHC_6d20d216,B2,2.1768941654911105,7.120017411632961,5.399696562296505,0.16482751764588927,0.43631578947368427,15.705304797093511,12.559140716674348,203.19285460988254,5.142497439824653,2.090995290431483,2.2036842105263155,0.11809047782549388,2144.1700346296125,-4.626545305281623,0.9798227242955111,4.732080723729993,5.905707196029777,22.666269012824333,-14.017224677225002,25.04319746707631,-22.67195730512828,618.3718644280698,460.2197451414435,14663.005409672978,1340.4605482431896,39728.87340201902,66793.9713176706
IPVS_EHC_997af7b3,B1,2.492771450980146,7.899496354513951,6.767466432917659,0.27056044663946743,0.44999999999999996,10.075976269656055,13.3060743596125,176.38057358298914,5.345194962568109,2.6439036358010206,1.3318421052631582,0.21498274267233553,3190.041043225738,-0.4069439557419302,5.164570573002802,3.8078877675184306,5.497003513122546,36.074726218595664,-10.332310456583135,25.15123101619431,-15.900243078404763,570.7642657161094,723.6525048189469,37247.27837049842,1513.0213263563926,83229.72268153501,109683.24386362369
IPVS_EHC_997af7b3,B2,2.4480356926822093,7.686422333844667,6.8129673811310045,0.21002386634844872,0.44,10.119074438875991,13.940517109294557,173.05106773932408,5.103616803382957,2.472772439738987,1.776,0.23880984865219912,3994.5226092604535,2.044537818303413,4.596532197581229,4.278263944135066,5.729166666666666,28.639618138424822,-10.548779999983267,23.502938680272393,-15.414999613573743,577.3376244269369,711.9857221043603,33075.73567807606,1566.2588279407737,77082.80281170551,111943.59900547772
IPVS_EHC_639d115c,B1,2.5253691452825264,8.670801395019328,5.171889098398195,0.5069744245910807,0.78625,16.207253664354322,10.258512337022172,178.17778353139803,4.875315698776982,2.3981561832487803,0.8206741573033709,0.26232575080127535,749.475440169302,-15.473009796352727,-2.669960210663781,1.7463347958887248,3.7308078633950355,38.68803240122714,-14.550185444930992,25.586902628645866,-29.7339424620578,444.80183194177556,424.7325628523341,9650.65732460176,1866.4787454964628,51818.34561643524,78607.2130825441
IPVS_EHC_639d115c,B2,2.1329038519325807,7.3691201484978395,4.907690359632123,0.32785343465502975,0.5908474576271188,16.15608142079995,10.155229255670251,174.2576753192819,4.785379172754104,2.163034712402945,1.2501754385964912,0.24250873874137358,775.9164085916965,-14.2921140275128,-3.592588386094178,2.398239410127154,3.875968992248062,33.293205928824015,-11.224708402242333,30.14069895137417,-28.175237429819088,444.3546945828051,604.1891217979731,12894.445457155216,1541.7274873629176,48287.34605203966,85551.37015476487
IPVS_EHC_4afb35f7,B1,2.6922726494246887,9.015767506729839,5.603876809035046,0.21870047543581617,0.49965517241379304,13.044122579907524,10.973131558343058,145.50146012791225,4.424892634934643,2.6333766097896225,1.9088888888888889,0.2292054505079003,1016.5206749635049,-12.486775049170076,-7.833706087182718,3.411063315976153,4.72704455134909,26.262168892913742,-11.759488136199746,18.19091560647268,-25.28344505801051,541.3693056091037,349.075159947057,8071.6418976855575,1528.736154268629,39518.62543227812,58684.92437828519
IPVS_EHC_4afb35f7,B2,2.7042984186673373,9.036872776178228,5.81001942940602,0.17805597389558234,0.34393939393939393,13.737316825255279,11.831508828289158,150.0947760072312,4.797480375511466,2.5298366146723916,2.0816,0.1874300970574826,1253.9670729497232,-8.87665127144933,-8.56607464510487,3.655245983935743,4.781448799507491,31.061746987951807,-10.388840064143343,19.115925857687085,-24.9388634765617,564.3500163453245,408.5857339993254,8554.183587401787,1572.899930777344,35458.43001564455,60035.87238151946
IPVS_EHC_b4f61509,B1,2.5362545745063714,7.9726349377991,5.665221452236478,0.22732029300491016,0.4706666666666665,10.890809254828136,9.776567216430474,170.55362114936096,5.427686486291848,2.572463075164751,1.7057142857142857,0.2390491256459647,1007.8155127234177,-11.40876191756953,-6.544453925581289,3.976495210496659,5.4937722419928825,28.978507606858248,-16.682959204633665,29.20284786804369,-25.43351089583957,465.1045163431154,407.57801759056946,12828.48376048687,1714.5872763362026,68329.83158943866,69004.43839139974
IPVS_EHC_b4f61509,B2,2.596175999174051,8.240508204738108,4.359828345277167,0.20355490625760897,0.5225,12.413659686399319,9.81677681556441,179.26136935382434,4.309076921501985,2.6532345406532216,2.12304347826087,0.2523596286818686,803.6018828217857,-13.635686006611685,-3.614802327631729,3.8308578849119392,5.088400172488141,23.37472607742878,-15.930526107472707,27.170397166615928,-24.648141998904535,482.2041773859481,409.8129232036623,12371.878324417621,1747.289380851394,67114.12585480338,71267.75109183267
IPVS_EHC_25e7d520,B1,3.4373480304372777,11.0229834321735,5.423925944247997,0.16287687771888673,0.3892,15.097223134731806,12.146815557685132,205.05012589797303,4.568945490579406,3.491918911874974,2.0766666666666667,0.19486854000736015,1218.1309005776686,-11.848529126398155,-6.439489802009877,4.184914638203668,5.391416864351952,25.109487829222005,-8.247778641698279,18.793542010088473,-29.549062395621732,638.0428542250061,633.5470196788708,17132.256232227573,1763.2781817955952,67870.68907792236,108542.6042645116
IPVS_EHC_25e7d520,B2,3.423166241370699,10.797062745733168,5.5972744860430765,0.16067691747793653,0.4013636363636364,15.287400530239326,12.065303450712893,199.20519224452488,4.830649189476835,3.36163762594247,2.0904545454545453,0.1556732511888687,1129.3187943261123,-10.332663616266458,-5.718411541573468,4.294422709489583,5.526932084309133,24.019652442907834,-10.479879472056957,20.506901389203968,-28.148177674890835,595.3319977056675,597.0828454316422,20442.465582146575,1818.0726650286324,82258.85756270959,103559.56510517914
IPVS_EHC_e7aed759,B1,2.3852083284983943,7.702832481065245,4.981621682340413,0.12598700394957607,0.3028,13.269129319435148,10.887071395627364,122.26940137534785,3.2213733219735827,2.205312921845932,2.49,0.13188938744751766,2212.101869783181,-6.32092193141958,-12.661783214402597,3.2786578306560745,3.965378421900161,24.964399725807674,-13.544663374258638,22.66728238499766,-22.16164652126079,470.75796931444637,268.0444858197412,5682.974055661489,1144.3371163388983,19770.161541866542,30423.333090928852
IPVS_EHC_e7aed759,B2,2.7176703998729272,9.050305204335842,4.945635130152753,0.10903494469357936,0.33111111111111113,13.094218090749242,10.89470477495743,126.40869349509774,3.761426327984104,2.603890138080084,3.4628571428571426,0.20779518622933082,1741.0818631443483,-7.387675764476117,-12.64633246786025,3.732068576760098,4.463894967177243,19.758010112259342,-13.837167781640263,24.52551322564585,-22.45425563678344,462.82338449779326,287.12021556140866,6096.508827229216,1204.5121564940766,22365.96116667337,42625.43691451787
IPVS_EHC_ac9bbb18,B1,4.488669502623263,14.806708509323506,5.6438105583398634,0.2642706474999593,0.5251724137931034,12.844510658981168,10.458185939236747,139.76041562279698,5.940901321057009,4.36718768036957,1.5625925925925925,0.17669993757192512,879.2970789725645,-15.667288410962163,-6.657120312221066,3.6092117321071266,5.2156469408224675,30.192444297434616,-9.582134350991428,18.866746359873325,-28.817252100666906,517.3272712522119,529.3631421888256,10615.452963676003,1274.840285761325,37687.28978176301,69762.08698146619
IPVS_EHC_ac9bbb18,B2,4.035496587217681,13.604044840420919,5.515419047181692,0.24077706173531338,0.4957692307692308,12.735599699940106,10.344885669360005,132.6781033563664,5.584474868680533,4.0700818346854595,1.8295454545454548,0.17610069950143947,947.7220335116411,-14.169958667095068,-7.64459742581208,3.8105912020173722,5.322201930602661,29.139815074250492,-11.599079886068948,22.424226084357162,-29.79652485902197,475.84530901957316,469.3684331103099,9524.710716141712,1233.1542649177304,32921.98855649599,56890.01422351979
IPVS_EHC_99f6ef3d,B1,3.1190155614600936,10.116006888874576,5.837157652812804,0.1845446025389793,0.4512500000000001,17.588780806031494,13.860408915358716,191.04698842445154,4.5102529058679,2.989797031718348,2.072608695652174,0.17192534948114896,775.2810681462768,-14.25342028971772,-5.968286041850519,4.242992246741075,5.538256227758007,24.5377864871773,-16.041735866725787,23.274110488465432,-32.69375256034139,537.2025251356363,361.15835724163696,10453.071774594358,1909.0625851676682,70911.20261949384,66570.64617979924
IPVS_EHC_99f6ef3d,B2,3.153339251569619,10.373624742533107,5.710232051448519,0.15709349024002986,0.3504166666666666,16.696382020657676,13.595804066074008,190.8178480292234,4.444861039937024,3.0220104692798033,2.136666666666667,0.21393970174661625,773.567058979681,-13.321211468732425,-5.323932553561418,4.595124684785654,5.843230403800475,26.898290837769682,-14.472982902857186,23.786928243732287,-29.657654945690673,544.7414797477704,400.3271228083029,10640.447132108478,1750.182240747435,71699.44003890423,65934.47663700471
IPVS_EHC_de4ff365,B1,3.0315970600432696,10.560443150136672,5.78192493221071,0.20035297083788556,0.4768,11.869117943895722,11.024670923183793,127.17022339453112,5.275709494915157,2.9477823385361623,1.9754166666666666,0.1442903149100505,947.9481020279692,-14.279754263686492,-6.391360744722485,3.3784351626187075,4.507737160798385,25.21220270610976,-8.790373950901905,18.44194144614999,-30.603922463321954,585.3550688705697,365.6082082876204,6688.890547739259,1167.7965355992405,15701.686387541475,40056.11369252693
IPVS_EHC_de4ff365,B2,2.85810850938429,9.630830060468107,5.7889655679073835,0.19754634190024176,0.4595833333333333,11.919655945890794,11.3889054308314,128.57383334841444,5.0549467911023145,2.7682059065777653,2.0272727272727273,0.12029181499861624,1059.579317151992,-11.572032138938447,-6.97094490516767,3.7969015850273125,4.946336910872609,25.790274917166652,-8.92080223240577,20.148620020989387,-28.00935804195037,586.1459510269449,376.22138427489733,7702.390652891501,1200.3599910866624,15915.83611247471,48988.381787314655
IPVS_EHC_c3e98ecb,B1,4.055087954941638,13.348772930954642,6.040637449087793,0.21768122176812219,0.3795,11.762417229306518,9.338365266547775,177.9002093463507,5.972458812679616,4.0498989326199535,1.6403030303030304,0.2589646073637336,746.0524174003903,-14.64948818747503,-0.7663049392135033,3.800100380010038,5.067890610059285,34.416003441600346,-14.78173232803173,25.94060518783011,-26.466349790289463,462.4405533114623,477.7908834050927,15008.918586866808,1283.742993624227,51677.254558471504,72928.36899647918
IPVS_EHC_c3e98ecb,B2,4.35696219268588,14.954234107543993,6.106963701939521,0.23798205934217587,0.39794871794871794,10.222204357803845,9.181183172080166,168.9132950016952,6.008754880533417,4.341298811369487,1.412,0.19464727055253206,907.3855324155238,-12.439724274236912,-2.4390477058155904,3.7568044161619256,5.113754957211438,35.88131564824043,-13.034384532606644,26.83223859124718,-24.442039667246526,476.8573134030764,485.7164418124001,14653.121812189456,1303.1853403641694,41645.49666366448,74303.53507448635
IPVS_EHC_1390377d,B1,2.2756850201114993,7.28979582236358,6.47378927965643,0.24467300472389503,0.47419354838709676,13.421203396820292,10.719210350272483,116.88638314300859,5.336028151508447,2.1351283171002846,1.6135714285714287,0.17712403454267853,2326.207624339838,-3.92775437729656,-9.02440425993443,3.212373463381751,4.572376214167259,30.95862508751325,-15.655746330266888,24.79282826566908,-21.51207344705611,498.13649357887385,198.04420555874344,4739.787648852229,1315.7344975537872,47570.397861321806,26742.726654320923
IPVS_EHC_1390377d,B2,2.422178676120074,8.552444282537792,5.963895724000104,0.18067487379328667,0.425,14.260706988040196,10.74565282113925,117.3369325568145,5.222966651330827,2.254163566546455,1.9191666666666667,0.23499702672592654,2098.7739900591146,-5.390400719551693,-9.409946201795313,3.45407846957754,4.560336763330215,25.507041006111063,-16.645994880226407,26.616915769399924,-22.91369826432394,497.31443806357055,208.74937775570248,5007.396744295253,1373.7892679165325,44362.273935615645,34986.075979772504
IPVS_EHC_9a2a24e8,B1,3.3775397371139486,10.803833782405736,5.441458244380005,0.2304344409799213,0.4062162162162162,14.688501496105536,11.773464044263216,154.44804529329392,5.083123234177041,3.307775198149694,1.6583333333333334,0.1659081026603537,1851.8492455702112,-6.179821582092337,-9.434208156156135,3.756250035933514,5.1884794578568405,34.03622481539755,-13.405224336075946,21.977886221946093,-23.118814510884622,549.6752123985109,413.8329767413838,9131.047317153101,1630.8070414598105,35596.051692848654,63846.09550137594
IPVS_EHC_9a2a24e8,B2,2.8831663451413623,10.029171023837195,5.403964859892324,0.213439022616537,0.4348148148148148,13.476639462307155,11.944906814260568,150.41634455505036,4.725263135167193,2.9228607325925355,1.7954166666666669,0.20678265426915854,1075.9310139806764,-10.732698220836365,-10.476583209112862,4.126972583812087,5.596646942800788,29.452403461566433,-13.727192227474418,24.924312923964685,-24.809301996512623,560.570397653886,370.61489053599655,8585.896888047355,1613.3989070007462,49354.579249635055,56388.55037741601
IPVS_EHC_7ffb735c,B1,3.3494931631083524,10.966774741977988,5.452384057200588,0.31530229461342346,0.5393333333333334,16.737604163223253,11.662254662499544,183.00308841703048,5.4452214789717095,3.343228609920804,1.4494444444444445,0.22153851213387218,1784.3167855751492,-6.584296966277114,-3.104776862385786,3.130937494925218,4.853977844914401,35.07689309667256,-14.123200313950047,23.482629938865234,-26.587717829585912,471.6090959348016,511.7803420484358,15579.6054407059,1306.9418950266304,52965.374736551035,61472.96788076994
IPVS_EHC_7ffb735c,B2,3.4033600651833544,11.449933551018464,6.222241905193264,0.24221925423958396,0.46060606060606063,15.959596372799897,12.068399427094397,184.17307579448126,5.410525887671141,3.3483081489600823,1.6864285714285716,0.13964506321117387,1609.9692598826089,-7.5864137981245,-3.464061727328124,3.6810952453515715,5.126498002663116,31.552244960156326,-15.475245195790317,20.694712272000555,-27.351037716826077,466.1728045832641,498.7874187312866,16278.405179044978,1274.066886523948,66073.79310318803,66708.19678364856
IPVS_EHC_71d347fe,B1,3.155938406639867,10.337981984577972,5.483434041740101,0.19923954372623573,0.3684375,11.191351579307696,7.845303915871336,97.76337960291373,5.130026210809692,3.357279450638191,1.6789285714285713,0.24348620419467543,1277.7219195059488,-10.402042468259648,-10.418895824568468,2.991128010139417,4.096274010645684,32.446134347275034,-19.408860675232418,27.409702725113746,-24.029357508501196,430.4111708956868,240.69151441495274,5564.706159172871,1875.5816432860609,77614.69370428407,41325.477663061836
IPVS_EHC_71d347fe,B2,3.1807462283401406,10.5032614619099,5.5206050634346795,0.154816837743667,0.357391304347826,10.564177084754878,7.798767029112464,97.80087882989967,5.229220555390278,3.335992204393958,1.945217391304348,0.19333218576253647,1352.5363407623038,-9.593795666959647,-10.090071248708453,3.277144740559375,4.2263784308962835,25.991147942367455,-17.95393021048815,26.792347083569172,-22.584671740796892,441.47112284298015,253.0189637947119,5994.831196895782,1681.7458193232583,72877.67051007942,54302.604330341805
IPVS_EHC_71d347fe,B1,3.8240358487974198,12.69857042888462,6.2720974340741655,0.34451896741357374,0.665625,15.266385547073645,11.215686357227755,150.81429177482894,5.556990459721794,3.7922222185086247,1.3439999999999999,0.18886797324404014,1955.8931499417533,-6.816167650184173,-8.651996117048595,2.706549634454053,4.332815466942862,31.055230865448898,-15.083010327759336,26.35860348319126,-23.51847238298057,504.93721677062103,313.29758296184133,6609.057391122966,1588.6761938595628,29657.98808290074,44365.03505373543
IPVS_EHC_71d347fe,B2,3.8995174048989485,12.816108092171715,6.4901039121271955,0.2473387154390227,0.5409375000000001,14.282606195353393,11.423096333753698,150.68879119869138,5.592575306435306,3.963089750322901,1.6403124999999998,0.14118648441604356,1996.8892447062244,-6.2811722294478685,-8.541735799778392,3.314996070586554,4.676476516831284,27.434450239337,-15.14043461598501,26.88793454111092,-24.42786281877128,520.1603855688762,325.3428363523222,7167.528059065209,1521.6243378227973,34482.08538066838,52331.08619555867
IPVS_PD_25bcde8e,B1,3.0181137556186566,9.901306431181197,6.281436947785828,0.3005386241221791,0.5247619047619048,17.089097646607772,12.1736994552853,132.30466023160517,5.269180349547609,2.9339757222201115,1.2164285714285714,0.1858405217925615,768.2375076741783,-10.737517570523302,6.5570410396603975,3.1499284107179384,4.954954954954955,34.36285538965024,-14.477268043002454,27.85314756808043,-32.69262784212443,358.9022433306774,485.85476359773304,15072.63139554635,1276.0895696814543,35372.54819265981,85905.12316244293
IPVS_PD_25bcde8e,B2,3.1101055372265307,10.412317228594539,5.902720356215369,0.22456900442278183,0.4442857142857143,16.463558211422637,12.388725784772573,133.2269249735171,4.934212009316615,3.0615055559045143,1.5275,0.14573289984687904,677.6950272912422,-11.783378024697074,5.573145219816556,3.6465384962541743,5.164919457939146,30.32764689953967,-14.088140290082453,27.747199944999778,-32.63863939384224,368.06108118802484,462.66032239273386,13442.91719187679,1240.6245774868553,27010.9369841572,76189.4241927479
IPVS_PD_215587d2,B1,2.602594757910098,8.382045337811284,4.899866678147632,0.13165866272626522,0.4242857142857142,11.78119512899452,12.640255263029871,161.10006796116264,3.8601706483037135,2.7124079238282097,2.6663636363636365,0.21571291720205182,614.7728694590072,-23.216193098988693,3.831375507017869,3.531584780199483,4.280085959885387,18.61839674916882,-9.390840611434331,26.728675051844263,-35.14134059693708,462.4041829710171,665.8959979950456,20630.27815436608,1762.2350730626608,64104.17648410128,105218.20114871189
IPVS_PD_215587d2,B2,2.5170038829244894,8.134217239443519,4.868972699195115,0.11121848370376879,0.395625,9.98795394201295,12.845632565376901,163.79523280478966,3.788186779446626,2.5620116875111276,2.9599999999999995,0.19578816395058177,765.5490759252405,-23.57485250168848,4.554655854904944,3.83027321444259,4.52094566569888,16.86725819204076,-7.6456717657389985,29.03569588028955,-34.86015517685084,530.1314918844372,665.4217864317367,27303.478373729016,1687.9291046932003,62624.41765467557,104198.87608874268
IPVS_PD_e50b4a59,B1,3.0636568225255085,9.845230785185594,5.484264940408511,0.1757980426232507,0.38439999999999996,16.18140690239552,12.617842732480158,156.21018553446817,5.064739833014258,2.958376878528601,1.7288461538461537,0.1673563555123434,249.3989991349035,-16.983351495714484,3.6770877464444167,3.7318210921064665,5.0658058107772534,27.43986097137108,-11.939002484340651,22.686091910404564,-23.69028718420807,435.3154917794111,598.1669261071947,14873.501190193096,1676.1910507506223,27458.841836360083,100081.95795488272
IPVS_PD_e50b4a59,B2,3.1142364503566826,10.115053442115807,5.2545196985580995,0.1585377773433682,0.42684210526315797,16.29585156406083,13.012167753480549,157.86768656573886,5.236973360984041,2.982923342183067,2.149,0.17905919689654598,232.96537367296403,-17.77777388634537,3.1448888518040246,3.616459779102727,4.8543689320388355,22.285211611768155,-11.760570143786628,25.59448948799968,-23.354089884846346,448.3562640320916,594.921583975448,11660.276252647369,1600.3778073546082,23356.164302407356,87068.08307072995
IPVS_PD_55bc13c6,B1,1.7195990489858317,5.77070387984463,5.711017154860549,0.17220618556701028,0.4175999999999999,20.951905982581064,14.867425521547489,185.11398088293208,5.298959173972289,1.5391699319002643,2.170869565217391,0.15760961640740986,1035.6333589368148,-8.927959146835738,4.819331180508754,3.51340206185567,4.588539422662645,24.74226804123711,-12.105683237440113,25.41079972542852,-27.754234262790433,453.4985743394167,653.5972041253356,15462.44531060365,1733.2674097736326,37060.521572949714,109905.6514593514
IPVS_PD_55bc13c6,B2,1.8720267554572456,6.266960534571419,5.470666969856604,0.13530371365511948,0.3710526315789474,19.753382302826676,15.689381854588108,187.47993836857054,4.91767448572414,1.809213730030347,2.4933333333333336,0.18922376600197813,831.7102192646926,-11.070701049889124,3.3082774650681905,4.107091449956818,5.089179548156956,21.878898378274638,-11.306593072767646,23.267300738439907,-29.37880056434131,479.67716812496235,637.1271779319009,14373.62706171067,1636.439239268943,33185.72394926418,102781.21530998852
IPVS_PD_b85147c7,B1,2.065332853181046,6.832772698265533,5.652599154250317,0.2706397896581945,0.5263636363636363,16.84218930661581,9.4415600694173,134.518581002377,5.571360633116526,1.9157964522830229,1.4816666666666667,0.28894558573102375,1472.6912680730445,-6.075863435825516,9.04426134897422,2.1735319894829095,3.1865684426931646,30.850131463628397,-17.2921783464734,28.89633724911586,-18.01910277668364,382.1819275138962,526.9489514485549,27462.133731353577,1338.2099141113335,66180.10904596986,92726.53013473158
IPVS_PD_b85147c7,B2,2.2348686555281225,7.370351788093837,6.115560204803121,0.19349857153887734,0.5012000000000001,17.73292363229923,9.979981234807155,138.03479040107248,6.212388120190339,2.077740136045843,2.1687499999999997,0.2587724356170481,2329.7783221850364,-2.347925164711511,8.379771371433746,2.5326229634777238,3.37656989911468,23.164234422052356,-17.33203250654273,26.17446905394869,-17.129196540119672,411.9785524934097,566.0674365297685,25997.86656083913,1316.2681143156303,73556.13798725528,90293.85302030783
IPVS_PD_a0fceda0,B1,2.304133314323648,7.777868612616732,5.492856395087131,0.3047000451059991,0.5148780487804878,20.293379340366645,13.10925625328892,185.73935857693192,5.552130631501372,2.297719864667031,1.3308333333333333,0.15808522169028275,719.439644243992,-11.709319402232847,3.9315281629491494,3.5363103292737934,5.722961924783928,35.50744248985115,-12.6477297742382,31.044728222517428,-29.64828491220624,429.00922177191114,565.5970605620371,16858.116399827537,1506.4886905063772,37515.43678447897,85741.6420095069
IPVS_PD_a0fceda0,B2,2.351914608520568,7.77143533164288,5.208741973434621,0.25932153100583527,0.43700000000000006,19.899636651886485,13.686579424626519,184.33365488644264,5.425577204142059,2.3168092690107027,1.6104347826086955,0.1828672251465333,584.1696958255679,-13.271515319188964,4.255286543694126,3.8769656809415487,5.977432143946325,35.604786865789734,-13.519776752068902,27.037197084492266,-29.216502926043585,422.5465557891406,538.1060428758515,15567.80171968762,1481.659367033831,41471.91648488769,75446.84031965164
IPVS_PD_69229acc,B1,2.893175135055729,9.707045253688598,5.070061631757435,0.22493199512240875,0.5709523809523809,16.880929359991452,10.877992254092016,115.1667135975599,3.8873817085238183,2.610566595071709,1.8727272727272728,0.15514193665730552,480.0926400268737,-15.110315798706802,5.008250376140916,4.070912672357189,5.780500799147576,23.637557452396585,-20.605580584402038,33.80881201445127,-34.48260627804286,263.01877276709456,389.22986324365814,13960.907576196714,1255.9442161945708,35132.802018005365,67425.55628603998
IPVS_PD_69229acc,B2,2.5779164357450375,8.521292955322476,4.712686989156769,0.19009943333689727,0.555625,16.458809207916133,10.996522694647147,110.72761026054971,3.7592820680190795,2.406330479827587,2.2211764705882358,0.12672663654762972,341.7668686920247,-16.673617851187444,5.976268921409562,4.298086175558645,5.831157528285466,20.528172778787557,-20.339558189506135,35.44471710269927,-35.964909458559134,238.58498487214513,358.61896742898296,12416.749506517413,1191.8292040878619,30969.302514132505,54521.49863206756
IPVS_PD_5fcdd5c0,B1,2.5924080809396535,8.841826680343742,5.7663549883790735,0.37955903564805277,0.8634375000000001,15.433413005455618,11.864566289429145,140.0033171599146,5.550529534891794,2.3695225125291555,1.4500000000000002,0.20360976307848125,2201.465219610229,-3.6709388756516836,5.552960377233516,2.774915859605742,4.83138005261899,26.375437873480323,-15.776853334457488,27.431679790197517,-23.32114303655552,417.51988362818383,396.5620043427518,10544.063125330891,1427.147176910173,26649.406023290783,81448.85971798627
IPVS_PD_5fcdd5c0,B2,2.7364699081760437,9.467166722089653,6.093292788801863,0.36107648309745544,0.8206666666666667,13.941383670341237,12.10784003308486,145.65779093166304,5.282083395031405,2.4385418318864174,1.543928571428571,0.15841298503173465,1206.0945985558885,-8.875355320778764,3.477394491410873,3.0651902911197477,5.178394449950446,26.398768057490653,-14.761368955401593,25.033228889096332,-23.73217668434365,449.2125288039763,412.14069554110506,10830.032582778318,1371.9831744268322,24869.690646242125,74680.4685778105
IPVS_PD_5e7a0360,B1,2.390528485590883,7.730943122216291,5.2998143288595,0.2933041643878428,0.6256666666666667,18.202438614753518,13.97003979509712,146.871186403883,3.488191665073032,2.0771082365970894,1.4551612903225803,0.1489362708636182,226.28571901573628,-19.22739407181963,5.376313637919996,3.250253926087976,4.8814832199014315,28.12719743729979,-14.925767617057854,28.552518496835155,-30.132660039839763,323.18053730650263,408.9980178614027,9235.73323707304,1211.0560169413393,18283.3435945878,57054.18745774531
IPVS_PD_5e7a0360,B2,2.1900285123452505,7.187081341653057,5.2205067056318795,0.2456709033523842,0.6,17.61958540172041,14.008860284488128,146.6105759593786,3.9871685417288525,1.9306131425008473,1.764,0.14483753448447034,197.9130889518086,-21.751829895313634,6.938478430571204,3.5997611532884073,5.101547388781431,24.567090335238422,-15.627652522453904,30.48277006897017,-30.56794154962926,312.27714440872177,417.2691175097556,9946.694219337576,1193.9104637218531,20683.219398349873,58595.55511140733
IPVS_PD_b85147c7,B1,2.2517696486942147,7.407975270839338,6.205920584183231,0.3033404243086299,0.5734782608695652,17.002006307118016,9.53028818155111,129.1166050724396,6.169460882282036,2.179608265528762,1.3130434782608695,0.31033000124432636,615.0655546118522,-11.352432432651307,8.199261762153235,2.012303800379463,3.1743152548521674,31.736905651698958,-17.4758137141075,28.15177628187302,-22.920429733522447,320.79268007157384,440.9459362337651,15230.43134100791,1115.2156096756114,35707.659377203614,64592.00332440643
IPVS_PD_b85147c7,B2,2.4671997000864017,8.467210208310675,6.420855838732005,0.25408883032323076,0.5463333333333333,18.14319791666394,10.385719127706318,135.24318109929456,6.380366076105655,2.45371730835805,1.5976666666666666,0.2464071504544737,1022.2283258154625,-8.042458898751493,6.879400522234856,2.4649251995969306,3.616924476797088,27.904813580342612,-16.280327822038828,27.383486578966203,-21.909252528031512,376.8720070618225,404.97134134424675,12209.104106210098,1119.6305053340925,30669.352637165543,55930.92663525592
IPVS_PD_283812f2,B1,2.0316830126364454,6.67522370175789,6.696202414732078,0.279915697447506,0.6403571428571428,20.24418526044262,12.701259679463057,172.6817779904956,5.704685218205605,1.8530368510307749,1.5865517241379308,0.18937418263830066,1039.7101500952572,-10.995259116952266,6.1243465290594665,3.387713683553196,5.144618302513039,26.22746077589571,-19.84305264263839,31.89657358603983,-30.435937171700857,354.46446477666206,374.81017550975685,13456.095822075025,1559.7406909024066,83715.26336170419,82069.50991544907
IPVS_PD_283812f2,B2,1.939418659651258,6.373888267789531,6.518831154585806,0.22326092933736594,0.6089999999999999,20.358328226139115,12.955352002111086,165.77450999602527,6.29142489698691,1.7491722675423256,2.012380952380952,0.18847420748413446,1337.6810120195366,-8.714885754909892,6.422554096272149,3.7576757400788194,5.256410256410256,21.996150673632116,-20.274488945909773,31.352079292401623,-29.350384909487982,340.0771181368614,368.8140209274775,12061.008823743497,1486.5259760428366,71631.2237321987,65200.49096800194
IPVS_PD_37ac75bd,B1,2.050387136406656,6.624087080997732,5.242422837890538,0.5283141459056668,1.111965811965812,21.235456148877468,11.91111103235789,207.55445072055736,4.725289959328644,2.0702603227745775,1.0163157894736843,0.30828513656303375,319.4637270154401,-26.055090067363622,8.597422231051056,1.461899250776634,3.25821341297855,28.507035390144367,-20.76560416548844,34.37036176019535,-35.87891240566681,351.39446392693793,536.207455392142,9366.50633427642,1396.961947899194,40031.053237228254,71638.49937104865
IPVS_PD_37ac75bd,B2,2.068796855988357,6.736864177055619,5.188959749019925,0.48190541647942053,0.9115000000000001,20.699781506248954,12.018534510354273,202.08954698241604,4.580917291306034,2.195568565456714,1.0372340425531914,0.33069942943201835,345.1855967231426,-24.59324734175822,8.656997645546866,1.5966586481270981,3.24940822035722,31.721694995902613,-20.454944242170914,35.02233164669656,-34.57379945943141,351.03499243405065,540.0023691086976,10193.871731153537,1413.0831219758988,43429.4949609788,73867.21573258913
IPVS_PD_7f660571,B1,1.5470067093253672,5.2659059669367885,5.195229988416456,0.3761881231287969,0.7524418604651162,23.17633653580953,13.117812510727072,179.9107482886368,4.46355932376868,1.5016805438972467,1.2320689655172412,0.2722252703467178,213.55787968441598,-19.60232698099477,8.471540655711875,1.5696305554748133,2.6756515707065702,29.99738394907421,-20.882445711083825,40.35237428200365,-33.72261478385792,276.46064539774807,676.7135640084389,17948.591108391003,1900.9636061259216,49620.879356205216,134448.40230671014
IPVS_PD_d0de0fb0,B1,3.2484997221598855,11.28701512711633,5.389363481349619,0.29630700296307,0.5694444444444444,17.42146223535137,12.187834920270092,150.55106977498005,3.901351629188946,3.1038431547433176,1.3469444444444443,0.2171912655515939,331.75160208399484,-16.27100312865552,6.984296375500903,2.84743802847438,4.392419175027871,31.2206403122064,-16.344780674387614,30.583562751830367,-29.670916203648577,327.81082885272974,496.2328697024449,12215.389502722044,1428.878481235135,21065.970027735737,73839.85433731045
IPVS_PD_d0de0fb0,B2,3.222868280789493,11.112474273892024,5.222907297841103,0.2956056553305312,0.6446666666666666,16.311457062632,11.688647591902962,143.44411247338354,3.90357044900149,3.0385651108618936,1.4829032258064514,0.1548731432830086,354.0772410556128,-16.179183337311503,6.804441290201915,2.934658005349637,4.544378698224852,27.512418800152847,-16.222424582554787,29.297146707719726,-28.89585718916855,332.64616334398147,493.93615597679656,12965.702648838176,1437.0189832126425,22155.536480264815,79479.16911295822
IPVS_PD_a326f905,B1,2.330418285462743,8.025996918339693,5.271451257960473,0.2486901335694783,0.5616666666666668,17.35056359863581,12.457965137591824,120.65974652232177,3.154524601592786,2.00122741182809,1.6909999999999998,0.17760975513541732,200.4447140186873,-25.252934245450835,2.89574159317294,3.0846431997638555,4.416737109044801,26.566305069736554,-17.44261427602526,28.805329554153282,-39.213040292214146,314.47504865618293,456.38287380016965,10423.61585188253,1349.3342427165323,33709.44938259934,74246.382016622
IPVS_PD_a326f905,B2,2.2585583172548733,7.860991209704577,5.31198957315011,0.2647697130455751,0.61,16.790465600620482,12.90248626488956,121.51037657432907,2.982400015991899,1.996724118488246,1.6292857142857142,0.18079809788163942,273.5119969829123,-23.146462147278783,2.507569025646376,3.2151756289687325,4.6522447080716445,26.042922594646733,-17.333734353443294,27.90465079157885,-40.666500464915885,325.63998872032744,426.86387687678524,9748.50447737439,1284.2714553846931,29772.29163429636,73136.24557733804
IPVS_PD_c41cf2aa,B1,1.8815565938221424,6.156582514621348,4.539314035564271,0.2462381967712458,0.6315625,20.99003910522666,14.285901611603622,195.63570073716906,3.756890069825927,1.8324916714765596,1.871212121212121,0.20841033725716732,247.3607431978931,-18.495429332999322,7.162146056039994,2.3393237892171794,3.3719704952581666,23.393237892171793,-21.145885333695695,37.57578343055204,-28.133390012151068,295.37662815453365,600.791593110486,13211.49695601045,1848.8532675726597,37332.32099004433,110678.39262585694
IPVS_PD_c41cf2aa,B2,1.7539784294012,5.86342128986103,4.699952415033728,0.24044575549000327,0.573125,20.131974457497858,14.59721317511536,188.21552102646285,3.0916576950782075,1.6934633375505501,1.7521212121212124,0.20360133223596247,303.3183310215215,-16.122454427491693,6.6494147098307,2.648312028843002,3.74351371386212,25.172074729596854,-21.29911115906197,38.052700427108604,-27.209269472760976,296.729413279309,596.4442663716383,14445.657808046853,1881.7303205555252,45453.17550036475,112039.97128382877
IPVS_PD_8f283065,B1,2.1135801308660764,6.670723135950431,6.006358129679731,0.15636257423814623,0.4226315789473684,19.13026682188073,16.000546133623086,200.92047387633045,4.006219199909407,2.066425013684278,2.1605000000000003,0.11970668611178684,649.762086243457,-12.401733709965907,1.063211120491057,4.303378444163178,5.5864509605662285,22.19842274364716,-10.211680078779718,24.85882385908467,-24.511060702017936,561.1677492190047,489.9620376671375,11985.143953750621,1471.8244006039038,28806.23471796098,69383.72177364564
IPVS_PD_74add44e,B1,2.3672018613873123,8.220710536841553,5.296070086551448,0.4344523329535163,0.7664948453608248,18.8606141719192,9.42912808313799,156.04667946367437,4.348722254481128,1.9369667261347698,1.048369565217391,0.24891118638168963,331.63582320948973,-17.7779672957578,0.701901779319984,1.9049288573348526,3.662098404852842,34.00823910947498,-19.95509711775481,33.90832493836581,-30.291984698000803,360.74140078234103,399.5768178333714,7849.489340196019,1820.3034086441025,31455.146705765455,82635.38026431123
IPVS_PD_fdc0ff6e,B1,1.9354335164636365,6.7140185506549175,4.963307234372384,0.36824338403834134,0.5137209302325582,19.189990952924088,10.800552208938608,110.73860479532887,4.068537950647237,1.9256372369405779,0.9103614457831326,0.18711198832683784,458.77895987013926,-14.064651815927188,1.7812248278735616,2.058762242133778,3.507028255004969,43.00896020004168,-16.874225746607394,32.36389824063271,-32.43368861152018,305.2934263735356,384.30981201457826,8848.11927041667,1462.9796174427784,22987.526190807526,61849.31992800877
IPVS_PD_fdc0ff6e,B2,1.9314707844422894,6.577211816093568,5.3863480579455585,0.35365189403317654,0.5668253968253968,18.994518383513128,11.333519741059899,113.76802354524118,3.9808168370556656,1.7857666045067406,1.0338095238095237,0.24434428300046057,430.74170246571646,-14.232046672173135,1.5828939533483535,2.257984649665759,3.8165383327753597,37.43500866551127,-17.375629305789865,33.59795410672328,-32.40091773150693,304.7549264761142,389.41421568105034,9515.880758611253,1502.9852867237835,23674.89993499174,64905.058275125695
IPVS_PD_0bc86f51,B1,1.9802529136849585,6.587442623402499,6.872002215118241,0.5814000873235337,0.9602884615384616,21.34175579299253,11.0316011255448,171.69953140318637,6.247149546827539,1.6868479711033124,0.730204081632653,0.2382162181474767,721.6500638283969,-9.958326775148548,11.885925919123228,1.3214961432105952,3.4197047303404644,36.32659001600931,-27.79419130095855,41.87295204227164,-31.03275104239028,193.66505832874918,261.01796353061866,7706.167109256145,1088.5855345101,27939.95867307248,30725.064341944075
IPVS_PD_b3bfc7ef,B1,1.9275831868840316,6.466711365284956,5.109542061817164,0.6666398633028445,1.0980794701986756,21.167750343045274,9.88888328782272,140.76958711302805,4.779487295324476,1.6962531785144639,0.6598387096774193,0.34126832183850864,240.13512306664654,-25.388233887587933,14.354719640174405,0.9769826113177204,3.315595579205894,36.425771434315,-23.077452966108982,39.492975432910015,-36.74275211910168,202.9726855312302,456.1340922936862,17799.30787507135,1296.2508447236792,36427.32737533208,64276.14937751983
IPVS_PD_9bba66a1,B1,1.4588609118767106,4.988812944902775,4.267053605252588,0.3241432794218471,0.6008333333333334,19.132304946692372,12.127693390750762,138.87340482480934,3.6040437898105346,1.32747088120819,1.2710169491525423,0.24459197334663402,184.8892130787732,-27.069449666989534,4.775400821965226,2.0320771469996517,3.1966053748231964,32.36937048318029,-16.928728385103224,27.65293819922418,-35.041076788644915,293.098045662556,391.2708812712769,8261.741993871652,1432.0921978037088,18698.202048294996,56764.782112227644
IPVS_PD_9bba66a1,B2,1.49203193779303,4.898359131583024,4.209160399220909,0.30853919293935667,0.5747457627118644,17.94349156025797,12.027934258108182,138.9900115698405,3.9253874316422945,1.3571018259036394,1.306206896551724,0.20869889131541342,179.83544864555864,-28.243691842654812,5.615250852210526,2.192802875210409,3.3872101194659168,32.20963559437696,-17.16197907109028,28.270734397104007,-36.10534679255363,275.91460037920325,400.7887887524006,7932.84519814732,1413.6768979471785,20218.70501731882,57118.58844659532
IPVS_PD_babad183,B1,3.3024031344578413,11.100147950938602,5.154700861950008,0.29876338490306426,0.5571052631578949,17.388800305532005,11.575543033623001,130.03537379614176,3.841509922408338,2.8691415212932245,1.3055263157894736,0.2436334179543546,588.143437801324,-12.446484659023813,8.54788789340665,2.836629209518937,4.323510432351043,32.17668954081183,-16.521177129946725,27.135544249332504,-31.51338184617828,319.5956757159328,363.0647925502798,8789.828400268423,1479.9040018494413,41337.683899902404,54306.577519585255
IPVS_PD_babad183,B2,2.727196735788234,9.514424263295583,4.8707616555019175,0.2479856058828131,0.5465517241379311,17.250048231138432,11.696874349475213,121.15579379012419,3.5522159512746403,2.430066096015319,1.6506896551724137,0.16738431686950125,585.05481747454,-11.803644237824598,8.302786130735614,3.0039896737854965,4.280936454849498,27.22365641868106,-17.096005323168292,28.61037405663735,-30.38414234928009,314.3089491766083,377.3981266666967,9295.126972523238,1562.7796602933358,49751.842604849786,63889.82202588586
IPVS_PD_e32f1f63,B1,2.913224946909857,9.568123367095481,6.017754602142514,0.17840461580730835,0.6493333333333332,13.86887362828354,9.854667902230993,92.44367170656639,5.076023603391719,2.765573592163708,2.79625,0.13768464341146525,1743.65454130544,-5.132180560831753,2.3463983361234035,3.6083890466159905,4.866600790513834,16.48502610129133,-16.67997896505517,27.46695626440517,-28.89835847456105,350.6383759257722,283.5765207715451,7160.3941942115,1117.411423289805,44900.79872504036,48137.080189961205
IPVS_PD_e32f1f63,B2,2.592452188407148,8.657359693771731,6.1056133952936715,0.16642754662840745,0.6214285714285713,14.21477602244571,10.24810213175223,91.52857011097106,5.042158716534613,2.4824902255798826,2.897333333333334,0.1042552909880443,2427.0669980787957,-2.3440946622470498,1.7799041529308752,3.672883787661406,4.779686333084391,16.068866571018653,-16.770485182095392,28.694887476016493,-27.228491075783523,340.3796843675556,284.4998312702055,7360.0364081486705,1161.7343610714488,57810.37146059442,46113.33148036202
IPVS_PD_5fcdd5c0,B1,2.2913119375633224,7.659042820371397,5.6802816610510565,0.34418091560948705,0.7389473684210526,15.831580734144426,10.147243739362285,118.3150544634148,5.829669148810014,2.1133980447745597,1.3689743589743593,0.22474241879573936,1310.0284300927372,-7.253835868313314,3.4869433801146013,2.1695164552307413,3.4987151610990312,27.94631366059938,-16.716333352599445,29.31200148730408,-19.53893927563893,367.59629244020476,359.87598857968703,11591.301884424143,1422.0128173063977,33340.654581087685,80501.44486868786
IPVS_PD_5fcdd5c0,B2,2.568934838460436,8.79138305547684,6.235582522050114,0.3724309736350425,0.9279310344827585,17.373375585196857,11.545625213710359,121.70385202052562,6.324072761509373,2.2560261120523513,1.5076666666666667,0.21482012969657624,3173.131150732829,-0.7474702442792098,3.8225542785730697,2.435817590478168,4.1227453736238,24.08137845131825,-17.60739822643923,28.601430882630957,-19.863852530369588,377.59979392169015,366.5301987204747,10308.070600698451,1398.144036324833,32437.613614978134,74667.57347081776
IPVS_PD_131a10e3,B1,1.9850262362077002,6.517038984156646,6.561929583472188,0.39182321703877115,0.7797727272727272,19.135862810625188,11.225927470265658,134.77208081635118,6.461608868354628,1.9396340319384808,1.1808888888888887,0.24767466659117068,670.8900958919609,-10.84166429442946,7.931215421383635,2.3982184662821906,4.361370716510904,30.149032147547537,-26.04090049803483,39.84631159874221,-29.17005852272473,260.86340763283033,371.8129758370201,13148.889165478264,1626.1724559387783,56982.19426337445,76536.25931975806
IPVS_PD_131a10e3,B2,1.858861582900844,6.239222858033231,5.668975931341059,0.2801331853496115,0.5915625,19.14020483302589,12.021253445628176,134.8791365786636,6.045058492759262,1.9434960728335973,1.6675862068965517,0.20321436119253877,378.09974234022445,-14.472715965930174,7.744040842212981,2.782093969663337,4.439197166469894,28.412874583795784,-22.75107607933058,37.18516360425992,-30.927296828751896,254.98296949016847,416.29909698176743,14588.51462892162,1555.4692991225795,47533.35723075426,65376.70548608922
IPVS_PD_b133cb84,B1,2.325864738548265,7.7502091354389036,4.6738169665989995,0.33720126027818337,0.592972972972973,19.020180808702467,9.99370289089423,146.82784669140656,4.086490146716376,2.140332844099763,1.161891891891892,0.24616672383004023,177.6931529327046,-21.51073629897801,12.005040893209358,2.382233151463921,3.9876511448417804,34.11972642741874,-27.795253273884573,41.83659375933177,-31.57174461098578,169.33353234592872,268.39907983202306,6186.226785218541,1410.7804035976428,53421.350106105885,96682.87293108663
IPVS_PD_b133cb84,B2,2.5804084430875074,8.59485461567393,4.69862174720869,0.30694411225384677,0.5833333333333334,18.615665976260065,10.46077247806576,152.09727153809814,4.461403615084368,2.489657889208651,1.3130303030303032,0.19384117010509178,150.9544081651677,-24.66518405466698,11.558903632560988,2.7106752770469584,4.284274193548387,31.57139440325281,-26.575233163753765,41.363330370702,-31.583516730520778,179.57483813786646,349.9175684422531,10017.824345843506,1349.2229743215507,62748.44328306349,92456.52868419241
IPVS_PD_283812f2,B1,2.014419883915182,6.414214253804236,6.204149273144723,0.25895271654511187,0.632,21.66519717574392,13.82994367505155,167.54912227802828,5.769070226176466,1.8235562099791378,1.8003999999999996,0.1855370302063853,1292.1682526055938,-8.771706434198762,7.302697043608484,3.179546013275424,4.666827038729854,24.58411865934606,-19.84562793650249,31.244135161408916,-29.34271153667652,367.45316564085624,418.7581536309116,12311.0488091934,1473.1745385409795,63552.44374563804,71591.02067162146
IPVS_PD_283812f2,B2,1.8760240439626503,5.872712562189055,5.967488777011852,0.23480876665234204,0.5939130434782608,22.022327092763447,14.484119682371063,167.3857484839657,5.969457033601949,1.7096593472793031,1.8499999999999996,0.17554284062543232,1187.290205667751,-9.33086751998302,8.462314849993382,3.3175762784701335,4.689018464528669,23.721529866781264,-19.62710756293086,32.662147846101746,-29.524537260056867,361.9594802745917,415.6022110800957,11682.518440790735,1408.1145104056595,67029.82520438718,65682.48721424864
MDVR_HC_5b90506a,read_passage,2.4825659424557083,8.100094869167894,5.652738306019915,0.24224403536974828,0.4516049382716049,14.926290362420565,8.343706626674896,172.7039398475379,4.704687508118862,2.163599547174124,1.498,0.2283616311767326,1130.3977983472505,-9.812053157520948,1.990964441415647,3.483334133528912,5.35477959890054,32.18441803982987,-16.811103435092246,23.128046466893316,-24.516957436313533,465.46990910009447,461.0973120563391,14443.668147986946,1944.0492929203874,118722.01567776628,97316.07158503073
MDVR_HC_2167568d,read_passage,2.1664016772696573,7.283106605002682,3.7962068389507118,0.24411252634472652,0.7539622641509436,15.238111720991935,10.13019472809632,191.33866392146953,3.6739150261851656,2.1867200004248537,2.6804347826086956,0.2747689202855077,891.767814540468,-10.855669323063871,-0.6804387258333193,2.0403799749534195,2.9424720288961326,19.426372216622376,-10.288984952335058,21.047777040418353,-13.597687134526959,683.9165650491769,535.7799526911018,13568.65605305009,1739.3579680037242,33258.563033173916,94815.26588821966
MDVR_HC_1904eca9,read_passage,2.7959059189891304,9.717753620540943,4.607342767190076,0.19003209299534327,0.40800000000000003,12.824993606465869,7.735821276442326,122.52496193962473,4.189439801712459,2.832109452142908,1.8959322033898303,0.19215908898089268,1348.7885878959605,-7.92237735664167,-1.7025614625667007,2.701436616110272,3.833248601931876,27.945896028726946,-12.164761151489872,19.697619309742088,-20.03455790949729,508.20904830719945,343.4231419588201,7718.37616410548,1215.675542962851,31399.224354780967,43611.155517139174
MDVR_HC_d6afd10c,read_passage,2.210740298236081,6.934593929135218,4.681281503968013,0.2747933383364786,0.5439285714285714,14.962563059831727,10.67380620987157,185.70601529201593,3.682641313028767,2.213950157594397,1.7781818181818183,0.1412694245709678,1761.1915103901022,-6.139025068373215,0.2927351904607658,3.00414253663977,4.501825064215223,30.312068838167043,-11.570443621123108,20.924882552858232,-17.966229276794003,619.0441859429413,357.30486687002474,10586.19210020248,1178.616304945101,32721.626900061918,59838.69858624669
MDVR_HC_a92e7b26,read_passage,3.268460981446961,10.767417571245941,4.645466599393575,0.20526360142996658,0.5998,17.58491760163431,9.734475926465906,196.24559397467664,4.553595415887652,3.0676735642102684,2.4491489361702126,0.22909071826299648,3519.2905935493304,-0.3701871347011291,-1.3002016368095326,3.0799806816767243,4.316960859554873,20.533204544511495,-8.37634874962442,17.189106278230586,-13.960213279615953,868.3574546557893,460.72421506078877,10425.00074367525,1644.4189085762403,38537.85943784443,81406.74261541432
MDVR_HC_139c2848,read_passage,2.5967761872035857,8.474559195104595,4.536680460350869,0.23335139787688483,0.5136842105263159,16.445153220437962,10.044982015452115,164.95155900362516,3.723382424262264,2.623541832198786,1.9116,0.1466332662401498,2206.906272315694,-4.227463256154447,0.5662630439018912,2.940801428161561,4.195088676671214,27.25620835857056,-12.486009806149179,19.672467478915372,-18.297642170540243,507.2092935449334,451.92254171167093,13323.211583077236,1358.5434782341028,36635.16116798304,78003.91162574137
MDVR_HC_f9f5c386,read_passage,2.5155157688031076,8.47051009526752,4.573261953018182,0.23925453942764538,0.5238709677419354,15.745437265048201,8.79082487928148,201.16465194521342,3.713627519052367,2.103190019156975,2.0883673469387753,0.17268341835170767,2327.9045449710893,-4.181781300382203,6.363447702624708,2.9538506868991936,4.4022395433088155,27.402305624102244,-10.37472565563246,20.13104429665713,-17.363844953479138,573.048480110348,692.0298445432759,23047.82665202098,1564.5475949960864,46503.724016833585,118774.61366315711
MDVR_HC_b27d917b,read_passage,2.5224592136018265,8.551802627645362,4.665710694654275,0.2867906779543153,0.4295959595959596,16.499274246289847,8.553096314959982,197.72226095159021,4.253164826648071,2.469438525228571,1.308125,0.23445174372726071,3777.4360088104145,0.5543438875812402,2.986729840393471,2.7445051946251193,4.5032086744855055,40.05494067831255,-11.942911433223136,23.202325699990244,-14.019913847071141,635.8553269755065,557.5728784816405,14107.030437104288,1640.8864948919704,45461.531239168406,90772.85071786706
MDVR_HC_ebc73fbf,read_passage,2.4117689521310735,8.123161697201331,4.937877643241037,0.2427188211240983,0.44309859154929576,14.78993119396898,9.457701954097583,201.91721126821417,3.8260215336061973,2.3405426521773807,1.8358490566037735,0.1494273721523975,1761.475300039381,-6.457998617389521,0.8413059945214219,3.1092080391929944,4.6476761619190405,32.86656636963314,-7.971979145107002,14.501460523576526,-17.436048633771858,733.3172471112346,549.0430568142766,11869.0969576759,1375.2894934286603,24794.71217223412,72853.99433131296
MDVR_HC_14dfe758,read_passage,2.611562029934478,8.31779352399266,4.383304683888362,0.2680485942040878,0.47,13.154018403367909,7.629518674014936,165.8373592921209,3.9193311608828014,2.5063415366587765,1.5522784810126586,0.2536793096196906,1198.5617797544883,-8.813905308164475,6.158998665639487,2.453547637550715,3.7956070214134727,34.21896947286227,-16.405744993772213,29.004565347998835,-21.04550097531586,345.5381081831556,432.75016916383936,16739.348510189346,1706.0878407258645,61884.49306513792,114549.00359236564
MDVR_HC_98b28927,read_passage,2.452167570631191,8.433717985913592,4.2677888333155956,0.1760921296160287,0.5449090909090909,14.464394705956952,9.579452732495257,156.5484188448082,3.9642807485762726,2.414386199351716,2.8314285714285714,0.27884008352262085,3126.4687000472163,-1.5247393572419519,-2.307205691471819,2.7556626222862013,3.6140864606611696,19.3895237815447,-8.151919918744797,17.419024038625615,-14.885571876108878,820.2162581698293,443.23425320773157,10903.613098669997,1291.0885442900976,31079.399733038998,66186.81920499878
MDVR_HC_7b342eb8,read_passage,2.879151544336678,9.874018246673145,4.754138090762807,0.21063837337213018,0.4429850746268657,13.440595633354308,8.740255321919244,153.17809302780302,3.962307493026204,2.772589461418348,2.1038461538461535,0.22148528057667535,3075.7358452972435,-1.4556061812451047,-0.3447962835220011,2.6471736276214473,3.7711050449903953,28.529860544338383,-15.168417713898199,23.59961062916063,-14.133395410927555,647.1929181682825,415.66217460534847,11302.021318191884,1844.8474629662296,59025.57853418098,88449.2580159808
MDVR_HC_b92850b6,read_passage,2.4167485800063933,8.311051624688194,4.876478322994099,0.24254165488241405,0.42342857142857143,13.418266652327475,8.603113822919212,159.87848086544926,4.591080908319731,2.3729688359974923,1.9913043478260868,0.20997857647931753,4287.801724541256,1.467915287362878,2.2983880244615804,2.6758138038646897,3.980038948393379,34.368250691840046,-12.10691985751205,22.170116109108413,-12.081364976530342,809.509912835469,526.1685809146644,16001.563987112559,1675.1918323400287,70380.377692846,115258.80596804587
MDVR_HC_036b857b,read_passage,2.051424558466562,6.846997139733998,4.263170677067634,0.26801350826335135,0.43533980582524273,16.282865990697786,9.756732024160554,172.60500844947364,3.8427015675890503,1.848543064500447,1.70943661971831,0.22080481736737875,1507.3583035053364,-7.386860511001162,-0.4016634641077621,2.414751501748304,3.6010339602460113,36.93852544753593,-7.942536253342906,17.114443425413846,-20.156083079773328,644.7718393797524,493.65496730680655,9797.192963315196,1521.7979877056212,36681.180199830516,78247.16422605
MDVR_HC_0ea9a23f,read_passage,2.8438366622895037,9.43996814957153,4.262520571961873,0.2515275349221006,0.4831132075471698,17.613650685548432,10.099916570393088,177.618603610501,3.7068483105052983,2.6663226243479685,1.8298780487804875,0.13111147864789982,3600.9084456928626,-0.39774841865387295,-0.8394848178186676,2.288846539224739,3.4254630990885038,31.238334741350517,-10.89566222807117,19.773974998344492,-16.188327224546267,752.3502781906112,373.4628497016226,6565.053542390484,1488.8787060014597,28548.79864275226,49544.33196067203
MDVR_HC_7f650938,read_passage,3.0306651839162013,10.624145103038842,3.3259221204552336,0.33364281950264735,0.41550000000000004,18.609353222633185,8.722963789915642,194.52576990617828,3.591754084303529,3.108096786397759,1.000608695652174,0.26823725402314336,1276.6865283551763,-7.750263143129043,2.178505261222867,2.259846499639729,3.778651577634986,48.17946852023788,-11.293639751501276,20.264226956314243,-17.875130075002396,546.1822283438235,495.4659531573761,13987.027950799624,1693.575444982132,43396.527712156356,94642.23749836575
MDVR_HC_9be326ef,read_passage,3.486390974400089,10.982166778579229,4.414262611881301,0.22972684956958755,0.43048780487804883,15.021821581379557,8.153030388410683,185.02994885068838,3.9508256113694076,3.3453495102784707,1.663714285714286,0.19436063475583965,1949.1963880504577,-5.53527994067834,3.653263045928636,2.518535149672249,3.814687037949729,32.01858639893402,-11.101316778840255,19.077813601160265,-17.503283230844154,568.6338020562325,592.2625583269473,15570.322244858633,1464.0687786685537,44021.790130538255,84445.22067692931
MDVR_HC_38c3a695,read_passage,2.3104059976240023,7.420229186562933,4.270868506094122,0.26572418762653116,0.4964102564102563,16.36806681528875,8.324918243209344,187.1829691935495,2.9953466520493284,2.3230793368667157,1.691935483870968,0.18484246174452726,2215.798198385398,-4.588229380369409,-0.0036985798966089334,2.6970456027176337,4.213121783876501,32.117489620148916,-14.349257439495759,22.11875604848121,-18.812098823572747,461.55614498907556,431.32307429870644,13407.126915010007,1361.655225230507,41120.80681328405,69417.75875552624
MDVR_HC_c1be5c84,read_passage,2.0040073342124445,6.889622544620349,3.9709636865995854,0.2720968286538012,0.46767857142857144,17.948048691158302,11.290957368005062,220.9289178385186,2.7662136190084268,1.8943128949030579,1.5619101123595505,0.20091974002407534,1976.6884865507986,-5.748228250533557,2.12790645602462,2.0830627775901926,3.3275246867479877,34.908184203007714,-8.046065010817902,16.56727857903568,-19.224531838092243,661.9036045771691,604.6831511826238,13356.251018379118,1702.0447891915132,46351.759652705245,114605.58932714975
MDVR_HC_d2e37ffe,read_passage,2.05777067219715,6.035312792829591,3.527520665746764,0.2945843685901027,0.48999999999999994,17.155247395280224,9.174131048457138,192.95287327858554,3.5313641521037438,1.9254625038020399,1.3780851063829789,0.2792003689029919,551.7545883868816,-14.60379185669348,3.1992524063844066,1.8250489307695867,2.943213296398892,36.071555337563595,-13.589377103932796,16.939571024743593,-18.781774429255318,505.2126198179861,447.05903467055305,10368.635228989906,1813.4825634805034,59232.75769283633,88642.79608056668
MDVR_HC_b850ba3e,read_passage,2.067553732493174,6.7953119766420755,4.683168386652003,0.3062807665693439,0.5057291666666667,13.15991485467468,8.035474132497216,136.43907861011536,3.636496775654109,1.6959748674813022,1.3744303797468354,0.1986969860729343,2570.093985613046,-2.26711860169703,3.31265025719577,2.5865111080006384,4.223320972393902,36.33732678556995,-14.522486872175826,24.096341726946775,-18.314382823051893,455.78880183661755,427.29468058791633,12877.829174251361,1536.0921620410872,47216.103755814314,68485.92234187426
MDVR_PD_17dab8cc,read_passage,2.556621140597511,8.566421712575053,5.178500813481593,0.2407342490200453,0.6091935483870969,13.387942543232304,8.33759119271643,122.60948905680881,5.245526590099847,2.4745356018409814,2.47,0.2337957181724436,3912.195415375547,2.8841047078111064,2.79428625342935,2.4411230440740623,3.4175069153207818,23.710124605627968,-13.47158299839892,21.612584055870688,-12.276768885444431,685.886545711476,373.0659882215241,10175.114215034326,1398.919633917146,36886.82853633114,66881.46799172089
MDVR_PD_39af23a9,read_passage,2.156307429289769,7.390369111370877,4.952927594015221,0.255959216456797,0.5401724137931035,10.705175948147964,7.515853288180087,106.64702819521364,4.365636285475576,1.6753367002507302,1.923404255319149,0.2386308653159796,1268.2732376537972,-10.365789162821317,3.207981297907441,3.030988487247739,4.4235125789912955,28.430835405989573,-11.184454803806915,19.400749061182612,-21.624002926454317,450.6383223775076,613.3844791077585,31669.3385732065,1396.7322588712343,71508.10582441352,109616.48870139374
MDVR_PD_176dc637,read_passage,2.0215295151205424,6.6252690266805505,4.672620695483584,0.3324652048503179,0.6314893617021277,13.634331107000857,9.323710384297852,121.82969909616862,3.0639500492504723,1.7496252882486112,1.69,0.17172099877787783,2481.7925355251587,-3.841162201622728,-0.4150405503320691,2.419558094598001,3.793799947308334,31.588675123918343,-13.716492891014667,21.510180254213886,-18.767931600740415,451.084067813218,291.1030910773138,7926.737141116389,1196.5143021136682,40262.902752457456,66075.81727865194
MDVR_PD_05c2223e,read_passage,2.241911024135068,7.354133027725852,5.6265140657085535,0.2974814413070744,0.7835714285714286,13.412434314639844,8.754799591298632,133.62460899084272,4.434401294746453,2.12379269596418,2.149574468085106,0.12334319598135939,4219.827598496544,2.199887195485076,2.7168040509501417,2.623639876614352,3.9538210053126277,22.778888851225386,-15.622692628299191,22.804464476617362,-15.858858716109294,531.5477180504503,412.0523155309785,15985.734322688135,1425.3199069729844,61750.68632030076,81992.03022773769
MDVR_PD_d4e614cb,read_passage,1.2027483980754619,3.90929748790308,2.582902022091231,0.2634529410936862,0.8190000000000001,11.036139966075678,8.365857974752545,150.4405270825323,2.328369255311946,1.2712791939836516,4.01235294117647,,159.1306015062321,-23.761923383291887,7.092547250165515,0.8792487248547933,1.2638717632552405,19.300581765105218,-19.218828033946593,35.912374023832285,-24.596357863110093,191.68922978656877,409.11726135427546,10058.233951442588,1082.065004570372,63390.740412310355,50370.47188130179
MDVR_PD_dbaf231d,read_passage,2.8713491250490684,9.78108732537714,5.230630262944145,0.30447153254065706,0.6516666666666665,19.33049793412174,10.5598534092704,208.61683287742662,4.308612475086985,2.726068001179772,1.7017647058823526,0.2343177047953632,3385.3245142986057,-0.8534788050983942,7.830775699307717,2.779358471352841,4.388951948543322,28.03318458174848,-12.822130079644472,24.622934286182637,-20.520439547979944,458.32462958383235,616.8033501174499,14853.190953432297,1710.0420011248248,41755.590943435775,107052.03209530684
MDVR_PD_403dc949,read_passage,2.8552360456697485,9.527065726199133,6.139804189642893,0.26914450496635695,0.49830508474576274,15.808932153190353,10.187423140240202,187.27193577963618,5.8414378168478365,2.8415193126382317,1.5855999999999997,0.28929800389533455,2233.164355993754,-3.1283336997493616,1.873574748017095,2.6090538746738683,3.9610840861709518,32.407195495949104,-16.64684216225773,25.753027935095943,-20.733772739338896,468.2529664139829,496.40978206110117,14662.962356817063,1934.145432508999,112047.20932385982,117742.65006247412
MDVR_PD_061277ea,read_passage,1.985523180728594,6.367480642065201,5.57139392728907,0.35137998359837624,0.46307692307692316,15.69924424093,7.484217001916138,133.75420838731955,5.230153804145971,1.9131480545810184,1.2523809523809522,0.30285241658939577,1120.9617859117407,-9.260828666788074,9.802097468004469,1.599304244284968,3.0464754280631534,45.52763907088595,-22.674089155032092,32.86935492406594,-25.905372720579642,237.13579925460763,413.3757156731706,19527.078401675702,1667.6867850506255,106402.39092328514,115319.03865742311
MDVR_PD_7139a675,read_passage,2.1057008449061496,6.80479312238857,4.657526439305339,0.4437578588108496,0.965,15.237760887102937,9.439284163357465,129.86486412295167,4.009675269310461,1.8171312278475948,1.374285714285714,0.20531973655654145,2798.049159884573,-4.561568368285104,3.442849969124854,2.292078318663553,4.2732752846617545,27.591162205855934,-12.275003435915826,23.453719130985355,-21.7147116030544,418.7518902258836,987.0506913499036,39711.926701471246,1461.6463704892933,76889.68939058631,99184.4112703954
MDVR_PD_5b73ed20,read_passage,1.772825779844895,5.736533784271545,4.108716647976926,0.24513882034433654,0.489718309859155,15.413852918493372,8.49833794642952,127.2091265447475,3.5074781399796593,1.5294393111786653,1.7414754098360654,0.18367066303926335,2673.4063341817414,-2.451797933111254,9.371213388758186,3.017527037888295,4.268900857769799,30.03426444253303,-14.913107536380764,25.93826288279332,-18.572409076587547,434.68077161559756,401.9915305930299,16973.814121379048,1492.956614727607,73756.90942932155,98815.90795688766
MDVR_PD_db446da0,read_passage,2.577650348729918,8.641404495697179,4.81997937436435,0.31228555950159514,0.4117460317460317,13.522004964108602,8.53108468467182,95.25689404268562,4.389205525498712,2.3011233216710414,1.0876923076923077,0.23743174241574466,990.6875007545966,-10.298627434619734,-3.3549493909845367,1.7456208992957323,2.7286413248024086,45.50653102991633,-19.361787313457885,29.3639392984832,-24.088594317226576,340.33161840701143,379.852804385186,9382.03029698322,1440.6266385609808,60009.14029175951,89878.3811393411
MDVR_PD_7a66b834,read_passage,1.928739445343375,6.421458171832844,4.52418369330777,0.42105263157894735,0.5443333333333332,15.149503031718842,7.889236810362667,123.03268074428112,4.907132154248823,1.9463721974394155,0.917319587628866,0.3085640299653068,1422.9142008270917,-8.745129900144118,7.857744526215618,1.405227704902182,2.8078310149407524,46.41119025365005,-13.610432931223624,23.67215468286704,-20.379453694525942,360.7081812507008,522.6359747049819,17757.836902129748,1362.410594854493,66634.77446136238,90190.47727650142
MDVR_PD_1b9c26aa,read_passage,2.8322641283999146,9.35200831270923,4.790237697526503,0.2243931992881215,0.5291071428571429,16.300226310384044,10.398484309958082,217.74982996466318,3.8394033718982152,2.811209056174088,2.2069565217391305,0.2008429467678533,4710.222525521872,3.113786434382291,5.151247389385725,2.9914044454542017,4.224598930481283,25.445870725888906,-13.655177615813617,25.47159314429866,-12.248817068674963,758.1926980841929,582.6821072031164,14988.61204233579,1597.1217215484576,70292.79573587725,92314.54286209648
MDVR_PD_fdffd473,read_passage,1.7286717184003004,5.631630000665375,3.65634632713792,0.16024352076143114,0.3244444444444445,11.359921276698316,10.192421591087616,174.82508778851638,2.9000897949472377,1.4622156229922652,2.2551851851851854,0.201275103837036,496.11335621229307,-16.963686549790708,3.609048181110153,1.8384102553109394,2.581888246628131,29.634075757250965,-8.386344703080296,15.729004045460258,-24.519908693181485,569.6348992350784,690.8813667261957,25768.718142362286,1140.5819023747345,63829.63041330785,92095.52719708032
MDVR_PD_4b10e052,read_passage,2.2009216573411963,7.652383111392529,6.292658594454243,0.530727911009601,0.9092753623188405,17.733751867003445,11.031987829455112,189.73866265483275,6.272379381272424,1.9941256964239256,0.8901612903225805,0.26814806990164086,1976.3814291345368,-3.830887944004877,5.47278763143038,1.5734043903057988,3.5154035154035155,35.020936429387135,-21.911868326438025,33.80774051763652,-24.77383766935013,352.86852279159643,429.8313426283982,18881.23579683515,1759.6986468584778,138860.17983029125,125560.51493315012
MDVR_PD_0a435191,read_passage,1.8746239107007752,5.659544119127939,4.290864625213259,0.1708377393960757,0.3760344827586207,16.151880583060784,9.304552949054425,190.30968034681007,3.9952375123729533,1.808009070686122,2.314666666666666,0.15046837646283376,1872.8412213652807,-6.5790565324991315,5.523348826148437,3.1880311753417145,4.444687124604128,27.25884149923628,-10.796384942368377,18.035016287117674,-18.141882429155597,560.5611312792175,613.0057678399992,15874.994497060885,1570.3009212692277,45230.72538121415,94967.01820601198
