scale,measure,kind,n,rho,p,ci_lo,ci_hi
hy,dl_composite,deep learning,16,0.8102546544402054,0.0001414416447485888,,
hy,TB_space,deep learning,16,-0.781085486880358,0.0003540833861580593,,
hy,TT_range,deep learning,16,-0.6060704815212736,0.012824876092235782,,
hy,speech_rate_syl_s,classic,16,-0.8297007661467704,7.01052176740665e-05,,
hy,pause_ratio,classic,16,0.5671782581081437,0.02194818611045694,,
hy,f0_sd_st,classic,16,-0.3370659362471255,0.20172431246161526,,
hy,F1F2_space,classic,16,-0.11019463300386793,0.6845481577549638,,
hy,F2_speed,classic,16,0.1620509308880411,0.5487674224786507,,
hy,cons_centroid_hz,classic,16,-0.6287576118455994,0.009081467575584451,,
hy,dl_composite | controlling speech_rate_syl_s,partial,16,0.10588235294117648,0.6963341050381157,,
hy,dl_composite | controlling F1F2_space,partial,16,0.7382352941176471,0.0010928508118481519,,
hy,|rho DL composite| - |rho speech rate|,bootstrap difference,16,-0.014666628952214367,,-0.1920759392694439,0.12778584940723203
updrs3,dl_composite,deep learning,16,0.7508553331463445,0.0008023283567472607,,
updrs3,TB_space,deep learning,16,-0.8131669790506053,0.00012798057663444777,,
updrs3,TT_range,deep learning,16,-0.6947748518325095,0.002816582303367564,,
updrs3,speech_rate_syl_s,classic,16,-0.7570864977367705,0.0006842649215873893,,
updrs3,pause_ratio,classic,16,0.49537758493887457,0.051037854613735764,,
updrs3,f0_sd_st,classic,16,-0.3707542931303527,0.15744984208097423,,
updrs3,F1F2_space,classic,16,0.03894477869016309,0.886135529650036,,
updrs3,F2_speed,classic,16,0.38944778690163095,0.13595186147018462,,
updrs3,cons_centroid_hz,classic,16,-0.5748249334668073,0.019846372798900593,,
updrs3,dl_composite | controlling speech_rate_syl_s,partial,16,0.2058823529411765,0.4442846410521438,,
updrs3,dl_composite | controlling F1F2_space,partial,16,0.7794117647058825,0.00037168023647875503,,
updrs3,|rho DL composite| - |rho speech rate|,bootstrap difference,16,-0.004292864911219013,,-0.2083701932914723,0.1664171457520699
updrs2,dl_composite,deep learning,16,0.8840334303873452,5.537193756793059e-06,,
updrs2,TB_space,deep learning,16,-0.8698003340125936,1.197189782731175e-05,,
updrs2,TT_range,deep learning,16,-0.706910453279326,0.002198219884350353,,
updrs2,speech_rate_syl_s,classic,16,-0.7464468320980803,0.0008955550396876114,,
updrs2,pause_ratio,classic,16,0.3289426717720354,0.2134927132822454,,
updrs2,f0_sd_st,classic,16,-0.1913560734827706,0.4777428450640959,,
updrs2,F1F2_space,classic,16,0.04428074427700476,0.8706492821696457,,
updrs2,F2_speed,classic,16,0.36689759543803946,0.16215373388349785,,
updrs2,cons_centroid_hz,classic,16,-0.5392762070878081,0.03110303945792455,,
updrs2,dl_composite | controlling speech_rate_syl_s,partial,16,0.7852941176470588,0.00031285391788601143,,
updrs2,dl_composite | controlling F1F2_space,partial,16,0.8911764705882352,3.618648907351989e-06,,
updrs2,|rho DL composite| - |rho speech rate|,bootstrap difference,16,0.14200170891579245,,0.013097356881999781,0.3428108673951113
