cohort,movement,classic_measure,classic_beta,classic_p,dl_measure,dl_beta,dl_p,rho_classic_vs_dl
IPVS reading,jaw opening,F1_range,0.2775743208799632,0.3337839080209205,LI_range,-0.9609171780228778,0.004725537310554045,0.3765480895915678
IPVS reading,jaw speed,F1_speed,0.010393316803344326,0.9729865592995743,LI_speed,-1.1937646395150796,0.00037724466495589286,0.2241106719367589
IPVS reading,tongue front-back,F2_range,0.11260022775187893,0.6642708644703246,TB_range,-0.34140423207792375,0.259981522777031,0.25270092226613966
IPVS reading,tongue speed,F2_speed,-0.5894703758360302,0.05435846539889831,TB_speed,-0.5447131053412784,0.10112604675610098,-0.05296442687747035
IPVS reading,tongue working space,F1F2_space,0.5616576694216994,0.04087899970699307,TB_space,-0.3720182410280609,0.2256604286358731,0.1562582345191041
MDVR reading,jaw opening,F1_range,0.5712306768811358,0.05526797761356514,LI_range,-0.7180546307288712,0.09825114401886482,0.27145566619250827
MDVR reading,jaw speed,F1_speed,0.8762161907162359,0.005115976171857684,LI_speed,-0.6964195453790539,0.06890581790717108,0.22475106685632998
MDVR reading,tongue front-back,F2_range,-0.03705841021376636,0.9336916659420252,TB_range,-1.0213897251282213,0.0032115880295117967,0.15267899478425795
MDVR reading,tongue speed,F2_speed,1.1836640788535633,0.011593160066633003,TB_speed,-0.7898725097207523,0.035973178808314264,-0.18444760550023706
MDVR reading,tongue working space,F1F2_space,0.8671204893461407,0.006133658689774991,TB_space,-1.2683451850060634,0.0009418437828123324,-0.2560455192034139
