cohort,sid,label,male,age,hy,updrs3,updrs2,speech_rate,UL_range,UL_speed,UL_mean_speed,LL_range,LL_speed,LL_mean_speed,LI_range,LI_speed,LI_mean_speed,TT_range,TT_speed,TT_mean_speed,TB_range,TB_speed,TB_mean_speed,TD_range,TD_speed,TD_mean_speed,LA_range,LA_speed,LA_mean_speed,TB_space,f0_sd_st,f0_range_st,intensity_sd_db,pause_ratio,pause_mean_s,hnr_db,cpps_db,f0_mean_hz,stress_int_sd_db,stress_f0_sd_st,run_mean_s,rate_cv,cons_centroid_hz,cons_hf_db,h1h2_db,speech_rate_syl_s,artic_rate_syl_s,pause_rate_min,alpha_ratio_db,hammarberg_db,hf_ratio_db,centroid_hz,F1_range,F1_speed,F2_range,F2_speed,F1F2_space,dl_composite
IPVS reading,IPVS_EHC_1390377d,0.0,1.0,68.0,,,,3.3332259664796453,3.5371345549821855,41.981377762311126,17.19961108912388,3.2505737483501425,46.99207372682258,18.879804852492274,3.512554121017456,40.948864029627416,18.473840403257952,3.9724725753068917,46.45470059967827,21.342069844895846,3.846804764866828,42.32092129227708,18.638476252230866,3.6039609044790244,43.58550184096313,19.18629299574264,5.422516022622585,55.798467993736246,19.424022109265113,1.116429056968037,0.853960692108073,7.921120052450686,6.2188425018282665,0.21267393925859085,-0.7994041552648088,13.840955192430243,10.732431585705868,117.11165784991155,5.279497401419637,2.19464594182337,1.7663690476190477,0.20606053063430252,2212.490807199476,-4.6590775484241265,-9.217175230864871,3.3332259664796453,4.566356488748737,28.232833046812157,-16.15087060524665,25.704872017534502,-22.212885855690025,497.7254658212222,203.39679165722296,4873.592196573741,1344.7618827351598,45966.33589846872,30864.401317046715,1.1295376848587064
IPVS reading,IPVS_EHC_25e7d520,0.0,0.0,60.0,,,,4.239668673846625,3.5296580940485,45.16409311279217,18.661677824268065,3.619716829061508,52.10941334772025,21.08643063285411,4.044485247135162,47.106048869705745,21.10173562762008,4.129264104366302,50.66925247479939,24.51430930011504,4.209486109018326,48.253191173998786,22.059369125630386,3.7841978132724745,50.33310669143563,22.1351827247018,5.583187235146761,59.771362505853205,20.972922279163512,1.2469100574671432,1.23263522510384,10.910023088953334,5.510600215145537,0.16177689759841163,-0.9281563047238456,15.192311832485565,12.106059504199013,202.12765907124896,4.6997973400281206,3.4267782689087216,2.083560606060606,0.17527089559811443,1173.7248474518906,-11.090596371332307,-6.078950671791673,4.239668673846625,5.459174474330543,24.56457013606492,-9.363829056877618,19.65022169964622,-28.848620035256282,616.6874259653368,615.3149325552565,18787.360907187074,1790.6754234121138,75064.77332031597,106051.08468484537,-0.8336034995085865
IPVS reading,IPVS_EHC_40e93a8c,0.0,1.0,77.0,,,,3.5813866595867214,3.5296697497367853,42.08189754824362,17.544029742228716,3.5108501076698295,47.91531949680598,19.163592031538343,3.9137230157852168,45.28369637456899,19.876859247083047,4.586981010437011,52.647630736748084,24.10631387431578,4.183498013019562,48.086485594263145,21.201326252386394,3.6799858689308147,48.82631823403332,20.959771323125405,5.637233603000641,58.9579983614385,19.793461004967256,1.1651903788176403,1.2762497634969932,12.012657786713161,5.487091126949614,0.16830087282051415,-0.9849285527626669,11.803000572387376,10.759486419344565,152.94116308173477,4.613436834990052,3.451614928768082,1.9161290322580644,0.19959060770725945,2493.4480723809083,-4.201920070481437,-4.980000373814676,3.5813866595867214,4.576755386422504,27.271573854791136,-7.662802955755989,16.566942988972905,-18.293618720104902,734.0920128508167,569.5933295056144,18291.128856154774,1311.6216230200066,27091.01959591782,83640.56250375354,-0.4074592909391648
IPVS reading,IPVS_EHC_49649a7c,0.0,0.0,62.0,,,,4.108548256271327,3.2205563247203823,43.74396614628131,17.574065269601626,3.4172252923250204,48.89930534957112,19.415311596793828,3.8001051217317583,47.613373065387535,19.457575538921127,4.015007504820824,50.35524204049896,21.489866188781015,3.933815172314644,45.528554707138454,18.93980149184012,3.338214266300201,44.9710776501753,18.875139148088373,5.367245036363602,56.063165350351476,18.966231291304975,1.051671392587831,1.0930201566670112,9.998167012432269,7.127499104109271,0.39651915348482103,-0.731646195016718,8.626255103139655,14.616433996940422,191.1309800935386,6.221677150986184,2.894034920957126,0.8802332979851539,0.24959142547756857,3340.7961390965884,-1.3509181676549054,7.081041708233316,4.108548256271327,7.727710151464599,48.662761112397156,-14.379110579517247,22.600803001392702,-15.878356956456507,494.1767218881955,626.8659872292474,26013.539648507583,1556.0572000806555,78304.18244999039,107559.48633311267,0.29048694382940854
IPVS reading,IPVS_EHC_4afb35f7,0.0,1.0,69.0,,,,3.5331546499559483,3.472032874822616,41.42936399312673,17.371729485268602,3.699167603254318,51.34313011425176,20.577331976489987,4.170132583379745,47.355862842584344,21.196960000337178,4.3852790772914885,49.28528685070019,22.931939181587218,4.16553165912628,46.09233466738293,20.106337828756487,3.5983607918024054,45.724391749762525,19.85028627122685,5.812655382044611,62.588848602026694,21.183243854307275,1.1215921080961384,0.99261658393004,9.026320141454033,5.706948119220533,0.19837822466569927,-0.8632304519809814,13.390719702581402,11.402320193316108,147.79811806757172,4.6111865052230545,2.581606612231007,1.9952444444444444,0.20831777378269145,1135.2438739566142,-10.681713160309702,-8.199890366143794,3.5331546499559483,4.75424667542829,28.661957940432774,-11.074164100171544,18.65342073207988,-25.111154267286103,552.8596609772142,378.8304469731912,8312.912742543673,1550.8180425229866,37488.527723961335,59360.398379902326,-0.7950140709562317
IPVS reading,IPVS_EHC_639d115c,0.0,0.0,70.0,,,,2.0722871030079393,3.269855189323425,39.732450185221225,15.892727113147597,3.229654222726822,42.81748784575929,16.720364838477536,3.9227934509515756,45.27708229777616,18.82566205046971,4.245047169923782,51.34741162678175,21.620030890019443,4.557346427440643,49.62752500969533,20.55985269269705,3.8097030311822886,48.94312920503896,20.45698645216677,5.1239348351955405,50.156140290200696,16.32615717019639,1.3248460233462056,0.8454975974319325,8.019960771758583,5.039789729015158,0.41741392962305524,-0.37316918798954674,16.181667542577138,10.206870796346212,176.21772942533997,4.8303474357655425,2.2805954478258625,1.035424797949931,0.25241724477132443,762.6959243804993,-14.882561911932765,-3.1312742983789796,2.0722871030079393,3.803388427821549,35.99061916502558,-12.887446923586662,27.863800790010018,-28.954589945938444,444.5782632622903,514.4608423251536,11272.551390878489,1704.10311642969,50052.84583423745,82079.29161865448,0.21487777709226236
IPVS reading,IPVS_EHC_6d20d216,0.0,0.0,69.0,,,,4.341977834421421,3.605811899900436,46.49042701440597,19.427194031410878,3.392096927762031,53.672854853297835,21.66303068356374,3.6684484034776683,45.61432345865799,20.645912799271507,3.711484658718109,47.46108597348264,22.96552462042625,3.9675302147865295,44.22346474593765,20.804686193046003,3.7283503472805024,45.37106507804918,21.075473181796458,5.574445652961731,64.44202958140515,22.453335096346805,1.0361509826098303,0.7829236760138175,7.1879923525708325,5.035416209947172,0.18604070182812596,-0.863683645716667,16.506159665814884,12.665133389956242,204.9943398275098,4.955548811117026,2.0810359213976817,1.8778765880217785,0.13223952466302355,2135.9757572829494,-4.025686592203508,0.6638103085667062,4.341977834421421,5.568524372253438,26.61371762751518,-13.899073086393084,23.488221814750577,-20.511071325705103,606.4788712346318,478.8243221205646,13943.894163326386,1299.6850628583848,38424.75198208497,62552.55888028315,0.37437906489863493
IPVS reading,IPVS_EHC_6f100ca8,0.0,0.0,61.0,,,,4.073925827411375,3.4631994366645813,41.93102362700266,17.74159796094844,3.1822924047708514,48.18002154914807,19.50026412425438,3.915625607967377,47.13229285526768,20.621332971020962,4.134777963161468,52.9141921194239,25.288770518987157,4.283494317531586,51.14639898968561,23.591261054593488,3.706283017992974,52.26650478261516,23.405365976968568,5.1499852277338505,56.134538296610124,19.334917822923988,1.307491587366521,1.090155672618614,10.030397848063487,5.202820665663575,0.1685118349994737,-0.8348753403886464,13.719000941255457,11.954019574858657,183.06178445394812,4.621641412776327,2.912236378525103,2.3495206971677556,0.11655594287210096,1346.7038051553764,-11.7340762152945,-4.70693795847124,4.073925827411374,5.243824150034862,23.110895112438378,-4.427507779021722,20.358773031250642,-24.823983631555773,714.2334658236305,705.5180969966891,18970.386613298368,1736.401418387672,58215.50485347218,109944.5123438382,0.06610148712425072
IPVS reading,IPVS_EHC_71d347fe,0.0,1.0,62.0,,,,3.07245461393485,3.4765308901667593,41.94622368751711,17.706966271780104,3.425263246893882,47.985548369498076,19.228193779460465,3.829136081039905,44.6863218324137,18.960807263209503,4.067534869909286,45.83143421948986,20.886611803175605,4.197192451357841,44.46065773414272,19.254417596817227,3.6685829058289525,44.24420976054475,19.42660408034584,5.51787838563323,57.09560341900212,19.931728777607564,1.1071620652445109,1.25705644465551,11.588980491886051,5.941560112844035,0.2364785160806248,-0.7275361073554021,12.826130101622404,9.570713408991313,124.26683535158344,5.377203133089267,3.6121459059659187,1.6521146156832298,0.1917182119043239,1645.7601637290577,-8.273294503712833,-9.425674747525978,3.07245461393485,4.332986106329028,29.231740848607096,-16.896558957366228,26.862146958246274,-23.640091112762484,474.244974019541,283.08772438095707,6334.0307015642065,1666.9069985729197,53658.10941948315,48081.05081067444,0.6143194881742061
IPVS reading,IPVS_EHC_7a274592,0.0,0.0,68.0,,,,3.6731728347064756,3.6489290654659268,45.98313028335782,19.243373757717983,3.2903320282697672,51.28264778585489,21.061668582204035,3.6644607156515123,47.7130462942931,20.97457858497687,4.132048296928405,52.719176851673055,24.046214505710335,4.127783066034317,48.60230716480656,22.303778615634634,3.3993907183408734,49.56884959846056,22.72390559094913,5.4402819320559495,61.269489801488696,21.644922096617577,1.0315400192231998,1.0937477561366111,9.805988976889006,5.114352758905811,0.19649924355721454,-0.8150503142492175,14.593513530658285,10.39458950340924,169.29086191132575,5.316140694826309,3.034797397875561,2.0781249999999996,0.20158257677807817,1439.6920598193688,-8.189352025086063,2.332685932318635,3.6731728347064756,4.970299565093278,26.603151494436357,-11.527260672884271,20.598602141484466,-23.485429543741148,463.9751176580446,482.7554408301746,14036.429343374526,1548.7342690718538,44078.92527628909,83261.61945403203,0.231577434824149
IPVS reading,IPVS_EHC_7ffb735c,0.0,0.0,63.0,,,,3.4060163701383948,3.2681264519691458,41.412883094226046,17.82901436286352,3.2198720395565026,48.043058721012365,19.33751923153946,3.493557932972908,43.55729361826005,19.538364679797745,3.687582758069037,46.53172929065025,22.263034108657095,3.8913431853055953,43.72755290747452,20.100123748787546,3.4965016633272166,44.70522850679576,20.154243072178712,5.121094519644975,55.73460884392257,19.09137481519638,1.168224391860403,1.2168179354994697,11.208354146498227,5.837312981196925,0.2787607744265037,-0.6932077884571727,16.348600268011573,11.86532704479697,183.58808210575586,5.427873683321425,3.345768379440443,1.567936507936508,0.18059178767252304,1697.143022728879,-7.085355382200807,-3.284419294856955,3.4060163701383948,4.990237923788758,33.31456902841445,-14.799222754870183,22.088671105432894,-26.969377773205995,468.8909502590328,505.2838803898612,15929.00530987544,1290.5043907752893,59519.58391986953,64090.58233220925,0.8363436805562969
IPVS reading,IPVS_EHC_997af7b3,0.0,0.0,65.0,,,,4.043075855826748,3.419080436229706,44.86897814093103,18.259947167697092,3.397804620862007,51.302189510367874,20.64321208075511,3.699904045462608,46.11876570038612,20.620725322817556,3.8475302219390874,50.53713023894494,24.00838758647005,4.082201778888702,46.35615823654257,20.944678725619653,3.650269794464111,48.24440644978629,21.86215311893484,5.529298318922519,60.08706488413736,20.6452857392962,1.0497872677792657,0.9043815266986258,7.792959344179309,6.790216907024332,0.24029215649395808,-0.809680996815897,10.097525354266022,13.623295734453528,174.7158206611566,5.2244058829755335,2.558338037770004,1.553921052631579,0.22689629566226732,3592.2818262430956,0.8187969312807415,4.880551385292016,4.043075855826748,5.613085089894605,32.35717217851024,-10.440545228283202,24.32708484823335,-15.657621345989252,574.0509450715232,717.8191134616536,35161.50702428724,1539.6400771485833,80156.26274662025,110813.4214345507,0.3493765373412316
IPVS reading,IPVS_EHC_99f6ef3d,0.0,0.0,61.0,,,,4.4190584657633645,3.593500405550003,49.23813793204371,19.83541746341661,3.606024965643882,55.06236791293202,22.048755614822603,3.931478694081306,48.35072357618424,21.7219114743907,4.14769014120102,52.919258022586426,25.650850825344804,4.254250007867813,50.39360073050526,22.669062597892697,3.756705319881439,50.71962784030034,22.587594690108162,5.888836030662059,67.40963527001426,22.970349423259023,1.2596926039362255,1.1430046718430777,10.244815815703841,5.773694852130662,0.17081904638950457,-0.9142095656703304,17.142581413344587,13.728106490716362,190.93241822683746,4.4775569729024625,3.0059037504990758,2.1046376811594207,0.1929325256138826,774.4240635629789,-13.787315879225073,-5.646109297705968,4.4190584657633645,5.69074331577924,25.71803866247349,-15.257359384791487,23.530519366098858,-31.17570375301603,540.9720024417034,380.7427400249699,10546.759453351418,1829.6224129575517,71305.32132919904,66252.56140840198,-1.0775311145968098
IPVS reading,IPVS_EHC_9a2a24e8,0.0,0.0,69.0,,,,3.9416113098728003,3.240896075963974,44.69064163398595,18.290284970126102,3.3268238365650173,49.63937697599889,19.913597096873065,3.865455600619316,43.29220583725194,19.21035274787733,4.304934442043304,52.596763202413115,24.30518315502712,4.497190552949905,50.962591234456234,22.48947278616323,4.0167418062686915,51.136358981927486,22.248251171781597,5.405467668920755,59.95244706049563,20.366324143033985,1.3243638472118808,1.1411457908839862,10.416502403121466,5.422711552136164,0.22193673179822915,-0.8662739024721581,14.082570479206346,11.859185429261892,152.43219492417214,4.904193184672117,3.1153179653711147,1.7268750000000002,0.18634537846475613,1463.8901297754437,-8.456259901464351,-9.9553956826345,3.9416113098728003,5.392563200328814,31.744314138481993,-13.566208281775182,23.45109957295539,-23.964058253698624,555.1228050261984,392.22393363869014,8858.472102600228,1622.1029742302785,42475.315471241855,60117.32293939598,-0.525177813401387
IPVS reading,IPVS_EHC_ac9bbb18,0.0,1.0,76.0,,,,3.7099014670622497,3.604851952195167,45.72693766823913,19.36153397224802,3.3723112791776653,49.797675199514174,20.958275752961818,3.8121492922306057,47.024360357252135,20.422612912424135,4.362854725122451,51.25279381680893,23.538576363309602,4.065157344937324,46.72638961035148,21.21487422169386,3.666393586993217,46.92414811896952,20.76153295706255,5.636542317271232,59.80459928046912,21.70420340424578,1.2156562607225727,1.4497580184515118,14.205376674872213,5.579614802760778,0.2525238546176364,-0.6724217981897449,12.790055179460637,10.401535804298376,136.2192594895817,5.762688094868771,4.218634757527514,1.6960690235690237,0.1764003185366823,913.5095562421028,-14.918623539028616,-7.150858869016573,3.7099014670622497,5.268924435712565,29.666129685842556,-10.590607118530187,20.645486222115245,-29.30688847984444,496.5862901358925,499.3657876495678,10070.081839908857,1253.9972753395277,35304.6391691295,63326.05060249299,-0.4367769735433023
IPVS reading,IPVS_EHC_b4f61509,0.0,0.0,72.0,,,,3.903676547704299,3.4259455800056458,41.09300239528964,17.817237544925188,3.182051360607147,46.23633932990806,19.128057863287957,3.700634860992431,44.31612845339403,19.855243731790914,4.144900321960449,48.30924382126176,22.976562213828547,4.280235850811004,45.0770343355771,20.552951579438435,3.5342913806438445,44.80631789150709,20.40015469944646,5.176799190044403,54.264473607763634,18.95717941721027,1.2364297413564245,0.9424321624558987,8.106571571268603,5.012524898756823,0.21543759963125958,-0.7000039680231586,11.652234470613728,9.79667201599744,174.90749525159265,4.868381703896917,2.6128488079089864,1.9143788819875778,0.24570437716391666,905.7086977726017,-12.522223962090607,-5.079628126606509,3.903676547704299,5.291086207240512,26.176616842143513,-16.306742656053185,28.18662251732981,-25.040826447372055,473.65434686453176,408.69547039711586,12600.181042452245,1730.9383285937984,67721.97872212101,70136.09474161621,0.34634243992214153
IPVS reading,IPVS_EHC_bde32635,0.0,0.0,63.0,,,,3.1120907704778826,3.3983540475368494,42.10665753660403,17.526423538617898,3.3305330395698545,47.393296805422565,19.104011719909273,3.710003215074539,45.18635836520223,19.972187347036808,4.28616530895233,52.65040186523264,24.324470729092372,4.273527655005454,50.61456345884639,21.84594357994913,3.715805459022521,51.30283900796533,21.714074437507094,5.291388220340013,56.18511609733103,19.340355364047717,1.290921822016084,1.2406633236074958,11.298408558078071,5.7797396059838215,0.2876472037952301,-0.598464379722784,15.169568836594475,12.01003584660086,183.3398237807311,5.090303429873543,3.4294499653898622,1.4129166666666666,0.16999496861667324,1691.3218908419208,-6.182263262418097,-5.493407547778072,3.1120907704778826,4.690549782180145,31.400058385661833,-13.801258108865436,20.242252349291345,-22.715561897378727,564.1510873619416,333.8185849346984,9686.467577694548,1802.2012187172224,70191.22833249686,64799.42515881779,-0.27317293808158716
IPVS reading,IPVS_EHC_c3e98ecb,0.0,1.0,75.0,,,,3.7784523980859817,3.4360866516828534,42.14865122456336,18.008035554856992,3.56541576385498,51.37830241788073,20.49345772360642,4.088761848211289,47.316326395669186,20.704737140996972,4.040769201517104,51.70478701055107,23.565241929424726,4.184165808558464,45.89411890220671,20.701618480435144,3.7851977854967105,45.92806052071224,20.51920015947742,5.645987932384013,59.56176586914806,20.495594222372784,1.1459477867530494,1.4365180387020537,14.151503519249317,6.073800575513657,0.22783164055514904,-0.9448847752862205,10.99231079355518,9.259774219313972,173.40675217402293,5.990606846606516,4.19559887199472,1.5261515151515153,0.22680593895813284,826.7189749079571,-13.54460623085597,-1.6026763225145468,3.7784523980859817,5.090822783635362,35.14865954492039,-13.908058430319187,26.386421889538646,-25.454194728767995,469.64893335726936,481.75366260874637,14831.020199528131,1293.4641669941982,46661.375611068,73615.95203548277,-0.2935971367694828
IPVS reading,IPVS_EHC_de4ff365,0.0,1.0,68.0,,,,3.58766837382301,3.6258029401302334,44.07135692965684,18.251360308428335,3.39909136891365,49.50337111446186,19.69352429170288,3.768926471471786,46.40417357457072,19.737471571291238,4.4482250511646235,53.1463844654876,24.945724447838177,4.3247399747371675,47.980807976073365,22.35415386673241,3.7999460220336907,49.30399855501179,22.406208577640708,5.515923625044524,61.05792233720419,21.176804428806165,1.2185690869432846,1.0800588276414593,10.095636605302388,5.7854452500590465,0.19894965636906364,-0.7588775227452653,11.894386944893258,11.206788177007596,127.87202837147278,5.165328143008736,2.857994122556964,2.001344696969697,0.13229106495433338,1003.7637095899806,-12.92589320131247,-6.681152824945078,3.5876683738230097,4.727037035835497,25.501238811638206,-8.855588091653837,19.29528073356969,-29.306640252636164,585.7505099487573,370.9147962812589,7195.640600315381,1184.0782633429515,15808.761250008092,44522.24773992079,-0.5524373422893468
IPVS reading,IPVS_EHC_e7aed759,0.0,1.0,60.0,,,,3.505363203708086,3.673903271555901,41.991341168955714,17.76441253298669,3.3318392693996426,47.59216663467754,19.362568904044423,3.6503200739622113,44.03423729866435,19.297965696985912,4.262584078311919,49.6370932042377,22.289135409727464,4.321374428272247,45.27155002543719,20.162472836888416,3.7937550455331808,46.784334066753125,20.70501661975408,5.566713066399097,59.40618507564066,19.86046767145309,1.081538725290041,0.9366576564680584,8.376568842700543,4.963628406246583,0.11751097432157771,-1.1489937182290346,13.181673705092194,10.890888085292397,124.3390474352228,3.4913998249788434,2.404601529963008,2.9764285714285714,0.16984228683842423,1976.5918664637647,-6.854298847947849,-12.654057841131422,3.505363203708086,4.214636694538702,22.361204919033508,-13.69091557794945,23.596397805321754,-22.307951079022114,466.7906769061198,277.5823506905749,5889.741441445352,1174.4246364164874,21068.061354269958,36524.385002723364,0.7414276414646016
IPVS reading,IPVS_PD_0bc86f51,1.0,1.0,65.0,,,,1.3214961432105952,3.2005193710327147,39.28368664441201,15.95744248108018,3.4358614444732662,44.88034253604747,16.849555764753998,3.1788877487182616,38.50669494977584,15.445381984605296,3.301023995876312,40.63374108933962,17.335822346681624,3.747081887722015,40.5261867491957,16.56291950506323,3.1585125327110286,40.69040150861454,16.646765960891916,5.652421236038208,58.92158664762974,18.31958909089324,0.9394407819268256,0.68322457073345,6.587442623402499,6.872002215118241,0.5814000873235337,-0.04052155888632934,21.34175579299253,11.0316011255448,171.69953140318637,6.247149546827539,1.6868479711033124,0.730204081632653,0.2382162181474767,721.6500638283969,-9.958326775148548,11.885925919123228,1.3214961432105952,3.4197047303404644,36.32659001600931,-27.79419130095855,41.87295204227164,-31.03275104239028,193.66505832874918,261.01796353061866,7706.167109256145,1088.5855345101,27939.95867307248,30725.064341944075,2.762700957107418
IPVS reading,IPVS_PD_131a10e3,1.0,1.0,55.0,,,,2.5901562179727637,3.4944628983736035,43.74685236904973,17.752543836931522,3.1839647769927977,46.97978175308978,18.7493897263753,3.484722357988357,43.19408481104561,18.75723521286547,3.8873898983001696,49.30101388163655,21.120755873766495,4.239915060997008,46.24145979032622,19.575011429106585,3.483784678578375,45.52903538020762,19.363818219815226,5.374044321291148,58.372956085950136,18.948032140325388,1.1893828070981063,0.6533371267477895,6.378130921094939,6.115452757406624,0.3359782011941913,-0.37736229690485945,19.138033821825537,11.623590457946918,134.8256086975074,6.2533336805569455,1.941565052386039,1.4242375478927203,0.22544451389185471,524.4949191160927,-12.657190130179817,7.837628131798308,2.5901562179727637,4.4002839414903985,29.28095336567166,-24.395988288682705,38.515737601501066,-30.04867767573831,257.9231885614994,394.05603640939376,13868.701897199942,1590.820877530679,52257.775747064356,70956.48240292363,0.9818620546922832
IPVS reading,IPVS_PD_215587d2,1.0,0.0,62.0,,,,3.680928997321036,3.08235178887844,35.78264329412539,15.786130619818367,3.1728688776493073,40.30419108757491,17.26241450077022,3.666368612647056,40.47165500575273,18.411602411713247,3.9570856302976596,42.60039116579708,20.499992659047955,4.08793460726738,38.34232349003036,17.553963529966055,3.5056034684181214,38.412354528884535,17.73023399237617,5.107157606631517,45.300748171284795,16.930849038656284,1.023266520636085,0.9399288649567835,8.258131288627402,4.8844196886713735,0.121438573215017,-0.8917070102296091,10.884574535503734,12.742943914203387,162.44765038297615,3.8241787138751695,2.6372098056696687,2.813181818181818,0.2057505405763168,690.1609726921238,-23.395522800338586,4.193015680961406,3.680928997321036,4.4005158127921336,17.74282747060479,-8.518256188586665,27.882185466066908,-35.00074788689396,496.26783742772716,665.6588922133911,23966.878264047547,1725.0820888779306,63364.29706938843,104708.53861872728,1.4691973663906572
IPVS reading,IPVS_PD_25bcde8e,1.0,1.0,49.0,,,,3.398233453486056,3.510456502437591,48.197280342635395,18.68421703911716,3.5300578624010077,54.0354368296235,21.254682071340163,3.818184661865234,47.501288383956165,20.824022437820958,4.373973786830901,56.530281618460535,26.22766566690155,4.374719446897506,54.284939786338676,23.667257779450345,3.7195068806409832,54.32142135529462,23.225447069432775,5.371706937998534,67.22267980687315,22.290384748863296,1.3671596120424758,1.1197570366240273,10.156811829887868,6.092078652000598,0.2625538142724805,-0.7245887063947644,16.776327929015203,12.281212620028937,132.76579260256113,5.101696179432112,2.9977406390623127,1.3719642857142857,0.16578671081972027,722.9662674827102,-11.260447797610187,6.065093129738477,3.398233453486056,5.059937206447051,32.345251144594954,-14.282704166542453,27.800173756540104,-32.66563361798333,363.4816622593511,474.25754299523345,14257.774293711569,1258.357073584155,31191.742588408502,81047.27367759543,-2.1047959801321414
IPVS reading,IPVS_PD_283812f2,1.0,1.0,70.0,,,,3.4106279288443933,3.3795638278126714,44.10454364752325,17.50116955899732,3.04822569489479,47.47716570526716,18.976958105885792,3.207259745895862,41.37123138456641,18.274738476377784,3.6691580668091768,46.396808303567475,21.433734998724027,3.92459347397089,42.91008584754033,19.242238473276252,3.3474523335695263,44.87170953744552,19.54275674546854,5.319098836556077,63.67482268717137,20.980071652525258,0.9782975504609617,0.6756888672323041,6.334009696385178,6.346667904868615,0.24923452749558145,-0.47994480486130986,21.072509438772276,13.49266875974919,168.3477896871287,5.9336593437427325,1.7838561689578853,1.8123331691297206,0.18473206523856317,1214.2124050970347,-9.453179706510985,7.077978129733371,3.4106279288443933,4.939218515545455,24.132314993913788,-19.89756927199538,31.78873397148803,-29.663392719480555,355.9885572072428,394.49614028706037,12377.667973950665,1481.8889289729705,71482.18901098202,71135.87719233028,2.447965925698145
IPVS reading,IPVS_PD_37ac75bd,1.0,0.0,54.0,,,,1.529278949451866,2.858592855930328,34.253078324357254,14.213163121878441,3.7097572475671767,42.720214469629965,16.114877946126185,3.9973821848630906,41.76212750220422,16.604550588890564,3.671953323483467,39.58873554234205,17.03472786642152,3.8499998122453696,36.76220201671371,15.427329497640054,3.3216805189847944,37.95503735628098,15.833036020824293,5.495289930701256,46.803446374833584,16.146094221905837,0.8983971586667356,0.7225079030867004,6.680475629026676,5.215691293455231,0.5051097811925437,0.011664609136080095,20.96761882756321,11.964822771356083,204.82199885148668,4.653103625317339,2.132914444115646,1.0267749160134378,0.3194922829975261,332.3246618692914,-25.324168704560922,8.62720993829896,1.5292789494518662,3.253810816667885,30.114365193023488,-20.610274203829675,34.696346703445954,-35.22635593254911,351.21472818049426,538.1049122504198,9780.189032714978,1405.0225349375464,41730.274099103524,72752.85755181889,0.9804462379526651
IPVS reading,IPVS_PD_55bc13c6,1.0,0.0,39.0,,,,3.810246755906244,3.7328421831130973,47.411143263024044,18.99482052893384,3.706454613804815,49.609250766907515,19.868426745303168,3.895368811488151,44.028863050777616,19.54795659271838,4.107070583105086,54.662875420049986,25.22769206632846,4.089241915941237,50.57617464611769,22.33726074818296,3.5139988481998445,51.1218496314264,22.458633607893915,6.02645517066121,63.06497876532367,21.65364449986052,1.279846702682705,0.5854577897438349,6.018832207208025,5.590842062358577,0.1537549496110649,-0.9305764997994233,20.35264414270387,15.278403688067797,186.2969596257513,5.1083168298482144,1.6741918309653057,2.3321014492753624,0.173416691204694,933.6717891007537,-9.999330098362432,4.063804322788473,3.810246755906244,4.838859485409801,23.310583209755876,-11.70613815510388,24.339050231934216,-28.566517413565872,466.5878712321895,645.3621910286182,14918.03618615716,1684.853324521288,35123.12276110695,106343.43338466996,-0.8378200476908391
IPVS reading,IPVS_PD_5e7a0360,1.0,1.0,75.0,,,,3.425007539688192,3.4502618581056597,40.795350046130444,16.516538230113568,3.0291091084480284,43.580413004318984,17.92577872507323,3.3614507049322127,39.829174677153205,17.1293800124932,3.5016371935606,44.83992340186067,20.708693991632487,4.032839441299439,44.33585348564036,19.938812830901785,3.5513471573591233,44.49860930112081,20.00805698209602,5.26673848927021,60.36271124146879,20.58610386060559,1.055983137673937,0.828673425441509,7.459012231934674,5.26016051724569,0.2694875338701135,-0.48966226690892,17.911012008236966,13.989450039792624,146.7408811816308,3.737680103400942,2.0038606895489686,1.6095806451612902,0.14688690267404425,212.09940398377245,-20.489611983566633,6.1573960342456004,3.425007539688192,4.991515304341432,26.34714388626911,-15.276710069755879,29.517644282902662,-30.350300794734512,317.7288408576122,413.1335676855791,9591.213728205308,1202.4832403315963,19483.281496468837,57824.87128457632,2.8586838100466254
IPVS reading,IPVS_PD_5fcdd5c0,1.0,1.0,72.0,,,,2.6113600491085998,3.6160010591149327,44.15646937664185,17.988493706409415,3.119524075090885,47.99263223385389,19.277292202189717,3.4027426466345787,45.33685854273941,19.36868127350578,4.0234749764204025,48.3284796489391,22.0194184244759,4.306419998407364,47.37341815241299,20.538776959735998,3.731375770270824,47.965360845665145,20.65290750516585,5.487450122088194,60.113160042092176,20.46602575807448,1.1723236604010474,0.9350265908791849,8.689854819570408,5.9438779900705265,0.36431185199750943,-0.17704075393883092,15.644938248784534,11.416318818896663,131.4200036438795,5.746588710060647,2.294372125310621,1.4676423992673993,0.20039632415063288,1972.6798497479208,-5.136900077255743,4.084963131833015,2.6113600491085998,4.407808759323067,26.200474510722152,-16.21548846722444,27.59458526230722,-21.614027881726923,402.98212469851376,383.77722179600465,10818.367048307951,1404.8218012420589,29324.34121639968,77824.5866588256,0.8758255258304048
IPVS reading,IPVS_PD_69229acc,1.0,1.0,71.0,,,,4.1844994239579165,3.5687153011560433,47.583067692448125,19.418860953729897,3.342899042367934,51.360535015504865,21.099164032106152,3.458728536963463,43.46217851391923,19.56283550809125,4.191270449757573,52.96926264272791,24.485495807105174,4.040071713924408,48.09824535194079,22.00247081159894,3.628638207912443,49.545894656643874,22.544663750844627,5.550033047795295,69.396198351169,23.633566368343054,1.188932521901577,1.0063309718703894,9.114169104505537,4.891374310457102,0.207515714229653,-0.5739630105487921,16.669869283953794,10.93725747436958,112.9471619290548,3.823331888271449,2.508448537449648,2.0469518716577544,0.14093428660246762,410.9297543594492,-15.891966824947122,5.492259648775239,4.1844994239579165,5.8058291637165205,22.08286511559207,-20.472569386954085,34.626764558575275,-35.22375786830099,250.80187881961984,373.9244153363205,13188.828541357063,1223.8867101412163,33051.05226606893,60973.527459053774,-0.28606312598226724
IPVS reading,IPVS_PD_74add44e,1.0,0.0,78.0,,,,1.9049288573348528,3.37263593673706,39.13726260347312,15.703023430362904,3.162496101856231,40.15912568365415,16.1982863864238,3.4322751879692075,38.73685328959885,16.57329130993439,3.75094621181488,41.611233619610935,17.692634366036142,4.063485884666442,38.549023510212535,16.077882849914502,3.418863320350647,38.60034577241255,15.957437550854545,5.336199668049808,48.74583348631851,16.40672707024646,0.9689405538636372,0.8617086084280351,8.220710536841553,5.296070086551448,0.4344523329535163,-0.26592730559721867,18.8606141719192,9.42912808313799,156.04667946367437,4.348722254481128,1.9369667261347698,1.048369565217391,0.24891118638168963,331.63582320948973,-17.7779672957578,0.701901779319984,1.9049288573348526,3.662098404852842,34.00823910947498,-19.95509711775481,33.90832493836581,-30.291984698000803,360.74140078234103,399.5768178333714,7849.489340196019,1820.3034086441025,31455.146705765455,82635.38026431123,1.856706838858335
IPVS reading,IPVS_PD_7f660571,1.0,0.0,80.0,,,,1.5696305554748131,3.2962084054946903,34.43308823470955,14.326587799724452,3.563072204589844,40.04904933289952,15.114366228785302,3.983891034126282,40.509253041487646,16.009719361499176,4.111478066444397,43.98066545662294,17.868104167175836,4.293019104003906,38.51794456689877,16.228994307929984,3.5128721714019777,39.47660934862167,16.107961555330768,5.583028703927995,44.08816721290351,15.409782685405126,1.1399778089446726,0.43632190857271197,5.2659059669367885,5.195229988416456,0.3761881231287969,-0.28443154718433317,23.17633653580953,13.117812510727072,179.9107482886368,4.46355932376868,1.5016805438972467,1.2320689655172412,0.2722252703467178,213.55787968441598,-19.60232698099477,8.471540655711875,1.5696305554748133,2.6756515707065702,29.99738394907421,-20.882445711083825,40.35237428200365,-33.72261478385792,276.46064539774807,676.7135640084389,17948.591108391003,1900.9636061259216,49620.879356205216,134448.40230671014,0.3989744348697233
IPVS reading,IPVS_PD_8f283065,1.0,0.0,54.0,,,,4.303378444163178,3.7989210188388816,45.39423937879096,18.908760863954,3.0885106980800625,44.03600074666691,18.50269411160595,3.308460175991058,41.41305686067093,18.20066705201957,3.8093510866165152,50.14500402229527,24.311589136283484,4.015257304906845,51.06730452927271,23.06491979474928,3.720403158664702,51.96432745620466,23.784361063663184,5.586002051830292,60.52785265026613,21.359719643452557,1.1921225065804262,0.7483832541295483,6.670723135950431,6.006358129679731,0.15636257423814623,-0.8612544512077702,19.13026682188073,16.000546133623086,200.92047387633045,4.006219199909407,2.066425013684278,2.1605000000000003,0.11970668611178684,649.762086243457,-12.401733709965907,1.063211120491057,4.303378444163178,5.5864509605662285,22.19842274364716,-10.211680078779718,24.85882385908467,-24.511060702017936,561.1677492190047,489.9620376671375,11985.143953750621,1471.8244006039038,28806.23471796098,69383.72177364564,1.1605182421664766
IPVS reading,IPVS_PD_9bba66a1,1.0,1.0,70.0,,,,2.1124400111050305,3.601102265715599,41.53575363284148,16.39648077024315,3.2204896569252006,44.44312189605351,17.436066346247802,3.5218693792819975,40.99239039242786,16.985883663509235,3.9081222236156457,45.53241745059617,20.026548602025443,4.160991838574407,40.675142665946495,17.116223562774614,3.433566433191299,41.49400007006685,17.227813901491466,5.697086240351198,57.281390512362094,18.836651770019785,0.9881529436648664,0.3889606049042077,4.943586038242899,4.238107002236749,0.3163412361806019,-0.5313863066753196,18.53789825347517,12.077813824429473,138.93170819732492,3.7647156107264146,1.3422863535559146,1.288611922852133,0.22664543233102372,182.36233086216592,-27.656570754822173,5.195325837087876,2.11244001110503,3.2919077471445566,32.289503038778626,-17.04535372809675,27.961836298164094,-35.573211790599274,284.5063230208796,396.0298350118387,8097.293596009486,1422.8845478754438,19458.45353280691,56941.68527941148,2.269922512981806
IPVS reading,IPVS_PD_a0fceda0,1.0,0.0,71.0,,,,3.706638005107671,3.43869426548481,50.073154398559325,19.7360014319467,3.2406620562076567,54.67689675933042,21.625356829187655,3.4884459912776937,47.79042192964661,20.628616944843067,3.8355311185121517,53.71259375063603,24.924602512380446,4.151896256208419,52.03656672246052,22.665830969115234,3.580099019408226,52.95325407804751,22.694971876943725,5.393226880580187,71.25224733725187,23.028197098423693,1.0814800749766984,0.845019822523313,7.774651972129806,5.350799184260875,0.28201078805591717,-0.7424655329767214,20.096507996126565,13.39791783895772,185.03650673168727,5.488853917821716,2.307264566838867,1.4706340579710144,0.170476223418408,651.80467003478,-12.490417360710905,4.093407353321638,3.706638005107671,5.850197034365127,35.556114677820446,-13.08375326315355,29.04096265350485,-29.432393919124912,425.77788878052587,551.8515517189443,16212.959059757579,1494.0740287701042,39493.67663468333,80594.24116457927,0.31439025336256204
IPVS reading,IPVS_PD_a326f905,1.0,1.0,70.0,,,,3.1499094143662942,3.6848705530166623,45.597754123132226,18.485342040994055,3.5604209184646605,50.32996569104881,20.251549186261883,4.019874572753906,48.417044943920374,20.38654715695167,4.7081253051757805,53.75603045863842,24.25913694373751,4.429265010356903,46.42836596971776,21.00021388809233,3.594617736339569,47.156846545414915,21.07686564697174,5.8469031810760494,67.164791226387,22.170663408224634,1.2030191703867263,0.8305098562818142,7.9434940640221345,5.291720415555291,0.2567299233075267,-0.5347199439654267,17.070514599628147,12.680225701240692,121.08506154832543,3.0684623087923426,1.998975765158168,1.6601428571428571,0.17920392650852837,236.9783555007998,-24.199698196364807,2.701655309409658,3.1499094143662942,4.534490908558222,26.30461383219164,-17.38817431473428,28.354990172866067,-39.939770378565015,320.0575186882552,441.62337533847744,10086.06016462846,1316.8028490506126,31740.87050844785,73691.31379698002,-1.176394529871261
IPVS reading,IPVS_PD_b133cb84,1.0,1.0,77.0,,,,2.54645421425544,3.6425812393426895,46.24339721576651,19.230258109469112,3.2249992370605467,47.4422740039045,19.509710265043967,3.3410750091075894,41.97765451206725,18.185612974621755,3.9183484047651262,45.0768744029415,20.958564656986617,3.8267424881458276,42.5889850241127,19.517860264762966,3.2419096052646634,43.14414365437668,19.710657223101737,5.49643753170967,63.83371858391907,21.203946876779902,1.086512586446743,0.8973674468968668,8.172531875556416,4.686219356903845,0.32207268626601504,-0.5307679004523321,18.817923392481266,10.227237684479995,149.46255911475237,4.273946880900372,2.314995366654207,1.2374610974610976,0.220003946967566,164.32378054893616,-23.087960176822495,11.781972262885173,2.54645421425544,4.1359626691950835,32.845560415335775,-27.185243218819167,41.59996206501688,-31.57763067075328,174.4541852418976,309.1583241371381,8102.025565531024,1380.0016889595968,58084.89669458469,94569.70080763951,1.3190674857865847
IPVS reading,IPVS_PD_b3bfc7ef,1.0,1.0,65.0,,,,0.9769826113177204,2.7731892585754387,35.52708728517224,14.687838056746765,3.150698661804199,41.61235230795857,15.468082453286144,3.4470780611038205,40.29033790677431,15.511640170063943,3.461749029159545,45.08667369994778,17.648967034184555,3.8030932664871218,39.433122093998165,16.31455367271986,3.136714363098144,41.6205153676668,16.256973227072812,4.92436491549015,47.19751611351965,16.502317470452972,0.9084360343022116,0.6562669834405599,6.466711365284956,5.109542061817164,0.6666398633028445,0.09356271769835701,21.167750343045274,9.88888328782272,140.76958711302805,4.779487295324476,1.6962531785144639,0.6598387096774193,0.34126832183850864,240.13512306664654,-25.388233887587933,14.354719640174405,0.9769826113177204,3.315595579205894,36.425771434315,-23.077452966108982,39.492975432910015,-36.74275211910168,202.9726855312302,456.1340922936862,17799.30787507135,1296.2508447236792,36427.32737533208,64276.14937751983,3.7153560539765924
IPVS reading,IPVS_PD_b85147c7,1.0,1.0,67.0,,,,2.2958459882342566,3.4345714613795275,38.80664328096799,15.747341889199895,3.1839031487703315,43.31441385215327,17.410390233696024,3.601398773491382,40.94207871863469,17.88466716302156,4.016171082854269,44.73520131604977,19.856094005264097,4.117062309384345,42.99081515228802,18.366488556232497,3.5558071807026863,43.53554318228946,18.445360183769477,5.280493687838316,53.86651581153273,18.20022069199512,1.1818671402561183,0.813058046056521,7.519577491377346,6.098733945492168,0.2553919039572331,-0.622048087784082,17.43007929067425,9.834387153370471,134.2282893937959,6.083393927923639,2.1567155405539196,1.6402817028985506,0.276113793261718,1359.9408676713488,-6.9546699829849565,8.125673751199015,2.2958459882342566,3.338594518364275,28.41402127943058,-17.095088097290613,27.651517290975942,-19.99449539458932,372.95629178517555,484.7334163890838,20224.883934852678,1222.331035859167,51528.314761898575,75885.82827867544,1.4116119697619225
IPVS reading,IPVS_PD_babad183,1.0,1.0,70.0,,,,2.9203094416522166,3.574221909046173,44.03762475876326,17.476551013103112,3.1618976175785045,47.067435640944495,18.795538458204035,3.37595317363739,41.51495118756589,18.104345461465435,3.873887914419174,51.322115613791766,22.649788029122824,4.051046937704086,46.47715684199689,20.418134043185546,3.471401721239089,47.19732543137602,20.34714461674134,5.325036005675792,60.30951617285608,20.309438595758074,1.2220236584153543,1.1035334714676863,10.307286107117093,5.012731258725963,0.2733744953929387,-0.5945179808954609,17.31942426833522,11.636208691549108,125.59558379313297,3.696862936841489,2.6496038086542715,1.4781079854809436,0.20550886741192792,586.599127637932,-12.125064448424204,8.425337012071132,2.9203094416522166,4.302223443600271,29.700172979746444,-16.80859122655751,27.872959152984926,-30.948762097729187,316.9523124462705,370.23145960848825,9042.47768639583,1521.3418310713887,45544.7632523761,59098.199772735556,0.8604764699986891
IPVS reading,IPVS_PD_c41cf2aa,1.0,0.0,67.0,,,,2.4938179090300907,3.5298487842082977,43.44789035384872,17.083958103537423,3.3843668699264526,44.990752892881304,17.764384755408756,3.595142900943756,43.29557198318054,17.67717708530637,3.7014720886945724,49.290602694157286,21.80993454175679,4.1715953797101974,47.506289550283526,20.680056528853143,3.708008885383606,48.39022960690167,21.003143210484637,5.536776990629733,57.12654644157738,19.08890737509732,1.2334472379843207,0.5976091061760425,6.010001902241189,4.619633225298999,0.24334197613062453,-0.5069269833503335,20.56100678136226,14.441557393359492,191.92561088181594,3.4242738824520673,1.7629775045135547,1.8116666666666668,0.2060058347465649,275.3395371097073,-17.308941880245506,6.9057803829353475,2.4938179090300907,3.5577421045601434,24.282656310884324,-21.222498246378834,37.81424192883033,-27.671329742456024,296.0530207169213,598.6179297410622,13828.577382028652,1865.2917940640923,41392.74824520454,111359.18195484285,0.6307990965935294
IPVS reading,IPVS_PD_d0de0fb0,1.0,1.0,73.0,,,,2.8910480169120083,3.569807159900665,46.89699251591992,18.520002498932524,3.512719056010247,53.20444581454223,20.703548772841536,3.94896776676178,46.780937109383835,19.985694209367917,4.260049921274186,51.22303071105524,23.327311284430962,4.210497462749482,47.373138642748216,20.397232626729966,3.624873834848404,47.63176165813485,20.523441238642167,5.681963726878167,68.37262896355244,22.42584266522359,1.146207347436499,1.1742403434622848,11.199744700504176,5.306135389595362,0.2959563291468006,-0.4991349673075565,16.866459648991686,11.938241256086528,146.99759112418178,3.902461039095218,3.0712041328026056,1.4149238351254478,0.18603220441730126,342.91442156980384,-16.22509323298351,6.894368832851409,2.8910480169120083,4.468398936626361,29.36652955617962,-16.2836026284712,29.940354729775045,-29.283386696408563,330.2284960983556,495.08451283962074,12590.54607578011,1432.9487322238888,21610.753254000276,76659.51172513433,-0.7210994200036377
IPVS reading,IPVS_PD_e32f1f63,1.0,1.0,64.0,,,,3.6406364171386985,3.706055694818497,43.99245581192969,17.772294709065548,3.3662593454122542,49.150556419656624,19.897533772473164,3.7061847627162936,45.34169883310986,19.70440598136173,4.24422507584095,50.18405482237218,23.394479748920077,4.318238341808319,45.32265570630645,20.392576859551088,3.7428677827119827,45.9720942128164,20.476158404216843,5.546218274533748,62.804019857430816,21.093229030515474,1.181371925064218,1.01263258574101,9.112741530433606,6.061683998718093,0.1724160812178579,-0.45353053496313955,14.041824825364625,10.051385016991611,91.98612090876873,5.059091159963166,2.624031908871795,2.8467916666666673,0.12096996719975478,2085.360769692118,-3.7381376115394014,2.0631512445271394,3.6406364171386985,4.823143561799112,16.276946336154992,-16.72523207357528,28.08092187021083,-28.063424775172287,345.5090301466639,284.0381760208753,7260.215301180086,1139.572892180627,51355.58509281739,47125.205835161614,-0.02478154166200031
IPVS reading,IPVS_PD_e50b4a59,1.0,0.0,60.0,,,,3.674140435604597,3.8107592701911925,50.62309335832175,19.848411636387397,3.648854622244835,54.19737553607905,20.962062518156465,3.914374959468839,46.08061931054354,20.407800933368854,4.316108548641204,55.787412961114256,25.818886182866464,4.423856806755066,52.70172225711732,23.648270069455027,3.7916711568832397,51.795170082495446,23.38356309806713,5.8492354072630395,70.20212689414618,23.069858326798297,1.5019167439355177,1.1278301384363323,9.9801421136507,5.369392319483305,0.16716790998330944,-0.9023359231419723,16.238629233228174,12.815005242980353,157.03893605010353,5.15085659699915,2.970650110355834,1.9389230769230767,0.1732077762044447,241.18218640393377,-17.380562691029926,3.4109882991242206,3.674140435604597,4.9600873714080445,24.86253629156962,-11.849786314063639,24.140290699202122,-23.52218853452721,441.8358779057513,596.5442550413213,13266.888721420233,1638.2844290526152,25407.503069383718,93575.02051280634,-1.7918574889080066
IPVS reading,IPVS_PD_fdc0ff6e,1.0,1.0,72.0,,,,2.1583734458997688,3.2869961082935335,41.40003470609156,16.532322280906385,3.2727832645177837,43.959551298849945,17.46705150310335,3.2521183699369427,42.07601046895486,17.09504726741838,3.849606978893279,43.57605169210067,18.87251344571559,4.067276042699813,41.872427669349115,17.959227004222242,3.4046157687902445,42.49272016143949,17.8247581309898,5.245060539990664,56.9174626516178,18.8721967590221,1.0238544406655326,0.6593070841266948,6.645615183374243,5.174827646158971,0.36094763903575894,-0.6156804089400434,19.092254668218608,11.067035974999254,112.25331417028502,4.0246773938514515,1.8557019207236594,0.9720854847963282,0.2157281356636492,444.76033116792786,-14.148349244050163,1.6820593906109575,2.1583734458997688,3.6617832938901644,40.22198443277647,-17.12492752619863,32.98092617367799,-32.41730317151355,305.0241764248249,386.8620138478143,9182.00001451396,1482.9824520832808,23331.21306289963,63377.18910156723,2.1380508239374216
MDVR reading,MDVR_HC_036b857b,0.0,0.0,,0.0,0.0,0.0,2.414751501748304,3.527831834554672,46.180512128151534,18.540411762932937,3.7613255560398087,49.2820337335729,19.698272283484894,3.809195417165756,48.79875292746403,19.86147780860368,4.257171058654785,47.09787393074607,21.018414393541143,4.24455907344818,42.53778158963613,19.67125826716613,3.715695595741269,43.78119603549913,19.6209116322003,5.782657991349697,58.672711318358765,19.85111566281138,1.3288546775684402,0.7185344583835989,6.846997139733998,4.263170677067634,0.26801350826335135,-0.8316283900256766,16.282865990697786,9.756732024160554,172.60500844947364,3.8427015675890503,1.848543064500447,1.70943661971831,0.22080481736737875,1507.3583035053364,-7.386860511001162,-0.4016634641077621,2.414751501748304,3.6010339602460113,36.93852544753593,-7.942536253342906,17.114443425413846,-20.156083079773328,644.7718393797524,493.65496730680655,9797.192963315196,1521.7979877056212,36681.180199830516,78247.16422605,-0.9214760204134668
MDVR reading,MDVR_HC_0ea9a23f,0.0,0.0,,0.0,0.0,0.0,2.288846539224739,3.295786768198013,39.74205411525693,16.059420165026932,3.646723419427871,45.34925450762693,17.39056167051098,3.781420964002609,43.56174137559845,17.325641285698584,4.108752858638763,46.84030398138879,20.487847003521598,4.056120586395263,44.12485663430391,19.19418949453321,3.5583593249320984,44.355948027969774,19.45501243659602,5.485639661550522,54.16258083656429,17.89704686550231,1.5034184750879784,1.0451540779040347,9.43996814957153,4.262520571961873,0.2515275349221006,-0.7275042686376082,17.613650685548432,10.099916570393088,177.618603610501,3.7068483105052983,2.6663226243479685,1.8298780487804875,0.13111147864789982,3600.9084456928626,-0.39774841865387295,-0.8394848178186676,2.288846539224739,3.4254630990885038,31.238334741350517,-10.89566222807117,19.773974998344492,-16.188327224546267,752.3502781906112,373.4628497016226,6565.053542390484,1488.8787060014597,28548.79864275226,49544.33196067203,-0.6399020797674946
MDVR reading,MDVR_HC_139c2848,0.0,0.0,,0.0,0.0,0.0,2.940801428161561,3.5609197378158566,46.08088115612478,19.10769834707136,3.4691071987152093,52.59363229197013,20.58355533737828,3.465981674194335,47.52478217794959,19.48933352250241,3.6937666177749615,45.12349983063311,20.928868003735527,3.8195044159889218,44.643978055267,20.26110158077273,3.741330564022058,46.48288464295951,20.741628183682177,5.589866855740546,64.99401374254376,21.121948509342594,1.2333814621743462,0.9542707476820724,8.474559195104595,4.536680460350869,0.23335139787688483,-0.6661465787414392,16.445153220437962,10.044982015452115,164.95155900362516,3.723382424262264,2.623541832198786,1.9116,0.1466332662401498,2206.906272315694,-4.227463256154447,0.5662630439018912,2.940801428161561,4.195088676671214,27.25620835857056,-12.486009806149179,19.672467478915372,-18.297642170540243,507.2092935449334,451.92254171167093,13323.211583077236,1358.5434782341028,36635.16116798304,78003.91162574137,0.11580906986091055
MDVR reading,MDVR_HC_14dfe758,0.0,0.0,,0.0,0.0,0.0,2.453547637550715,3.33214606642723,42.95395632066532,17.43942170456105,3.499619156122208,51.41870439846969,20.077760848587285,3.5602816522121428,48.654191838957054,19.657322041440423,3.7544593930244448,44.438456263009975,19.908083424541832,3.818051272630691,43.805506697405534,19.587386890733644,3.4988495707511897,44.30838460035713,19.46613497526208,5.249308145046234,60.33561028540127,19.82502610434148,1.212407070505532,0.9599485212196246,8.31779352399266,4.383304683888362,0.2680485942040878,-0.7550225842780328,13.154018403367909,7.629518674014936,165.8373592921209,3.9193311608828014,2.5063415366587765,1.5522784810126586,0.2536793096196906,1198.5617797544883,-8.813905308164475,6.158998665639487,2.453547637550715,3.7956070214134727,34.21896947286227,-16.405744993772213,29.004565347998835,-21.04550097531586,345.5381081831556,432.75016916383936,16739.348510189346,1706.0878407258645,61884.49306513792,114549.00359236564,0.133215461762499
MDVR reading,MDVR_HC_1904eca9,0.0,1.0,,0.0,0.0,0.0,2.701436616110272,3.313454353809356,43.73365651048714,17.64025615142233,3.3133537411689757,44.12320209826496,18.11518346098207,3.236568510532379,42.805996563076754,18.07670143692857,3.6016038656234737,44.40300967013732,19.991577773196465,3.8404765486717225,44.26278284663538,19.453052592199697,3.5374134421348566,44.56026579901725,19.65873167087654,5.190622326731681,56.910748723894336,18.82779325872552,1.2675952921374931,1.0281561753752317,9.717753620540943,4.607342767190076,0.19003209299534327,-0.8964881045779752,12.824993606465869,7.735821276442326,122.52496193962473,4.189439801712459,2.832109452142908,1.8959322033898303,0.19215908898089268,1348.7885878959605,-7.92237735664167,-1.7025614625667007,2.701436616110272,3.833248601931876,27.945896028726946,-12.164761151489872,19.697619309742088,-20.03455790949729,508.20904830719945,343.4231419588201,7718.37616410548,1215.675542962851,31399.224354780967,43611.155517139174,0.9423396757790146
MDVR reading,MDVR_HC_2167568d,0.0,0.0,,0.0,0.0,0.0,2.0403799749534195,3.5421270728111267,43.4534603179994,17.78360281971102,3.683035522699356,50.10924577263372,19.397784579133628,3.780136495828629,46.64765110176058,19.21124321629988,4.0338819324970245,44.99833393961395,20.30492244746034,3.952253967523575,41.85302210852695,19.033933028393506,3.611666828393936,42.39777467639804,18.905881337361237,5.72910962998867,58.02137032151222,19.65180437193914,1.248183824913358,0.7730675779552649,7.283106605002682,3.7962068389507118,0.24411252634472652,-0.28241295977176883,15.238111720991935,10.13019472809632,191.33866392146953,3.6739150261851656,2.1867200004248537,2.6804347826086956,0.2747689202855077,891.767814540468,-10.855669323063871,-0.6804387258333193,2.0403799749534195,2.9424720288961326,19.426372216622376,-10.288984952335058,21.047777040418353,-13.597687134526959,683.9165650491769,535.7799526911018,13568.65605305009,1739.3579680037242,33258.563033173916,94815.26588821966,-0.43076575935793227
MDVR reading,MDVR_HC_38c3a695,0.0,0.0,,0.0,0.0,0.0,2.6970456027176337,3.537564903497696,45.74034542719878,17.52676004020033,3.432093441486358,49.58104273668192,19.12372327767263,3.5930910408496857,46.01779463921911,18.53691968330924,3.77773442864418,43.30902362668664,19.34170328409734,3.589995712041855,44.0385988668624,18.97489022830933,3.285891979932785,44.73727192452385,19.005346787724037,5.2226428389549255,59.29693952202797,19.28382308821033,1.1706871958996503,0.8374232656375169,7.420229186562933,4.270868506094122,0.26572418762653116,-0.7003525642812156,16.36806681528875,8.324918243209344,187.1829691935495,2.9953466520493284,2.3230793368667157,1.691935483870968,0.18484246174452726,2215.798198385398,-4.588229380369409,-0.0036985798966089334,2.6970456027176337,4.213121783876501,32.117489620148916,-14.349257439495759,22.11875604848121,-18.812098823572747,461.55614498907556,431.32307429870644,13407.126915010007,1361.655225230507,41120.80681328405,69417.75875552624,0.4148188470111776
MDVR reading,MDVR_HC_5b90506a,0.0,0.0,,0.0,0.0,0.0,3.483334133528912,3.3890997767448425,44.82815659729778,18.087354675170378,3.90200674533844,52.4763235170288,20.2530630811632,3.833842307329178,48.00265393090693,20.068999740215624,4.046961754560471,48.12191088207564,21.35827520600362,4.014635622501373,44.5132508961901,19.655436415435283,3.384706884622574,45.29485772473693,19.46587973907617,5.474286714568734,62.61839214712381,20.63879076750201,1.3010305685752528,0.9092926795071449,8.100094869167894,5.652738306019915,0.24224403536974828,-0.7949475117097192,14.926290362420565,8.343706626674896,172.7039398475379,4.704687508118862,2.163599547174124,1.498,0.2283616311767326,1130.3977983472505,-9.812053157520948,1.990964441415647,3.483334133528912,5.35477959890054,32.18441803982987,-16.811103435092246,23.128046466893316,-24.516957436313533,465.46990910009447,461.0973120563391,14443.668147986946,1944.0492929203874,118722.01567776628,97316.07158503073,-1.0109328531471076
MDVR reading,MDVR_HC_7b342eb8,0.0,1.0,,0.0,0.0,0.0,2.6471736276214477,3.413036346435547,42.68050404912557,17.277022216664637,3.4523454904556274,51.94868738997346,20.038464690379723,3.762046813964844,51.50682623394947,20.168794673044573,3.8937424421310425,44.483526571335865,20.029276277260728,3.643307089805603,41.59287648471168,18.958227574519597,3.2207746505737305,42.55506702452841,18.71179725713009,5.3460235595703125,59.08148959279061,19.62762537249024,1.1414491352408584,1.0574956480830902,9.874018246673145,4.754138090762807,0.21063837337213018,-0.8142192010917862,13.440595633354308,8.740255321919244,153.17809302780302,3.962307493026204,2.772589461418348,2.1038461538461535,0.22148528057667535,3075.7358452972435,-1.4556061812451047,-0.3447962835220011,2.6471736276214473,3.7711050449903953,28.529860544338383,-15.168417713898199,23.59961062916063,-14.133395410927555,647.1929181682825,415.66217460534847,11302.021318191884,1844.8474629662296,59025.57853418098,88449.2580159808,0.11189552569262089
MDVR reading,MDVR_HC_7f650938,0.0,0.0,,0.0,0.0,0.0,2.259846499639729,3.430992996692657,46.41553453708985,18.635968640726578,3.818216568231581,56.70393772136853,21.535026792907864,3.805136781930923,53.95061130987665,20.760517136280065,3.895406121015548,47.07615517955712,20.332491732082136,3.944928073883056,43.90865547191216,19.25968703791121,3.503724533319472,45.472357060653614,19.30947561060156,5.520486404001712,64.73746251314876,21.303276039018154,1.149612567145829,1.1087821280731238,10.624145103038842,3.3259221204552336,0.33364281950264735,-0.8782726646866341,18.609353222633185,8.722963789915642,194.52576990617828,3.591754084303529,3.108096786397759,1.000608695652174,0.26823725402314336,1276.6865283551763,-7.750263143129043,2.178505261222867,2.259846499639729,3.778651577634986,48.17946852023788,-11.293639751501276,20.264226956314243,-17.875130075002396,546.1822283438235,495.4659531573761,13987.027950799624,1693.575444982132,43396.527712156356,94642.23749836575,-0.7257087224925065
MDVR reading,MDVR_HC_98b28927,0.0,1.0,,0.0,0.0,0.0,2.7556626222862013,3.530350059270858,42.10117753752118,17.319026640541548,3.955609261989593,48.18672555544332,19.86607277124312,4.237523424625396,47.92544708216997,19.925014061799388,4.18075704574585,46.49320689537644,21.229745522796502,4.166812539100645,43.78490412984212,19.7314729932798,3.898220878839493,44.69019420155664,19.559474434699982,5.894452349841595,55.89775743894279,19.353746047120666,1.2840393405910038,0.8969723561267916,8.433717985913592,4.2677888333155956,0.1760921296160287,-0.607136303903899,14.464394705956952,9.579452732495257,156.5484188448082,3.9642807485762726,2.414386199351716,2.8314285714285714,0.27884008352262085,3126.4687000472163,-1.5247393572419519,-2.307205691471819,2.7556626222862013,3.6140864606611696,19.3895237815447,-8.151919918744797,17.419024038625615,-14.885571876108878,820.2162581698293,443.23425320773157,10903.613098669997,1291.0885442900976,31079.399733038998,66186.81920499878,-0.8651037014843366
MDVR reading,MDVR_HC_9be326ef,0.0,0.0,,0.0,0.0,0.0,2.518535149672249,3.3610428512096404,44.3318521203197,17.299541621884686,3.397042852640152,51.75476746482304,20.13574581896711,3.549336791038513,50.1143155407808,19.981166860885416,3.574206173419952,44.04564993721728,19.536980146779143,3.520087134838104,42.6708589340512,18.877769770493227,3.368055421113968,43.95415310552553,19.026454546474906,5.2898860082030295,62.51253698952495,19.995234984652644,1.0024398765563214,1.2488670964026902,10.982166778579229,4.414262611881301,0.22972684956958755,-0.8428362833250019,15.021821581379557,8.153030388410683,185.02994885068838,3.9508256113694076,3.3453495102784707,1.663714285714286,0.19436063475583965,1949.1963880504577,-5.53527994067834,3.653263045928636,2.518535149672249,3.814687037949729,32.01858639893402,-11.101316778840255,19.077813601160265,-17.503283230844154,568.6338020562325,592.2625583269473,15570.322244858633,1464.0687786685537,44021.790130538255,84445.22067692931,0.9021010348578818
MDVR reading,MDVR_HC_a92e7b26,0.0,0.0,,0.0,0.0,0.0,3.0799806816767243,3.51413843035698,42.48826979081747,17.28520141458901,3.4637411236763,48.99233557582241,19.03739439039237,3.7661969661712646,47.115544179209394,19.35819098868946,3.857168674468994,46.68057560198479,20.936800707466947,3.646690517663956,45.58470771637225,19.49967324531472,3.614190667867661,46.87371288603848,20.009425086805937,5.296536341309547,56.22682236135006,18.5702155937761,1.169002950713953,1.1843192262441404,10.767417571245941,4.645466599393575,0.20526360142996658,-0.5111590126672283,17.58491760163431,9.734475926465906,196.24559397467664,4.553595415887652,3.0676735642102684,2.4491489361702126,0.22909071826299648,3519.2905935493304,-0.3701871347011291,-1.3002016368095326,3.0799806816767243,4.316960859554873,20.533204544511495,-8.37634874962442,17.189106278230586,-13.960213279615953,868.3574546557893,460.72421506078877,10425.00074367525,1644.4189085762403,38537.85943784443,81406.74261541432,0.32102456256031175
MDVR reading,MDVR_HC_b27d917b,0.0,0.0,,0.0,0.0,0.0,2.7445051946251198,3.5094722211360923,47.4755591724492,19.379996321540872,3.4896256804466246,52.18933964062256,20.380817090800573,3.528233307600021,49.64576371682632,20.42433562143819,3.9037779629230496,48.26257210747072,21.74091077219517,3.8961477518081664,47.26652860441453,20.86329145075458,3.592942249774932,46.74907218628009,20.707832805988144,5.529904092848301,63.97217594087124,21.16586918407303,1.2632635083327708,0.9252343040769786,8.551802627645362,4.665710694654275,0.2867906779543153,-0.8449101408690478,16.499274246289847,8.553096314959982,197.72226095159021,4.253164826648071,2.469438525228571,1.308125,0.23445174372726071,3777.4360088104145,0.5543438875812402,2.986729840393471,2.7445051946251193,4.5032086744855055,40.05494067831255,-11.942911433223136,23.202325699990244,-14.019913847071141,635.8553269755065,557.5728784816405,14107.030437104288,1640.8864948919704,45461.531239168406,90772.85071786706,-0.21444399292457106
MDVR reading,MDVR_HC_b850ba3e,0.0,1.0,,0.0,0.0,0.0,2.5865111080006384,3.776519656181336,48.91123094717212,19.383570268967134,3.694526553153992,53.17829185410935,21.018902817519844,3.4972022771835327,49.89122862479213,20.20816551012348,3.5776365995407104,48.89151935714154,21.858802983724896,3.764717221260071,47.82771277984023,21.368446033565338,3.483357310295105,49.51482963399886,21.602604809443736,5.812795042991638,63.44093028455973,20.955460514238645,1.1551492404835977,0.7263661366919879,6.7953119766420755,4.683168386652003,0.3062807665693439,-0.6817539967305023,13.15991485467468,8.035474132497216,136.43907861011536,3.636496775654109,1.6959748674813022,1.3744303797468354,0.1986969860729343,2570.093985613046,-2.26711860169703,3.31265025719577,2.5865111080006384,4.223320972393902,36.33732678556995,-14.522486872175826,24.096341726946775,-18.314382823051893,455.78880183661755,427.29468058791633,12877.829174251361,1536.0921620410872,47216.103755814314,68485.92234187426,0.09200941370260463
MDVR reading,MDVR_HC_b92850b6,0.0,0.0,,0.0,0.0,0.0,2.6758138038646897,3.477793574333191,47.20446421774757,19.163917384853978,3.5018481016159058,55.14343460873036,21.09252395473158,3.621344447135925,52.03474396962034,20.478465199523463,3.555562734603882,46.12204120030447,21.498451379353167,3.4020917415618896,45.87937254378364,20.783957189110613,3.418662428855896,47.67629975623078,21.397892561957068,5.385233283042908,67.25220903754234,21.90170816540435,1.1122966398562355,0.8824230747991045,8.311051624688194,4.876478322994099,0.24254165488241405,-0.8593704416214728,13.418266652327475,8.603113822919212,159.87848086544926,4.591080908319731,2.3729688359974923,1.9913043478260868,0.20997857647931753,4287.801724541256,1.467915287362878,2.2983880244615804,2.6758138038646897,3.980038948393379,34.368250691840046,-12.10691985751205,22.170116109108413,-12.081364976530342,809.509912835469,526.1685809146644,16001.563987112559,1675.1918323400287,70380.377692846,115258.80596804587,0.3075686814677351
MDVR reading,MDVR_HC_c1be5c84,0.0,0.0,,0.0,1.0,1.0,2.0830627775901926,3.494310545921325,43.69316102070741,17.46427944187947,3.4958854675292965,46.02533392798973,18.322048276755595,3.5476443767547607,43.613669383999984,18.010076190085616,3.735700178146362,44.4464635143596,20.374273514946832,3.853891634941101,43.119795782992,19.00913675586905,3.637202620506287,44.162673236704,19.496669237944413,5.410718423128127,55.80319255590438,18.050014401254167,1.2219572697322665,0.6951488430025703,6.889622544620349,3.9709636865995854,0.2720968286538012,-0.7599740322155287,17.948048691158302,11.290957368005062,220.9289178385186,2.7662136190084268,1.8943128949030579,1.5619101123595505,0.20091974002407534,1976.6884865507986,-5.748228250533557,2.12790645602462,2.0830627775901926,3.3275246867479877,34.908184203007714,-8.046065010817902,16.56727857903568,-19.224531838092243,661.9036045771691,604.6831511826238,13356.251018379118,1702.0447891915132,46351.759652705245,114605.58932714975,0.5616770853880684
MDVR reading,MDVR_HC_d2e37ffe,0.0,0.0,,0.0,0.0,0.0,1.8250489307695867,3.4166586756706234,40.73052730355313,17.037218473037477,3.097446703910825,45.98733146072557,17.33400769880298,3.3527855873107906,43.861925375684166,17.38816767426846,3.764311480522156,43.99076246223821,19.89103330685465,3.8114695906639096,39.48397066797311,17.38820856105743,3.1937796235084512,41.227361376127206,17.60322628659682,5.372578459978103,53.50685069337487,18.07040322636333,0.9938440036592924,0.72162319883991,6.035312792829591,3.527520665746764,0.2945843685901027,-0.7133498878774649,17.155247395280224,9.174131048457138,192.95287327858554,3.5313641521037438,1.9254625038020399,1.3780851063829789,0.2792003689029919,551.7545883868816,-14.60379185669348,3.1992524063844066,1.8250489307695867,2.943213296398892,36.071555337563595,-13.589377103932796,16.939571024743593,-18.781774429255318,505.2126198179861,447.05903467055305,10368.635228989906,1813.4825634805034,59232.75769283633,88642.79608056668,1.4889494449105316
MDVR reading,MDVR_HC_d6afd10c,0.0,0.0,,0.0,0.0,0.0,3.00414253663977,3.5657146811485285,46.33998222257455,18.05497325900867,3.274415075778961,46.98580711728823,19.073676779843787,3.2238010287284844,43.70946523963868,18.34626397844081,3.688451790809629,45.23183205836633,20.832232573366262,3.63264216184616,42.7636280411065,20.28976552442329,3.5711229681968675,44.64567489584756,20.596499619698545,5.503538604080676,62.13131071999666,20.496980624608412,1.2485467328068922,0.793327436014946,6.934593929135218,4.681281503968013,0.2747933383364786,-0.6089373432681335,14.962563059831727,10.67380620987157,185.70601529201593,3.682641313028767,2.213950157594397,1.7781818181818183,0.1412694245709678,1761.1915103901022,-6.139025068373215,0.2927351904607658,3.00414253663977,4.501825064215223,30.312068838167043,-11.570443621123108,20.924882552858232,-17.966229276794003,619.0441859429413,357.30486687002474,10586.19210020248,1178.616304945101,32721.626900061918,59838.69858624669,0.7674981528538141
MDVR reading,MDVR_HC_ebc73fbf,0.0,0.0,,0.0,0.0,0.0,3.1092080391929944,3.3863720178604124,46.282872604025634,19.598784348374533,3.7549720287323,53.29810997213937,20.86533895179068,3.6242603302001952,47.82337866418146,19.91614848840806,3.8361754417419434,48.84323862890554,22.80042526776267,3.988260293006896,46.5501932588355,21.73379580348598,3.7655848979949953,46.42966733381521,21.362167911148525,5.754263484477995,64.04847145080565,21.68629941291633,1.3282806392100843,0.8803604832862552,8.123161697201331,4.937877643241037,0.2427188211240983,-0.8139629794111837,14.78993119396898,9.457701954097583,201.91721126821417,3.8260215336061973,2.3405426521773807,1.8358490566037735,0.1494273721523975,1761.475300039381,-6.457998617389521,0.8413059945214219,3.1092080391929944,4.6476761619190405,32.86656636963314,-7.971979145107002,14.501460523576526,-17.436048633771858,733.3172471112346,549.0430568142766,11869.0969576759,1375.2894934286603,24794.71217223412,72853.99433131296,-0.6736143263107273
MDVR reading,MDVR_HC_f9f5c386,0.0,0.0,,0.0,0.0,0.0,2.9538506868991936,3.6263128221035,49.29807690820574,19.410068262750947,3.608164894580841,51.00060561816365,20.806234690768797,3.730544257164001,49.0406251955152,20.543831781308587,4.01033568382263,48.14663153524869,22.078293330706785,4.234269487857818,46.58081565717677,21.257838961232675,3.667651927471161,46.25394635813408,21.432361082663416,5.534254333376884,61.66287343949079,20.371411505752334,1.2574256668924395,0.9224778595851667,8.47051009526752,4.573261953018182,0.23925453942764538,-0.6465098697516145,15.745437265048201,8.79082487928148,201.16465194521342,3.713627519052367,2.103190019156975,2.0883673469387753,0.17268341835170767,2327.9045449710893,-4.181781300382203,6.363447702624708,2.9538506868991936,4.4022395433088155,27.402305624102244,-10.37472565563246,20.13104429665713,-17.363844953479138,573.048480110348,692.0298445432759,23047.82665202098,1564.5475949960864,46503.724016833585,118774.61366315711,-0.39581858625915084
MDVR reading,MDVR_PD_05c2223e,1.0,1.0,,2.0,0.0,0.0,2.623639876614352,3.4598111450672144,40.49800161466428,16.69082968258853,3.4592524111270904,45.55656014787682,17.789827716746093,3.619760686159133,45.05062784649017,18.1779518647795,3.8566920876502975,43.40295244222028,19.450065665877187,3.767839133739471,42.861705490973954,19.06531493010348,3.703149008750915,44.9904349496957,19.73316009375573,5.317086733877659,54.86549373716116,18.16275360024957,1.2690073090062357,0.8073286379280575,7.354133027725852,5.6265140657085535,0.2974814413070744,-0.24389305532811972,13.412434314639844,8.754799591298632,133.62460899084272,4.434401294746453,2.12379269596418,2.149574468085106,0.12334319598135939,4219.827598496544,2.199887195485076,2.7168040509501417,2.623639876614352,3.9538210053126277,22.778888851225386,-15.622692628299191,22.804464476617362,-15.858858716109294,531.5477180504503,412.0523155309785,15985.734322688135,1425.3199069729844,61750.68632030076,81992.03022773769,0.34697241162075126
MDVR reading,MDVR_PD_061277ea,1.0,1.0,,4.0,3.0,3.0,1.599304244284968,3.142790508270264,36.29543082020088,15.167299713667466,2.567008876800537,37.905639697898025,14.269707430465491,2.505757403373718,36.36000523004377,13.977152291037248,3.173562514781952,39.90824332549161,17.06294439318005,3.5866953134536743,38.376832348455466,16.315604203752315,3.1785341739654527,39.05161248001348,16.34674930911761,4.77324676811695,44.30514417588711,15.6609423771466,0.8917613899691696,0.6858824465291224,6.367480642065201,5.57139392728907,0.35137998359837624,-0.7698620981408069,15.69924424093,7.484217001916138,133.75420838731955,5.230153804145971,1.9131480545810184,1.2523809523809522,0.30285241658939577,1120.9617859117407,-9.260828666788074,9.802097468004469,1.599304244284968,3.0464754280631534,45.52763907088595,-22.674089155032092,32.86935492406594,-25.905372720579642,237.13579925460763,413.3757156731706,19527.078401675702,1667.6867850506255,106402.39092328514,115319.03865742311,3.648857087074979
MDVR reading,MDVR_PD_0a435191,1.0,0.0,,2.0,0.0,0.0,3.1880311753417145,3.3765428364276886,45.82431132540577,18.529852674103,3.5106103122234344,55.99908361891698,21.34599448187296,3.695013046264648,52.02953554205467,21.345481781146656,3.788287341594696,45.218932232155375,20.852405167712853,3.712521314620972,45.59808072552491,20.31416142916841,3.4241711497306824,45.98695588807965,20.19189147435548,5.419917464256287,62.28513550013304,20.962015108681,1.1914482138584472,0.6284080583437365,5.659544119127939,4.290864625213259,0.1708377393960757,-0.9780744303328816,16.151880583060784,9.304552949054425,190.30968034681007,3.9952375123729533,1.808009070686122,2.314666666666666,0.15046837646283376,1872.8412213652807,-6.5790565324991315,5.523348826148437,3.1880311753417145,4.444687124604128,27.25884149923628,-10.796384942368377,18.035016287117674,-18.141882429155597,560.5611312792175,613.0057678399992,15874.994497060885,1570.3009212692277,45230.72538121415,94967.01820601198,-0.23726215232273934
MDVR reading,MDVR_PD_176dc637,1.0,1.0,,3.0,1.0,1.0,2.419558094598001,3.323765683174133,40.68953746108615,16.179886791030842,3.496483588218689,46.37647710173596,18.37998575500442,3.5164187908172604,43.680141733478585,17.547201595125237,3.524630546569824,41.43723004030748,18.63918152842725,3.411865663528442,37.69211723015388,17.35208091972798,3.314742708206176,39.92639414388849,17.835490496078894,5.447989177703857,57.44314387440677,18.650683184378064,0.9237247932134576,0.7038544105958813,6.6252690266805505,4.672620695483584,0.3324652048503179,-0.4596741834108789,13.634331107000857,9.323710384297852,121.82969909616862,3.0639500492504723,1.7496252882486112,1.69,0.17172099877787783,2481.7925355251587,-3.841162201622728,-0.4150405503320691,2.419558094598001,3.793799947308334,31.588675123918343,-13.716492891014667,21.510180254213886,-18.767931600740415,451.084067813218,291.1030910773138,7926.737141116389,1196.5143021136682,40262.902752457456,66075.81727865194,1.4171880047016043
MDVR reading,MDVR_PD_17dab8cc,1.0,1.0,,2.0,0.0,0.0,2.4411230440740623,3.3813314914703367,39.57126720460004,16.10215600196954,3.51926628947258,45.257462555462304,17.977606857484517,3.625365865230561,43.626967565510455,18.180948247887084,3.596609407663345,42.32875257770199,18.86193230922569,3.8962276816368098,42.03307269242962,18.585920560486738,3.68115394115448,44.71304782787702,19.28713472057874,5.417925132811068,54.4583319500088,18.004619670971874,1.2491375635826365,0.938686519745802,8.566421712575053,5.178500813481593,0.2407342490200453,-0.4956192483207258,13.387942543232304,8.33759119271643,122.60948905680881,5.245526590099847,2.4745356018409814,2.47,0.2337957181724436,3912.195415375547,2.8841047078111064,2.79428625342935,2.4411230440740623,3.4175069153207818,23.710124605627968,-13.47158299839892,21.612584055870688,-12.276768885444431,685.886545711476,373.0659882215241,10175.114215034326,1398.919633917146,36886.82853633114,66881.46799172089,0.6622314651766017
MDVR reading,MDVR_PD_1b9c26aa,1.0,0.0,,2.0,1.0,1.0,2.9914044454542017,3.647907793521881,45.2096280263017,18.37206488447938,3.564216434955597,51.39413318967317,19.8064383896737,3.654356300830841,47.56502765779841,19.13174641953218,3.5425370931625366,41.8928606558534,19.26666743991387,3.6772444248199454,41.37215133271436,18.678899398078,3.7460410594940186,42.038732810978445,19.048541063255907,5.502677828073502,63.596670515835285,20.248334120770465,1.103732453108891,1.0410764371604364,9.35200831270923,4.790237697526503,0.2243931992881215,-0.6365643291496753,16.300226310384044,10.398484309958082,217.74982996466318,3.8394033718982152,2.811209056174088,2.2069565217391305,0.2008429467678533,4710.222525521872,3.113786434382291,5.151247389385725,2.9914044454542017,4.224598930481283,25.445870725888906,-13.655177615813617,25.47159314429866,-12.248817068674963,758.1926980841929,582.6821072031164,14988.61204233579,1597.1217215484576,70292.79573587725,92314.54286209648,0.5565267561203436
MDVR reading,MDVR_PD_39af23a9,1.0,1.0,,2.0,1.0,0.0,3.030988487247739,3.434402078390121,47.23277710956685,18.546245295497457,3.654510116577148,54.42809802700501,21.55944569599753,3.7175019800663,51.12067473831958,20.27488685873068,3.790086424350737,46.8417516943056,21.718626700414955,3.980218994617462,44.94946526558595,20.853168113748776,3.876281702518463,45.9878576180014,20.9532052896798,5.582007171213625,66.47581970319152,22.687792080228085,1.1829618166609308,0.7683972353163736,7.390369111370877,4.952927594015221,0.255959216456797,-0.6158669055823188,10.705175948147964,7.515853288180087,106.64702819521364,4.365636285475576,1.6753367002507302,1.923404255319149,0.2386308653159796,1268.2732376537972,-10.365789162821317,3.207981297907441,3.030988487247739,4.4235125789912955,28.430835405989573,-11.184454803806915,19.400749061182612,-21.624002926454317,450.6383223775076,613.3844791077585,31669.3385732065,1396.7322588712343,71508.10582441352,109616.48870139374,-0.2776280235720127
MDVR reading,MDVR_PD_403dc949,1.0,0.0,,2.0,0.0,1.0,2.6090538746738683,3.429678392410275,40.83559183122488,17.54602718647851,3.2040686011314388,42.81705720430744,18.181257566690302,3.5437901377677914,44.75594874012621,19.483884126038525,3.7219433307647702,46.93925429935232,21.313045852108576,3.699921369552612,43.99873686418267,19.644043378390982,3.157130730152129,45.12749773840135,19.42620062191803,5.213903799653052,51.1831105314195,18.25796418165424,1.016304908877698,1.0491545176832433,9.527065726199133,6.139804189642893,0.26914450496635695,-0.6965427695610835,15.808932153190353,10.187423140240202,187.27193577963618,5.8414378168478365,2.8415193126382317,1.5855999999999997,0.28929800389533455,2233.164355993754,-3.1283336997493616,1.873574748017095,2.6090538746738683,3.9610840861709518,32.407195495949104,-16.64684216225773,25.753027935095943,-20.733772739338896,468.2529664139829,496.40978206110117,14662.962356817063,1934.145432508999,112047.20932385982,117742.65006247412,1.6127781275628115
MDVR reading,MDVR_PD_4b10e052,1.0,0.0,,3.0,2.0,2.0,1.5734043903057988,3.6995350480079647,43.21516888997306,17.47303675154096,3.022542476654052,44.32103922126593,17.437772114746338,3.0371014237403866,42.51545726242733,17.276616292015422,3.4594597578048703,44.66289034270412,19.693994744352675,3.4290869593620297,41.12200366973288,17.754923130086137,3.075390005111694,42.138329265734015,17.977619415718053,5.42183535993099,56.259312424808726,18.490641581171857,0.8720454598753621,0.7888762077905282,7.652383111392529,6.292658594454243,0.530727911009601,-0.09510730183472733,17.733751867003445,11.031987829455112,189.73866265483275,6.272379381272424,1.9941256964239256,0.8901612903225805,0.26814806990164086,1976.3814291345368,-3.830887944004877,5.47278763143038,1.5734043903057988,3.5154035154035155,35.020936429387135,-21.911868326438025,33.80774051763652,-24.77383766935013,352.86852279159643,429.8313426283982,18881.23579683515,1759.6986468584778,138860.17983029125,125560.51493315012,2.3606244168727337
MDVR reading,MDVR_PD_5b73ed20,1.0,1.0,,2.0,0.0,0.0,3.017527037888295,3.451504081487656,41.6978174592449,17.14063765749394,3.5197032392024994,49.60270142810454,19.719014456490505,3.4230231940746307,46.01261155490054,18.9161117501564,3.623228371143341,44.26992185511007,20.24451400067005,3.916074454784393,45.23661495978424,20.085689104194987,3.742944478988648,45.57585059851844,20.066971518866985,5.335959285497665,57.57244769483805,19.519996500470327,1.2001864337171426,0.5725747593451129,5.736533784271545,4.108716647976926,0.24513882034433654,-0.7139249310215453,15.413852918493372,8.49833794642952,127.2091265447475,3.5074781399796593,1.5294393111786653,1.7414754098360654,0.18367066303926335,2673.4063341817414,-2.451797933111254,9.371213388758186,3.017527037888295,4.268900857769799,30.03426444253303,-14.913107536380764,25.93826288279332,-18.572409076587547,434.68077161559756,401.9915305930299,16973.814121379048,1492.956614727607,73756.90942932155,98815.90795688766,0.4106070009838757
MDVR reading,MDVR_PD_7139a675,1.0,1.0,,3.0,1.0,0.0,2.292078318663553,3.5723284840583798,42.19965306600531,17.437261597110986,3.178588014841078,47.4576892442107,18.4076556738715,3.3784769475460035,45.44420387852034,18.27689393622628,3.702459895610807,45.23852386458272,20.516775411941254,3.5053898036479945,42.06378940218799,19.17042563183497,3.382185721397398,44.12007897935475,19.99590475966268,5.190650055930018,59.522864669561386,19.902448883357277,1.0779600341579234,0.7446483546694302,6.80479312238857,4.657526439305339,0.4437578588108496,-0.03562717764315116,15.237760887102937,9.439284163357465,129.86486412295167,4.009675269310461,1.8171312278475948,1.374285714285714,0.20531973655654145,2798.049159884573,-4.561568368285104,3.442849969124854,2.292078318663553,4.2732752846617545,27.591162205855934,-12.275003435915826,23.453719130985355,-21.7147116030544,418.7518902258836,987.0506913499036,39711.926701471246,1461.6463704892933,76889.68939058631,99184.4112703954,1.1477253900369
MDVR reading,MDVR_PD_7a66b834,1.0,1.0,,3.0,2.0,1.0,1.405227704902182,3.0193995237350464,37.01580684862192,15.32603904667901,3.1786712646484374,43.41168548110555,16.736957577379826,3.382315182685852,45.40885971906763,17.45625313600767,3.3768393516540525,41.326818400921134,17.805767840027706,3.506451344490052,39.19655008302513,16.79357751925625,3.0311648607254025,40.37981784994037,17.018055864813164,4.8452583909034725,50.15779282897709,17.165195202601556,0.9563424492407916,0.6568666524020363,6.421458171832844,4.52418369330777,0.42105263157894735,-0.6081934746797818,15.149503031718842,7.889236810362667,123.03268074428112,4.907132154248823,1.9463721974394155,0.917319587628866,0.3085640299653068,1422.9142008270917,-8.745129900144118,7.857744526215618,1.405227704902182,2.8078310149407524,46.41119025365005,-13.610432931223624,23.67215468286704,-20.379453694525942,360.7081812507008,522.6359747049819,17757.836902129748,1362.410594854493,66634.77446136238,90190.47727650142,2.12252823402071
MDVR reading,MDVR_PD_d4e614cb,1.0,1.0,,3.0,2.0,2.0,0.8792487248547933,2.4416927099227896,29.130707595929955,12.80213300282523,2.660710859298706,32.029473053778055,13.417666124154277,2.626284480094909,31.764295093778383,13.250556793963447,2.7803172349929777,32.696397397096646,14.786780362643556,3.090896940231323,32.848715838037634,14.582896134168074,2.817344427108761,32.354201260008814,14.53387960549653,3.862140989303589,36.787739098072045,13.189280767875616,0.6823499920975614,0.18460926971166014,3.90929748790308,2.582902022091231,0.2634529410936862,-0.19967119512906756,11.036139966075678,8.365857974752545,150.4405270825323,2.328369255311946,1.2712791939836516,4.01235294117647,,159.1306015062321,-23.761923383291887,7.092547250165515,0.8792487248547933,1.2638717632552405,19.300581765105218,-19.218828033946593,35.912374023832285,-24.596357863110093,191.68922978656877,409.11726135427546,10058.233951442588,1082.065004570372,63390.740412310355,50370.47188130179,4.929936762582143
MDVR reading,MDVR_PD_db446da0,1.0,1.0,,4.0,1.0,1.0,1.7456208992957325,3.432868355512619,37.77871022722696,16.333273540870223,3.13852926492691,45.04278849429704,17.602930771922274,3.438131147623062,44.22398243029232,17.585913299911144,3.4682323098182666,42.2511329553225,19.09348279718418,3.78254809975624,45.03584155637937,18.913146501138293,3.567118328809738,45.1752848630432,18.992571649612977,5.274946761131286,52.94149522669613,18.13711493114271,0.9617005584626026,0.9468782664318007,8.641404495697179,4.81997937436435,0.31228555950159514,-0.887348547503235,13.522004964108602,8.53108468467182,95.25689404268562,4.389205525498712,2.3011233216710414,1.0876923076923077,0.23743174241574466,990.6875007545966,-10.298627434619734,-3.3549493909845367,1.7456208992957323,2.7286413248024086,45.50653102991633,-19.361787313457885,29.3639392984832,-24.088594317226576,340.33161840701143,379.852804385186,9382.03029698322,1440.6266385609808,60009.14029175951,89878.3811393411,1.9227569928990333
MDVR reading,MDVR_PD_dbaf231d,1.0,0.0,,2.0,0.0,0.0,2.779358471352841,3.3661265909671783,43.93612593045117,17.322208590612753,3.656742793321609,49.694740666980046,19.23781495768784,3.76448523402214,47.49392100119817,18.58955050310514,3.647785234451293,46.03267258096,20.415965204628765,3.72149213552475,44.64001360922948,19.67633863703859,3.689220720529555,46.094697469611376,20.00610422413364,5.487130086496472,58.63361867144703,19.0048631459216,1.213319756829056,1.0547819977335942,9.78108732537714,5.230630262944145,0.30447153254065706,-0.42822209523078086,19.33049793412174,10.5598534092704,208.61683287742662,4.308612475086985,2.726068001179772,1.7017647058823526,0.2343177047953632,3385.3245142986057,-0.8534788050983942,7.830775699307717,2.779358471352841,4.388951948543322,28.03318458174848,-12.822130079644472,24.622934286182637,-20.520439547979944,458.32462958383235,616.8033501174499,14853.190953432297,1710.0420011248248,41755.590943435775,107052.03209530684,0.2108730631499993
MDVR reading,MDVR_PD_fdffd473,1.0,0.0,,3.0,1.0,1.0,1.8384102553109396,3.0843762814998623,38.35280900205953,15.887153021563527,3.236262643337249,43.47930593117233,16.532751269058718,3.32321902513504,42.91452937915258,16.92443827078557,3.790774065256119,46.33536553306407,19.715722529295277,3.3282189309596983,39.18129279132357,17.416023825665587,2.889217561483383,39.57474891604252,17.5547388450203,5.050946608185768,53.65170258097348,18.00104753440246,0.8053376144684824,0.547353320773615,5.631630000665375,3.65634632713792,0.16024352076143114,-1.125640961056029,11.359921276698316,10.192421591087616,174.82508778851638,2.9000897949472377,1.4622156229922652,2.2551851851851854,0.201275103837036,496.11335621229307,-16.963686549790708,3.609048181110153,1.8384102553109394,2.581888246628131,29.634075757250965,-8.386344703080296,15.729004045460258,-24.519908693181485,569.6348992350784,690.8813667261957,25768.718142362286,1140.5819023747345,63829.63041330785,92095.52719708032,1.866122499814249
