sid,dataset,label,male,hy,updrs2,updrs3,mcd_db,mel_r
IPVS_EHC_49649a7c,IPVS,0,0.0,,,,50.24246062600229,0.8365565363331621
IPVS_EHC_71d347fe,IPVS,0,1.0,,,,48.259999334397946,0.91405190146186
IPVS_PD_25bcde8e,IPVS,1,1.0,,,,33.781911556617075,0.9644241715678619
IPVS_PD_215587d2,IPVS,1,0.0,,,,49.26576613245038,0.9335082131618724
IPVS_PD_e50b4a59,IPVS,1,0.0,,,,38.74275220066624,0.9381019648939781
IPVS_PD_55bc13c6,IPVS,1,0.0,,,,35.625730501340364,0.9490290743787015
IPVS_PD_b85147c7,IPVS,1,1.0,,,,40.20193732009589,0.9355900776031161
IPVS_PD_a0fceda0,IPVS,1,0.0,,,,36.06145059235128,0.9424407753740851
IPVS_PD_69229acc,IPVS,1,1.0,,,,36.49739520516984,0.9549573922369995
IPVS_PD_5fcdd5c0,IPVS,1,1.0,,,,34.33563547682516,0.9521773444843025
IPVS_PD_5e7a0360,IPVS,1,1.0,,,,38.14414170259042,0.9500375227830787
IPVS_PD_283812f2,IPVS,1,1.0,,,,39.043875549398024,0.9408198761696166
IPVS_PD_7f660571,IPVS,1,0.0,,,,42.022545365330046,0.9382413786226225
IPVS_PD_d0de0fb0,IPVS,1,1.0,,,,37.9910430241785,0.9478486016791632
IPVS_PD_a326f905,IPVS,1,1.0,,,,44.75647212015641,0.9404217436494291
IPVS_PD_c41cf2aa,IPVS,1,0.0,,,,43.131114535717025,0.9336629068526827
IPVS_PD_8f283065,IPVS,1,0.0,,,,38.84512616559642,0.9408635165238349
IPVS_PD_74add44e,IPVS,1,0.0,,,,46.024949421539276,0.9275498070493048
IPVS_PD_fdc0ff6e,IPVS,1,1.0,,,,35.62879545188586,0.9630606003857581
IPVS_PD_0bc86f51,IPVS,1,1.0,,,,43.31878051734916,0.919764419513944
IPVS_PD_b3bfc7ef,IPVS,1,1.0,,,,41.551829440869945,0.9340577312749383
IPVS_PD_9bba66a1,IPVS,1,1.0,,,,39.993271939778346,0.9427382464017471
IPVS_PD_babad183,IPVS,1,1.0,,,,38.23154012752232,0.9544429647915791
IPVS_PD_e32f1f63,IPVS,1,1.0,,,,36.2500503746833,0.9576765343461899
IPVS_PD_131a10e3,IPVS,1,1.0,,,,40.177263136917624,0.9447276832766336
IPVS_PD_b133cb84,IPVS,1,1.0,,,,42.58484077386837,0.9177286086788286
IPVS_EHC_7ffb735c,IPVS,0,0.0,,,,41.55267358800376,0.9207863276178533
IPVS_EHC_9a2a24e8,IPVS,0,0.0,,,,46.293532773796265,0.9154377137072932
IPVS_PD_37ac75bd,IPVS,1,0.0,,,,40.5262036858658,0.9415771671744274
IPVS_EHC_6f100ca8,IPVS,0,0.0,,,,42.30010730791436,0.9408068933728827
IPVS_EHC_639d115c,IPVS,0,0.0,,,,42.24763355891261,0.9446111392576824
IPVS_EHC_b4f61509,IPVS,0,0.0,,,,40.547333023822226,0.9403142689654734
IPVS_EHC_997af7b3,IPVS,0,0.0,,,,52.61154353921583,0.9009970864148664
IPVS_EHC_6d20d216,IPVS,0,0.0,,,,44.83543718406784,0.916332510181097
IPVS_EHC_25e7d520,IPVS,0,0.0,,,,43.32460566923189,0.9383572507989191
IPVS_EHC_40e93a8c,IPVS,0,1.0,,,,43.4089421888435,0.915275279147331
IPVS_EHC_e7aed759,IPVS,0,1.0,,,,42.14848788937464,0.9369052520737863
IPVS_EHC_ac9bbb18,IPVS,0,1.0,,,,43.153365845025874,0.9380401715078899
IPVS_EHC_99f6ef3d,IPVS,0,0.0,,,,46.97223607997387,0.9370809170965634
IPVS_EHC_1390377d,IPVS,0,1.0,,,,40.827976505192794,0.9392939312298292
IPVS_EHC_4afb35f7,IPVS,0,1.0,,,,48.5579333388656,0.9192764868997999
IPVS_EHC_c3e98ecb,IPVS,0,1.0,,,,46.21539472033035,0.9183462895418099
IPVS_EHC_de4ff365,IPVS,0,1.0,,,,39.21467709691437,0.9562197218635933
IPVS_EHC_7a274592,IPVS,0,0.0,,,,44.04617803983786,0.9362946176074133
IPVS_EHC_bde32635,IPVS,0,0.0,,,,43.84852413603559,0.9257156951736343
MDVR_HC_b850ba3e,MDVR,0,1.0,0.0,0.0,0.0,44.00807930510639,0.8063918473159919
MDVR_PD_d4e614cb,MDVR,1,1.0,3.0,2.0,2.0,37.21979443365957,0.7425442608281134
MDVR_PD_17dab8cc,MDVR,1,1.0,2.0,0.0,0.0,43.490455087757645,0.9216597398677515
MDVR_PD_39af23a9,MDVR,1,1.0,2.0,0.0,1.0,42.297674698838584,0.8711866648732666
MDVR_PD_176dc637,MDVR,1,1.0,3.0,1.0,1.0,42.064040792206114,0.8816146626761197
MDVR_PD_05c2223e,MDVR,1,1.0,2.0,0.0,0.0,40.375654855986774,0.8796973127793923
MDVR_PD_dbaf231d,MDVR,1,0.0,2.0,0.0,0.0,41.33145583044231,0.8296147488563593
MDVR_PD_db446da0,MDVR,1,1.0,4.0,1.0,1.0,46.306623555251974,0.8140440357414067
MDVR_PD_061277ea,MDVR,1,1.0,4.0,3.0,3.0,44.267578198165346,0.8699495323901162
MDVR_PD_fdffd473,MDVR,1,0.0,3.0,1.0,1.0,48.889257271855776,0.8784015244951122
MDVR_PD_7139a675,MDVR,1,1.0,3.0,0.0,1.0,34.29116462597169,0.880023394568493
MDVR_PD_5b73ed20,MDVR,1,1.0,2.0,0.0,0.0,44.49163584507748,0.8446764692003865
MDVR_PD_7a66b834,MDVR,1,1.0,3.0,1.0,2.0,47.08985087834338,0.805373292756191
MDVR_PD_1b9c26aa,MDVR,1,0.0,2.0,1.0,1.0,40.63649256778671,0.8924550564738929
MDVR_HC_d2e37ffe,MDVR,0,0.0,0.0,0.0,0.0,45.850262916237526,0.7670005381581303
MDVR_PD_403dc949,MDVR,1,0.0,2.0,1.0,0.0,45.679162051462164,0.8757215226178747
MDVR_HC_c1be5c84,MDVR,0,0.0,0.0,1.0,1.0,46.9073979849311,0.8470769854805348
MDVR_HC_139c2848,MDVR,0,0.0,0.0,0.0,0.0,42.24178277876156,0.8571984840296415
MDVR_HC_9be326ef,MDVR,0,0.0,0.0,0.0,0.0,38.384340380995695,0.8688883096393539
MDVR_PD_4b10e052,MDVR,1,0.0,3.0,2.0,2.0,45.37075287072663,0.848299854097593
MDVR_HC_5b90506a,MDVR,0,0.0,0.0,0.0,0.0,37.33106429522064,0.9054663817364812
MDVR_HC_2167568d,MDVR,0,0.0,0.0,0.0,0.0,37.04059325426822,0.8962012822508139
MDVR_HC_1904eca9,MDVR,0,1.0,0.0,0.0,0.0,43.62651584487773,0.7837386453705448
MDVR_HC_d6afd10c,MDVR,0,0.0,0.0,0.0,0.0,45.24307584636071,0.8712315632593876
MDVR_HC_a92e7b26,MDVR,0,0.0,0.0,0.0,0.0,49.50949003457089,0.8772064581281837
MDVR_HC_f9f5c386,MDVR,0,0.0,0.0,0.0,0.0,36.41978279511487,0.8736692529935072
MDVR_HC_38c3a695,MDVR,0,0.0,0.0,0.0,0.0,41.9451307763194,0.853215765380318
MDVR_HC_b27d917b,MDVR,0,0.0,0.0,0.0,0.0,41.46537817101258,0.8160312482724236
MDVR_HC_14dfe758,MDVR,0,0.0,0.0,0.0,0.0,38.1312766945981,0.8275916325159901
MDVR_HC_98b28927,MDVR,0,1.0,0.0,0.0,0.0,58.47150478594853,0.8544432904553707
MDVR_HC_7b342eb8,MDVR,0,1.0,0.0,0.0,0.0,41.788677009832526,0.8260223102531977
MDVR_HC_b92850b6,MDVR,0,0.0,0.0,0.0,0.0,39.18236809203061,0.8044591357498867
MDVR_HC_036b857b,MDVR,0,0.0,0.0,0.0,0.0,36.94781057658994,0.8210003936867326
MDVR_HC_0ea9a23f,MDVR,0,0.0,0.0,0.0,0.0,44.51290137885873,0.8609601335401555
MDVR_HC_7f650938,MDVR,0,0.0,0.0,0.0,0.0,39.486030251794794,0.8239155475715616
MDVR_HC_ebc73fbf,MDVR,0,0.0,0.0,0.0,0.0,41.389919718910825,0.8036981885953554
MDVR_PD_0a435191,MDVR,1,0.0,2.0,0.0,0.0,44.253486379502355,0.881165539410779
