model,check,value,healthy,pd,passed,p,note
multi,P1 vowel identity (clean),0.901010101010101,0.8681818181818182,0.9272727272727272,True,,
multi,P1 vowel identity (phone),0.8888888888888888,0.8318181818181818,0.9345454545454546,True,,
multi,P2 jaw lower for /a/ than /i/,-0.7632775316612276,,,True,2.842170943040401e-14,
multi,P2 tongue body higher for /i/ than /a/,1.3114071195925574,,,True,2.842170943040401e-14,
multi,P2 tongue back higher for /u/ than /a/,0.6099669304443863,,,True,5.684341886080802e-14,
multi,P2 lips more open for /a/ than /u/,0.8702334414407976,,,True,2.5011104298755527e-12,
multi,P2 lips more open for /a/ than /o/,0.4658346041973345,,,True,8.289850939036114e-08,
multi,P3 pa (lips) vs ta (tongue tip) separated,0.2269204843952054,,,True,0.002408265158408085,lip-dominant task = D1
multi,P3b movement rate = acoustic syllable rate,0.5798871356975688,,,True,2.5780573096995924e-10,
multi,P4a IPVS vowels in phone band still recognisable,0.8888888888888888,,,True,,
multi,P4b Figshare phone /a/ looks like /a/,0.625,,,True,,
multi,P5 test-retest of postures (median ICC),0.8037812799790327,,,True,,
en,P1 vowel identity (clean),0.901010101010101,0.8681818181818182,0.9272727272727272,True,,
en,P1 vowel identity (phone),0.8888888888888888,0.8318181818181818,0.9345454545454546,True,,
en,P2 jaw lower for /a/ than /i/,-0.7632775316612276,,,True,2.842170943040401e-14,
en,P2 tongue body higher for /i/ than /a/,1.3114071195925574,,,True,2.842170943040401e-14,
en,P2 tongue back higher for /u/ than /a/,0.6099669304443863,,,True,5.684341886080802e-14,
en,P2 lips more open for /a/ than /u/,0.8702334414407976,,,True,2.5011104298755527e-12,
en,P2 lips more open for /a/ than /o/,0.4658346041973345,,,True,8.289850939036114e-08,
en,P3 pa (lips) vs ta (tongue tip) separated,0.2269204843952054,,,True,0.002408265158408085,lip-dominant task = D1
en,P3b movement rate = acoustic syllable rate,0.5798871356975688,,,True,2.5780573096995924e-10,
en,P4a IPVS vowels in phone band still recognisable,0.8888888888888888,,,True,,
en,P4b Figshare phone /a/ looks like /a/,0.625,,,True,,
en,P5 test-retest of postures (median ICC),0.8037812799790327,,,True,,
