source,measure,g,p,auc
DDK D1,lip_range,0.5935094444432557,0.047286630056397445,0.6655844155844156
DDK D2,lip_range,-0.4702748338884397,0.18709382266873453,0.38961038961038963
DDK D1,lip_speed,0.8907889094119616,0.005683787330065927,0.7305194805194805
DDK D2,lip_speed,-0.8806292553153917,0.001825278864541631,0.24025974025974028
DDK D1,lip_decrement,0.08669244040899546,0.8221684027203731,0.5194805194805195
DDK D2,lip_decrement,-0.22534302718201119,0.18709382266873453,0.3896103896103896
DDK D1,tt_range,-1.1356154067778743,0.0005222560133725657,0.21103896103896103
DDK D2,tt_range,-0.47744641767850576,0.21458767420297276,0.39610389610389607
DDK D1,tt_speed,-1.2411996919455703,0.00018206015045003871,0.18831168831168826
DDK D2,tt_speed,-0.12119498872172951,0.512643795603943,0.4448051948051948
DDK D1,tt_decrement,-0.4744406904621485,0.07693743650740431,0.3522727272727273
DDK D2,tt_decrement,-0.44714471491088603,0.27805618353324046,0.40909090909090906
DDK D1,jaw_range,-0.010199777265810787,0.7768785634196818,0.5243506493506493
DDK D2,jaw_range,-0.14974418165801334,0.6886751834089413,0.46590909090909094
IPVS /a/,tremor 3-7 Hz LIY,0.43000800676439954,0.11740886927014094,0.6361904761904762
IPVS /a/,tremor 3-7 Hz TBY,1.031824509027978,0.0018744701169895418,0.7695238095238096
IPVS /a/,tremor 3-7 Hz TDY,0.6864961634874265,0.017233253128164237,0.7066666666666667
IPVS /a/,tremor 3-7 Hz LLY,0.20259264299374014,0.3429937009279119,0.5828571428571429
Figshare /a/,tremor 3-7 Hz LIY,0.09627726224582729,0.38399858437937884,0.5675057208237987
Figshare /a/,tremor 3-7 Hz TBY,0.08396219046991134,0.5973022709068305,0.5411899313501144
Figshare /a/,tremor 3-7 Hz TDY,0.13631696412652122,0.41734989572170444,0.562929061784897
Figshare /a/,tremor 3-7 Hz LLY,0.19519699777369223,0.20858544647618693,0.597254004576659
