sid,label,sex,male,age,hy,updrs3,updrs2,file,dur_s,lip_closure,tt_peak,LA_amp,LA_speed,LA_rate_hz,LA_rhythm_cv,LA_amp_cv,LA_fading,LA_fading_slope,LA_n_cycles,TT_amp,TT_speed,TT_rate_hz,TT_rhythm_cv,TT_amp_cv,TT_fading,TT_fading_slope,TT_n_cycles,LI_amp,LI_speed,LI_rate_hz,LI_rhythm_cv,LI_amp_cv,LI_fading,LI_fading_slope,LI_n_cycles,TB_amp,TB_speed,TB_rate_hz,TB_rhythm_cv,TB_amp_cv,TB_fading,TB_fading_slope,TB_n_cycles
IPVS_EHC_49649a7c,0,F,0.0,62.0,,,,D1,5.64,-2.028190813958645,0.26572346687316867,3.4237624303490195,37.65263998648151,1.6129032258064517,0.23930928155667255,0.30201016883411136,0.3349419119187007,5.436933847527925,9,1.8833609367252278,22.927299216389653,1.7857142857142856,0.3094664397041906,0.2538363205705567,-0.16687465721342276,-1.948585730333656,11,2.777459550675697,25.378957688808438,1.6666666666666667,0.11421280473169977,0.09956024316797353,0.08220979646964777,0.3613224876853495,8,1.173070780691717,15.094151459634304,2.272727272727273,0.4472345551985579,0.3522374141890172,-0.4324671315706984,-4.65596736523789,12
IPVS_EHC_49649a7c,0,F,0.0,62.0,,,,D2,5.92,-2.063852235674858,0.2333085983991623,3.095684374543575,29.198169661685824,2.6315789473684212,0.34369377283938807,0.48300771916779556,0.37741304618207194,1.7536442058450528,11,1.2076444087229299,29.229027405381203,3.125,0.3779822224033534,0.30276796281033824,-0.22338968571447781,-1.656198825494426,20,2.2186181456291703,38.45257218927145,1.639344262295082,0.39443579017700936,0.30578715353133823,-0.12205408372755955,-0.8003032881276021,11,1.0390960810772478,21.358618885278702,2.941176470588235,0.20770621863031302,0.22216181974398533,-0.20008510199932095,-1.6504618306277148,16
IPVS_EHC_7a274592,0,F,0.0,68.0,,,,D1,5.14,-1.4614343594759702,0.5137022256851195,1.0397387181421824,23.4810572117567,3.846153846153846,0.5366192558469808,0.4504121041349487,0.12711466757978296,-0.07080901700431638,14,1.5745940155170617,22.01510071754455,1.7241379310344827,0.4150198135003279,0.2799164540113369,0.27101751637217575,4.090006260822039,9,1.7774397200708818,22.104688584804535,1.7857142857142856,0.45889658681087536,0.39371510173702573,0.11327615412085357,0.04830840672107519,10,0.941053641471202,20.182671695947644,3.4482758620689653,0.4414002533681527,0.37805975454356394,-0.3369283698751274,-3.710465487144737,13
IPVS_EHC_7a274592,0,F,0.0,68.0,,,,D2,5.8,-1.9646801590919494,0.7894598603248596,1.8273750970472689,31.285881083458666,3.0303030303030303,0.35529422238061625,0.4133369862825669,-0.18887084883675032,-1.5378465605914124,15,1.4077601232968373,27.01472513377667,2.941176470588235,0.3880681356019909,0.3036770920200832,-0.29005932596860207,-2.823438645502182,16,1.3897108180341562,30.715467482805256,2.941176470588235,0.32800425549739454,0.349931667630972,-0.23847641919085838,-2.1214409227139552,16,1.191473686595176,22.37080588936806,2.941176470588235,0.2275869970139548,0.3683130500737505,-0.16297245765497226,-1.8711916605423005,14
IPVS_EHC_bde32635,0,F,0.0,63.0,,,,D1,5.8,-1.635039348900318,0.6690368533134461,2.7691152289277903,28.39790933765471,2.7777777777777777,0.36577622500391826,0.49478389766163194,-0.02093626699183282,0.576897522715786,11,1.5248238778001912,23.2766092568636,2.272727272727273,0.4609715759522507,0.2424325394846541,0.0581558068731991,0.31288824157431094,13,1.4728211888325111,24.890508726239215,2.6315789473684212,0.5396430138796988,0.3590340942204282,-0.012280171451944821,-0.5123605821246463,14,1.7298398125613752,20.867675952613357,1.7241379310344829,0.3570007804826279,0.31650800402910606,-0.22318658127035118,-3.0085961181802343,10
IPVS_EHC_bde32635,0,F,0.0,63.0,,,,D2,6.7,-1.3406158179044723,0.7219389319419862,1.6505142620788376,28.21565449237824,2.941176470588235,0.44207220111237955,0.5492171201276153,0.4186178455137326,3.488724593999468,17,1.397902527937418,26.475105546414856,3.333333333333333,0.3514957624376229,0.28455172866077744,-0.05450263317359816,0.16900916223900078,19,1.7339498178540085,29.941074550151832,2.564102564102564,0.40911552502402965,0.4563882495930961,-0.10555817973660253,0.13917968242673567,15,1.2794910299961684,22.46742390096188,2.272727272727273,0.3720912021237403,0.37775023261629503,0.2887650433776454,2.0089049221112547,14
IPVS_EHC_6f100ca8,0,F,0.0,61.0,,,,D1,5.76,-2.286119249463081,0.8636769950389862,3.2514883691703744,40.88735962286591,1.7241379310344827,0.19626695419885165,0.23805654169991164,0.21323068974805603,2.5704012794589186,9,2.7566627916919666,31.377160064876076,1.6666666666666667,0.1959900219322525,0.2033284869573672,-0.2756752063625565,-4.1003519900706715,10,3.0737738536490333,34.96205075643954,1.6393442622950818,0.25006350715274916,0.04955489522424686,0.008534277590442008,-0.11694238517829636,9,2.1313956213784975,31.22022658586502,1.7241379310344829,0.347669779584278,0.2446701163226315,0.13718443315729267,0.5870438872513271,11
IPVS_EHC_6f100ca8,0,F,0.0,61.0,,,,D2,5.48,-1.288910236954689,0.6693587601184844,1.9261362567371065,29.126934334635717,3.571428571428571,0.4248215775841254,0.44140169910458477,-0.19442181605076403,-2.3202399295732556,14,1.4016196350117736,25.810075141489484,3.2258064516129026,0.400043901793542,0.14818905730906495,0.049566363761540666,0.10438941717280897,17,2.167522237361731,33.88029012829065,2.7777777777777777,0.3558317820106109,0.3409473482392894,0.06143278227048299,0.3391997316409651,12,2.14071836689616,26.99539421126246,1.7857142857142856,0.19086933060648142,0.1972804330196318,-0.1631891988193892,-1.3908742311679159,10
IPVS_EHC_40e93a8c,0,M,1.0,77.0,,,,D1,6.1,-2.675013983249664,0.5620496511459351,3.405725100478307,36.00821495056152,1.2987012987012987,0.39332716769956627,0.41756915335322403,-0.086043764008368,-0.5748348687566018,8,1.5106655953715338,22.055958658456802,2.0833333333333335,0.30634378146291774,0.39370773304485057,0.28067603828211096,4.10178485968769,12,1.7880614748413626,30.797938108444225,2.1739130434782608,0.3157496500688471,0.34788383918779076,0.10893363281195834,1.1025642510925255,12,1.948144144965029,23.83087247610092,1.2048192771084336,0.34030568722313187,0.34382039368015166,1.026752010067205,16.776878385108365,7
IPVS_EHC_40e93a8c,0,M,1.0,77.0,,,,D2,5.66,-1.76048583984375,0.5484947353601443,0.9189989417791367,22.863126099109635,2.0,0.464829519280413,0.685442794780162,-0.598723828329758,-9.659603613808708,9,1.3387406664098018,26.807200834155065,2.6315789473684212,0.22580724984852046,0.5754652261178208,0.6363643693278778,5.4980362197319605,14,1.5655643530616192,30.50627492368216,3.0303030303030303,0.4102955402342442,0.759196660948173,0.22721563424368307,-1.1221971166652542,15,2.500187899372052,23.07435542345044,0.8474576271186439,0.3842336851424593,0.23985737443807534,-0.1434675365449789,-8.280793080794185,5
IPVS_EHC_6d20d216,0,F,0.0,69.0,,,,D1,6.06,-2.8786715865135193,0.869156754016876,3.9633548780011605,47.97001183032989,1.923076923076923,0.21722765070507977,0.257719336597924,-0.15684014345678343,-2.590796255022665,11,2.822925967660902,25.57932823896408,1.8867924528301885,0.08041539533177484,0.08264477821425761,-0.09953053427246916,-1.3801945573131105,11,3.1117576460043592,31.790588125586492,1.8867924528301885,0.11485661288098023,0.06205236673572003,0.0037909118835051103,0.3439192108667952,10,2.2564912154792856,20.803880766034116,1.923076923076923,0.11893565261574052,0.07256432373535716,0.015140031327040004,-0.001183203656244232,11
IPVS_EHC_6d20d216,0,F,0.0,69.0,,,,D2,5.32,-1.9955282881855965,0.8619733154773712,3.485704954478843,38.99044478312135,1.7857142857142856,0.04873054547801557,0.12818872981337984,0.2587756012460454,4.771545716920722,8,3.0525770098874734,29.459753446280956,1.923076923076923,0.2677631021311021,0.1935534155716874,-0.3293732823022739,-4.904709619465882,10,3.1681210549163357,34.75116556510329,1.8181818181818181,0.22440216518771622,0.04546444786769102,-0.03154077756053486,-0.39595172727977157,9,2.1248213860754603,25.767595320940018,1.8518518518518516,0.3435759660460034,0.21002788913215129,-0.0967535369536876,-1.5471241706055052,10
IPVS_EHC_997af7b3,0,F,0.0,65.0,,,,D1,5.34,-2.2990168392658235,0.39579425454139705,3.1100295487926273,45.318852588534334,1.7857142857142856,0.317921717958997,0.38324090371550196,-0.3999632912336607,-7.779012890545513,9,2.523427979528675,23.997661769390106,1.6129032258064517,0.10915869333360238,0.08049280481848552,-0.07396894215724514,-1.4058265299062171,8,3.252541178819121,29.34823736548423,1.6666666666666667,0.16921913780089876,0.0910458068867236,-0.132521125463419,-2.481246905698336,7,1.4800288241336301,19.319949746131893,1.4705882352941175,0.22066468756426338,0.1505310326129561,-0.11049377502696744,-2.2686196490917827,8
IPVS_EHC_997af7b3,0,F,0.0,65.0,,,,D2,5.48,-2.198905324935913,0.5125837802886954,4.02142284597334,35.411776406690464,1.7857142857142856,0.2215166587936231,0.32500433273116497,-0.5146720148639821,-8.173921162320365,9,2.2674483281764086,28.938718847930414,1.7857142857142856,0.28767383038257166,0.19682540670768023,-0.04588666858185819,-0.7627195383125915,10,3.6414649621028596,36.682772338390336,1.7241379310344829,0.16505480277278464,0.11881057876233687,-0.21780087041245633,-3.5664914831375607,9,1.5450835190973673,20.44711351394653,1.7857142857142856,0.16872362044837302,0.21305665818383598,-0.2729103352579165,-4.55541999744238,9
IPVS_EHC_639d115c,0,F,0.0,70.0,,,,D1,5.92,-1.680710420012474,0.8425623774528503,1.039665340216883,24.69127755612135,3.846153846153846,0.32567790081165177,0.4834458549760181,-0.3818826974336428,-2.417550970937102,23,2.2792828056591197,27.8324818238616,2.0833333333333335,0.3021089890583219,0.39090761174922184,-0.559557901835115,-6.390010457311419,11,1.7452121712922035,26.501775439828634,2.5,0.3858550215603089,0.3648260395259495,-0.45750301373237123,-3.0867870885661746,13,1.5313556437125944,24.445223063230515,2.5,0.41467779294009943,0.3617041406415852,-0.17274762824429657,-2.0369342777226467,13
IPVS_EHC_639d115c,0,F,0.0,70.0,,,,D2,5.88,-2.3076624989509584,0.6292384207248686,2.517934750282507,33.57498158700764,2.7777777777777777,0.34358136857128957,0.5187462656526574,-0.18998188375816294,-3.122168182445797,14,1.3417082370069535,27.14408025145529,2.941176470588235,0.3311856322319528,0.344219818220769,-0.21133271269274345,-1.8283101908573185,16,1.251759558480909,26.770110204815854,3.3333333333333335,0.4440572605621937,0.36377450793107485,-0.02973441176352276,-1.0457103383308044,16,1.0163855641266293,21.15421142429112,2.857142857142857,0.26411033500141673,0.3023583191343958,-0.3468827898274741,-4.1027150260255,13
IPVS_EHC_4afb35f7,0,M,1.0,69.0,,,,D1,5.7,-2.8284150838851927,0.5701571226119999,4.156769031688663,52.140554189682014,1.6666666666666667,0.25375243655167223,0.2863117044823348,-0.09958218013335318,-1.7345598758530103,9,2.4698949483034283,30.973133444786075,1.4705882352941175,0.1558029318447781,0.12306090938138455,0.29964967983761315,3.703954363828664,8,2.991438304053653,32.33602076768875,1.5873015873015872,0.2700762419588,0.05150998085645924,0.08130148254434255,1.4476203507605823,8,1.1802126744183172,16.622119098901752,1.6666666666666667,0.35093546947226845,0.22170901211700575,-0.14673095870320585,-1.1407636713781781,10
IPVS_EHC_4afb35f7,0,M,1.0,69.0,,,,D2,5.38,-2.1393943786621095,1.4221512794494628,3.8198462105189197,38.22775837033986,1.6666666666666667,0.08473689588582323,0.1623083097477631,0.13560046964324912,2.0991571920931458,8,3.563198329819748,42.18716897070407,1.639344262295082,0.060841818666452996,0.09721964024639228,-0.04431280813319938,-0.7353248447314495,8,3.787881979433354,38.46743166446686,1.5625,0.1204648945960997,0.07787030222963964,0.09182704801113761,2.0959261541557765,8,2.5591082000582572,29.118634313344952,1.7241379310344829,0.12776549449372154,0.1122971566866009,-0.050359505511936575,-0.24521119963577262,8
IPVS_EHC_b4f61509,0,F,0.0,72.0,,,,D1,5.96,-2.758364647626877,0.5233023464679716,3.1397347277321384,43.15043330192565,1.7241379310344829,0.3188133569972455,0.2428558309809459,0.19176064494167,2.8072761465396896,9,2.533276802068806,24.199576657265403,1.4705882352941175,0.1076923076923077,0.08166670567190373,0.02265975605435888,-0.6690433361949627,8,2.6814070827353396,26.424104794859872,1.4285714285714286,0.186754470208499,0.11869109314716447,-0.061897108514974986,-1.293310904025636,8,1.6358541926274013,22.46823666617273,1.7241379310344829,0.379019115361397,0.23125710867837873,-0.31235344619012395,-4.76722405354221,10
IPVS_EHC_b4f61509,0,F,0.0,72.0,,,,D2,5.72,-1.6714086681604385,0.4637172222137451,2.9797793190238133,28.87067855335772,1.6129032258064517,0.27238871636842177,0.3785436873974417,-0.26062057276111017,-2.7846484550492563,9,1.6133745615808701,28.147503919899464,2.7777777777777777,0.446218758135704,0.3007913541041726,-0.08612997023376556,0.21845335460640103,14,2.8754942514665434,34.682353399693966,1.923076923076923,0.47232125703869304,0.2679645991686913,0.27820491481174026,2.290463521692319,10,1.7101121841597575,23.945283330976963,1.6129032258064517,0.43403446496906034,0.2159682262306341,0.5035101632837502,6.42953920456356,10
IPVS_EHC_25e7d520,0,F,0.0,60.0,,,,D1,5.78,-2.9981154441833495,0.9933889389038072,4.399416538379051,47.253867397084825,1.8518518518518516,0.08257521479502486,0.031008019729439396,-0.03250714399802568,-0.539360556158188,9,2.9165984555316165,30.259537249803543,1.923076923076923,0.0689860274328339,0.14182517497926445,-0.09698197130240271,-2.036968067404308,10,2.74943140043524,30.61082541942595,1.8518518518518516,0.1417345611950048,0.10621105858828918,-0.152171343691466,-2.5385391722731945,10,2.1866434168139506,26.602059304714146,1.923076923076923,0.21753578415985295,0.15178761419465545,-0.14455331453007647,-2.625874878226097,10
IPVS_EHC_25e7d520,0,F,0.0,60.0,,,,D2,5.34,-1.29546500146389,0.8630649328231806,1.692845137168964,26.603874042630196,3.0303030303030303,0.4282773829597474,0.409785265171371,-0.2867267850514703,-2.4389081448805836,13,2.979637132323428,29.881808310747147,2.0,0.06959553471838088,0.10743665669916257,-0.15581852343337432,-2.486347774825222,10,3.31461156189848,37.59064145386218,1.923076923076923,0.16216808513683997,0.11876873289272565,-0.18863575878637917,-3.0866532176020622,10,2.561185118445195,31.51799418032168,2.0833333333333335,0.1328882228731852,0.16298224826592522,-0.22874582320401826,-3.1774080109839016,10
IPVS_EHC_e7aed759,0,M,1.0,60.0,,,,D1,5.96,-2.148904150724411,1.2328193664550782,2.490608266334302,32.94318407773971,1.4285714285714286,0.2650458592002984,0.2253363061386451,0.12590687928915467,2.5890035365226294,8,3.237247986237547,27.860355637967583,1.3157894736842106,0.05682910718080969,0.037978882368229834,-0.01441115544927507,-0.1626325343090094,7,2.664185256719562,28.655596002936353,1.6666666666666667,0.4767770123054846,0.2031217371326505,0.4916631167906913,8.105650189822693,9,2.7492966022889194,23.03618432953953,1.3888888888888888,0.3420250459768578,0.13247019267121757,-0.17740932799015308,-3.271773125588361,8
IPVS_EHC_e7aed759,0,M,1.0,60.0,,,,D2,4.86,-1.9096321493387223,0.8531229496002195,2.260949083580023,31.992018092423663,2.941176470588235,0.3748645846037252,0.3867023061910082,0.960106361990396,11.138450029950548,10,2.905844376777087,29.31151472032069,1.7857142857142856,0.2637182461163199,0.23090033853592243,-0.19467820340819342,-2.837208699918094,8,3.2976258442288233,34.26218725740909,1.5625,0.04340111184860699,0.09637995432964913,-0.16604791488648207,-3.3327363456143706,7,2.7944721976915994,23.985720500349995,1.5625,0.11826644777734016,0.1257492958878736,-0.1196586181291952,-2.6572156477705144,7
IPVS_EHC_ac9bbb18,0,M,1.0,76.0,,,,D1,5.82,-1.9771981090307236,0.6468862295150757,1.8324685856549643,28.761218301951885,1.8867924528301885,0.4501323302174892,0.43212645768465446,0.2674152755044539,4.303316287820675,9,1.1726201369795421,23.450573347508907,2.941176470588235,0.2828689422159089,0.4711631432720398,-0.024027676664320707,-0.6348617357348927,15,1.866747616259833,26.145263016223907,2.1739130434782608,0.4913518207933925,0.3720898348975235,0.19959497474467658,3.0246621717557995,10,1.4092885024635438,21.90017458051443,2.127659574468085,0.582577544887247,0.3121133971753514,0.7138106200344727,7.429794342822368,11
IPVS_EHC_ac9bbb18,0,M,1.0,76.0,,,,D2,5.42,-2.0636918544769287,0.4975564181804657,2.1964773065565275,28.394999890588224,2.0,0.38081267053051177,0.6080689769965659,-0.015630619908355237,-0.2491439486348714,8,1.3493792850808415,26.322153210639954,2.941176470588235,0.42701867929539056,0.4940211252558102,0.03711270455886573,0.43399033430015055,16,1.8312947316288941,35.829825699329376,2.0833333333333335,0.48313918506689824,0.133513875244105,0.1439776684127898,1.0587885926124125,10,1.4860109067926117,21.391890570521355,2.0833333333333335,0.31484702000362347,0.24715310701638862,0.2516093331173257,2.7480289672322513,10
IPVS_EHC_99f6ef3d,0,F,0.0,61.0,,,,D1,5.18,-1.8229065477848052,0.6904082536697387,1.972057462098548,29.125381410121918,2.941176470588235,0.27383736154925203,0.4919171329996559,0.1947493073403297,1.5892343758183984,13,2.4803490432977457,19.157769083976746,1.6129032258064517,0.10497277621629562,0.030720647561057537,0.010282175702807317,0.44241716516461016,7,2.49760203392698,25.440955311059952,1.8181818181818181,0.3988300408565582,0.2641981804613362,0.24591517983253475,3.627201107695679,9,1.9756967078914371,22.72439260035753,1.4705882352941175,0.16888182359653583,0.07767971970175558,0.038834932663103006,1.1307048516521199,7
IPVS_EHC_99f6ef3d,0,F,0.0,61.0,,,,D2,5.62,-1.9925666153430939,0.6778748035430908,2.8659095675961153,28.038451075553894,1.6129032258064517,0.20839592124709447,0.2672471089620245,-0.10512053337643146,-2.1634699213361253,9,2.3818266489874405,26.2705460190773,2.0833333333333335,0.46087702283473225,0.2589462714216078,0.09043188848437156,-1.494902521169207,11,2.9666620521348124,29.236578941345215,1.4285714285714286,0.25769856706767225,0.0953758597932192,-0.01870281937225371,-0.4346710278704398,8,2.348332746166606,25.71943625807762,1.5625,0.1830622804747594,0.1945844702506684,-0.23901735283350078,-4.491291593077099,9
IPVS_EHC_de4ff365,0,M,1.0,68.0,,,,D1,4.92,-3.934339553117752,0.7980733811855316,5.494556380193213,67.49790906906128,1.7241379310344829,0.21575646397189804,0.2772390429802183,0.697104037116425,12.153589579775932,8,2.5672389169884378,26.706485636532307,1.7241379310344829,0.07001317119223084,0.11833090317897406,0.015480400710073283,1.0320036613017325,8,3.640687593926577,37.98102168366313,1.7857142857142856,0.17320289386546814,0.09680797961696798,-0.07057052426197097,-0.5012628405396118,8,2.10592098103566,30.814826488494873,1.6666666666666667,0.1794701064337582,0.10422402084779561,0.09149287617228263,2.627465607385315,7
IPVS_EHC_de4ff365,0,M,1.0,68.0,,,,D2,5.4,-3.7529956996440887,1.3181768655776975,4.356279454917404,43.69997248053545,1.7857142857142856,0.06734350297014735,0.17506057670830105,-0.3274512490831255,-5.239660795219768,8,3.403533475673553,39.08289402723311,1.7241379310344829,0.03855289616378945,0.09356106444810991,0.1642602570664582,2.213055032732545,9,3.975068749552549,47.44386231526732,1.7857142857142856,0.08039606482378664,0.061855055981199426,0.08118751706241789,1.5300309741592106,9,2.6509568881110006,36.26084502786396,1.7543859649122806,0.06209937763950301,0.09287252204020646,0.15991218971426147,2.185347684872958,9
IPVS_EHC_c3e98ecb,0,M,1.0,75.0,,,,D1,5.9,-2.9405267000198365,0.6470822453498852,3.9967251888842696,45.194929093122504,1.3513513513513513,0.056897375910137826,0.0447797453429562,-0.023285225414272026,-0.4746248517497654,6,1.8242650812505907,20.774270817637444,1.7857142857142856,0.3991911046135544,0.3439305441331303,-0.5082280250867839,-6.6777176257148225,10,2.703389748805849,25.557516813278205,1.3513513513513513,0.23554139168961516,0.22071474653321554,-0.1427528569342711,-2.0954539854799314,8,2.12424538563181,23.950827792286873,1.4285714285714286,0.39148962844637936,0.21445744007946269,-0.17394519386591822,-1.1040398388520243,8
IPVS_EHC_c3e98ecb,0,M,1.0,75.0,,,,D2,5.5,-2.1538698077201843,0.9235910058021548,2.358732269470492,31.99733367189765,2.272727272727273,0.3338767592157105,0.35459670309036373,0.21712425417236036,3.7703469922242134,10,1.8602666100199254,32.888683676719666,2.857142857142857,0.29119636267890936,0.30703078086428115,0.32269710270727825,3.530059847113576,15,1.8912882174937233,37.27274030447007,2.6315789473684212,0.1638165990212186,0.140647255675903,-0.0859593491590418,-0.8382757466663966,14,1.5517656602272196,30.367694422602654,2.4390243902439024,0.3527947143402485,0.2488531191503908,0.13407321322375965,2.6908241020958994,10
IPVS_EHC_1390377d,0,M,1.0,68.0,,,,D1,5.88,-3.151359862089157,0.6821070551872247,3.1271729495418574,47.45504260063171,3.0303030303030303,0.41015885899266225,0.3937952889567863,0.016133071078163752,0.14302588228707333,14,2.301458380389882,17.63003993779419,1.4925373134328357,0.06784881234592054,0.15816025479578377,-0.14850731283431806,-3.392682466036127,9,2.8471243666458914,22.50016456469893,1.6129032258064517,0.12364973189759494,0.07164155605959548,-0.0692223100457986,-0.4260629724330793,8,1.9514220887936422,19.978727698326097,1.5384615384615383,0.3238239158469041,0.21278246230135348,-0.15404005116575703,-2.2368100060399536,9
IPVS_EHC_1390377d,0,M,1.0,68.0,,,,D2,5.88,-0.9381471008062363,0.7200601339340208,0.7572958223815007,17.11946370080113,3.3333333333333335,0.34765981496108445,0.5715979847115935,0.3182866199761969,1.6995512334497684,17,2.047932581140892,20.218670293688717,1.5873015873015872,0.06349803146555019,0.16319278459883788,-0.2751255170555932,-4.573652714438471,9,2.256046236675044,22.05336792394518,1.5625,0.13072107710694553,0.13349890501775122,-0.024799530341330867,-0.8738620222411061,9,1.738403439087306,20.419379509985443,1.639344262295082,0.1555231582719478,0.12917501708298054,-0.2278536062561063,-3.3656186788948004,9
IPVS_EHC_9a2a24e8,0,F,0.0,69.0,,,,D1,6.4,-1.6388829320669174,0.43506473004817964,1.4293503240876824,32.65481721609831,2.5,0.49783801576664644,0.6740531239055644,0.17799016044778537,4.2975423690896815,13,1.479318675594642,18.15299659967423,2.5,0.3585133286801929,0.3246754932572788,-0.2344937970966562,-1.9667225716177226,15,3.2341273033752893,30.238226950168617,1.0869565217391306,0.16258304761429848,0.20845408073054583,-0.2287525387598317,-5.630794184421509,7,1.3238157711770444,22.85602062940598,2.1739130434782608,0.43189441783607596,0.3406732009835236,0.10415201713027944,-0.49760576441642895,10
IPVS_EHC_9a2a24e8,0,F,0.0,69.0,,,,D2,5.74,-1.3454424083232879,0.5039812922477722,2.0801884717694414,28.023800645023584,2.272727272727273,0.35126785569359203,0.41435206652428797,-0.3809939600324076,-4.483287772990361,10,1.9103915612054578,23.640212416648858,2.1739130434782608,0.5464511990589244,0.2737506881323031,0.5008960325270042,6.23249204032314,10,2.8143120222714813,29.666226208209988,1.36986301369863,0.4495594303788147,0.36411919315764674,1.3467622176851437,19.4010012655322,9,2.2282107179903656,25.809291303157792,1.3157894736842106,0.2750418150027374,0.26110666486790024,0.9656494227950894,14.605009987327152,8
IPVS_EHC_7ffb735c,0,F,0.0,63.0,,,,D1,5.62,-3.462262988090515,0.6490696668624878,3.8749100616182783,60.85453703999519,2.5,0.22225954022939995,0.2657727016820381,-0.2992827547558039,-3.437088048004475,13,2.4113367045300205,27.84290984272957,2.380952380952381,0.07127806967589899,0.14127573420769812,-0.12961727834984105,-1.68017910312904,13,3.0929459252943134,31.604698300361633,2.380952380952381,0.08645847106211059,0.07523861298960165,-0.048622561280206145,-0.7403382139812491,12,1.8857229934638127,22.072044014930725,2.380952380952381,0.05631544209001978,0.13722105380086483,-0.14098199305475378,-1.2474299003448743,12
IPVS_EHC_7ffb735c,0,F,0.0,63.0,,,,D2,7.16,-1.243019951879978,0.5181865036487574,1.9780906007843906,23.05140842916444,2.272727272727273,0.3509815822285339,0.4294501200265187,0.2928490541033888,2.957917395301393,15,1.2371232063721471,18.889894746243954,2.7777777777777777,0.4040967986609845,0.35273086033718276,0.20433520358524881,2.8761552281246807,17,1.3790232884433788,21.64095938205719,2.272727272727273,0.4789472146796001,0.44002465035357596,0.12846648704409014,2.6283821355980277,17,0.9177440860128376,15.785485878586764,2.941176470588235,0.5275285929905719,0.40419086874597604,-0.11997801615928783,0.22866940194685767,17
IPVS_EHC_832281bf,0,M,1.0,70.0,,,,D1,5.56,-2.907501924037933,1.0030784368515007,4.1014434311613694,49.62624683976172,1.6129032258064517,0.07880415779734942,0.066874894210817,-0.04105306131900577,-1.5184290445252664,7,3.015721070993993,22.747726701200005,1.5151515151515151,0.048233017542302456,0.05811825885170795,0.0477645831181317,0.23213865550042917,8,3.1060910828043355,25.160298869013786,1.6666666666666667,0.11286330116436759,0.032201354791599406,-0.00865094092298313,-0.14329928170436684,8,2.3756138919472307,22.391528412699696,1.5151515151515151,0.03757671503052305,0.1007630310537334,0.22424173550389015,2.4874071964610853,8
IPVS_EHC_832281bf,0,M,1.0,70.0,,,,D2,5.88,-2.2806190311908723,0.8051829576492306,2.712005108213835,34.156469367444465,1.639344262295082,0.3324093306318564,0.3205425065547506,0.18891554718758208,3.480150603934198,10,2.875786071178174,31.49880334734916,1.8518518518518516,0.3236282923392682,0.1620186126229531,0.18481784212123054,2.232802010906043,9,3.3354779652162128,40.42788855731482,1.6129032258064517,0.08589537098138357,0.06435882734779731,-0.13741753067716922,-1.7015068857817395,8,2.8476914595546883,28.568542338907704,1.5625,0.04028025133881113,0.05436214246254422,-0.024586477112914062,-0.5226826080383754,8
IPVS_EHC_71d347fe,0,M,1.0,62.0,,,,D1,5.76,-1.755512434244156,0.6115496516227709,1.2108464659364486,32.508477047085755,2.6315789473684212,0.3619189938814659,0.5881801378284167,-0.29840852049466304,-2.987461131268545,14,1.3397233307722478,25.532520525157448,2.7027027027027026,0.3667793465730364,0.5401670500299003,-0.27406660295241325,-1.6677631068695007,14,1.6510814272945378,27.509147189557527,2.564102564102564,0.45550301118354747,0.4420990222069222,0.2383875008934191,3.293802275622789,12,1.1737765946136447,22.401098199188702,2.380952380952381,0.4318129251698587,0.5145137143518559,-0.12783472656809114,0.14507157808847218,15
IPVS_EHC_71d347fe,0,M,1.0,62.0,,,,D2,5.88,-1.649728775024414,0.4568969666957853,0.9781579889543193,25.492438897490494,2.941176470588235,0.43575715429658884,0.6365233637014287,-0.5947146188893406,-4.097325944086206,14,1.4038664697286622,24.711303338408463,2.9411764705882355,0.3275654536213381,0.5249519234058488,-0.06575686441538076,-0.9095178378368475,17,1.5325469111618406,30.56066036224362,2.857142857142857,0.4407029582496712,0.5793815277453744,-0.31361256257554415,-2.9648029198228496,15,1.0783194154500961,21.64364792406554,2.7027027027027026,0.4334316157460883,0.4412329201266162,0.34042670218322324,2.3990729690386674,14
IPVS_EHC_71d347fe,0,M,1.0,62.0,,,,D1,6.28,-2.5211086511611938,0.8182032644748687,3.1173056013066947,40.41736851446327,2.5,0.37151807998601416,0.43959482057620247,-0.0834900807020933,1.3538910498008179,12,2.6022764511511984,20.638462714850903,1.7241379310344829,0.37857722316510944,0.2493035531006882,-0.032652131818050156,-0.8711739298317798,9,3.7143710311553995,29.51032385230064,1.282051282051282,0.1417522376575287,0.06833969324914287,-0.03948237669690735,-1.1114161798740494,8,2.2825489485236803,24.7981747612357,1.6666666666666665,0.3637629136404162,0.1557808548070971,-0.1090724366603476,-1.9239177108055383,8
IPVS_EHC_71d347fe,0,M,1.0,62.0,,,,D2,5.94,-2.201765942573547,0.5762067794799801,3.387647099392204,31.85478925704956,2.5,0.36602204059111115,0.46724497122677144,0.17241063150643665,7.090283784620345,10,1.560002287228902,20.85709825158119,2.7777777777777777,0.39672173794351107,0.26717882660265274,-0.22161615826023306,-3.2603848344784914,13,3.2133863695600473,30.674485862255093,1.5151515151515151,0.17176728442867106,0.040473618285123594,-0.01699504976959898,-0.5604724459575785,8,2.099545964582815,22.188358753919598,1.5873015873015872,0.29740585480077,0.20851137802785422,-0.11506619660608453,-2.63757411201553,9
IPVS_PD_25bcde8e,1,M,1.0,49.0,,,,D1,4.86,-1.3825176656246185,0.9181426286697382,2.297752286633944,35.44148739427326,3.0303030303030303,0.2458160530048711,0.2597013780019474,0.42656033073868516,5.265857751863648,13,1.1597508002833419,27.340348660945885,3.846153846153846,0.3434551660061447,0.5299291448045701,-0.0614661891334396,-1.3269561965272398,16,1.3082867104696274,27.017558887600895,3.3333333333333335,0.4459483323652909,0.5103097931112012,-0.3094529237496789,-2.789008884378507,14,1.195271586338699,24.241289421916004,3.125,0.3344272287075782,0.3528136591694912,0.18157737081801595,1.3687605263091278,15
IPVS_PD_25bcde8e,1,M,1.0,49.0,,,,D2,4.98,-0.8782661139965057,0.8073248386383054,0.8551942424938886,24.01351686567067,3.125,0.4013716421735793,0.5473973105224121,-0.3523441664171604,-3.8352745679001874,15,1.4240996022408245,32.006023526191704,4.166666666666667,0.3894896995624838,0.4922854788762099,-0.19760091938677415,-1.0232382195217642,18,1.5558640562581196,31.510332599282265,3.7037037037037033,0.4554826641694337,0.37949992824302503,-0.14932276597271088,-2.0031195592022275,15,1.3135140874554785,24.685503393411633,2.6315789473684212,0.5106986868878041,0.42752572234361186,0.03616921095636627,0.27234729441985284,12
IPVS_PD_215587d2,1,F,0.0,62.0,,,,D1,4.94,-1.1869797177612782,0.7142543077468869,0.9150767328750391,27.759448681026697,3.571428571428571,0.4029766384310902,0.54850772933523,-0.2505749873976235,-1.336634558541404,14,1.4791303142338639,28.20429608225822,2.7777777777777777,0.4054938497587821,0.35036470871397896,-0.31324625140272233,-2.9300904566331774,11,1.6258804714732673,30.52538864314556,2.5,0.336706456893702,0.30162497745188793,0.2540272198864928,3.2331265372815694,12,1.0651293866410327,20.66826373338699,2.5,0.2502944813640603,0.24184881522979682,0.061776716693221934,0.9215952111091169,11
IPVS_PD_215587d2,1,F,0.0,62.0,,,,D2,4.78,-1.3653563737869263,0.7119135618209839,1.8385953467364837,32.34519312158227,2.7777777777777777,0.18463531159046326,0.45203806392976525,-0.21369793473047594,-1.3176052284174882,12,1.2415048421331878,23.891102597117417,3.125,0.3189827581547316,0.37110699126396035,-0.33562305150150507,-3.4830722566198715,14,1.5193970820741207,28.093354925513268,2.1739130434782608,0.3723867277441558,0.3741468249980388,-0.25742506196668635,-3.7168214610704715,10,1.060347408192464,16.60027232021093,2.7027027027027026,0.2596150997149434,0.2622916670637315,-0.07425194080333952,-0.040607336003976986,13
IPVS_PD_e50b4a59,1,F,0.0,60.0,,,,D1,4.62,-1.706363613717258,0.7721572518348694,1.5589291503032048,45.878842286765575,2.857142857142857,0.2683588286331377,0.5463401469186527,-0.033784157155229644,-0.3056526030029826,11,1.8694102806390553,26.060234755277634,2.0408163265306123,0.3174765140021234,0.26642271624642155,-0.2690874260953192,-5.1926437958085065,9,1.750655672444743,31.99148140847683,2.5,0.42982191318564644,0.25199949721474757,-0.06796378252702351,0.28930638316861507,11,1.3209785790620776,20.64246293157339,2.564102564102564,0.42331568393248037,0.24335682803543884,-0.11761763977432416,-2.0395506490228605,11
IPVS_PD_e50b4a59,1,F,0.0,60.0,,,,D2,4.6,-1.4758520513772964,0.6718529462814331,3.483358586299154,25.607682634145014,1.1627906976744187,0.017484380312027776,0.024933006401870374,0.033679612234638334,0.42784021877298306,4,1.6187469909588494,28.44469714909791,1.9607843137254901,0.3056488057808988,0.2679247312780994,-0.15057649553922814,-3.5567702636612473,9,1.756755529727715,30.62540728598833,2.0408163265306123,0.43358727421510335,0.4160494985860983,-0.14679582854810935,-4.659730075821309,9,1.2254779571994099,20.482667647302147,2.4390243902439024,0.4294896131699591,0.22167148634437842,0.10512746798033978,0.24445870641703346,9
IPVS_PD_55bc13c6,1,F,0.0,39.0,,,,D1,4.72,-3.961289256811142,0.24694328010082245,5.576347949988877,74.75463561713696,2.380952380952381,0.12694763676153578,0.06909021178919156,-0.08519199438914182,-0.768391275318389,9,2.1648106149869486,21.65831457823515,2.272727272727273,0.06332299533013856,0.06401266467583534,-0.03422722405756229,-0.6905217748392498,10,3.3549049739242967,34.870615880936384,2.272727272727273,0.08054743492723031,0.10045342756918314,-0.154168064378306,-2.2974167278039457,10,1.8018341866879972,24.33114144951105,2.0833333333333335,0.10507638648067327,0.09537788356405277,-0.099941953524879,-1.9584699152826144,10
IPVS_PD_55bc13c6,1,F,0.0,39.0,,,,D2,5.04,-0.7158789679408073,1.2583016633987427,1.7367542601135348,24.32228189893067,2.380952380952381,0.3024207885270676,0.37361104766035963,-0.06937939915194524,-1.0520310353443443,12,3.044071778545369,33.64357378333807,2.1739130434782608,0.08591016967687022,0.06689666869312721,-0.06585620818074467,-1.4427748938482663,9,3.104668873716579,33.05647574365138,2.0833333333333335,0.058737406962507184,0.12795867436256234,-0.14387534491675757,-2.276403405966882,10,2.6610346108666967,30.59892244637012,2.1739130434782608,0.0569954998754461,0.11479466495721607,-0.013728556431912953,-0.516772786434656,9
IPVS_PD_b85147c7,1,M,1.0,67.0,,,,D1,4.94,-2.244180065393448,0.27198160290718065,1.4821346534260331,43.53065364062785,2.6315789473684212,0.23904362940729207,0.5700230833513595,-0.40911338719754664,-3.2275340421967376,12,1.3720514618677315,20.05118638277054,2.7777777777777777,0.6321997762814718,0.3602409706537238,0.03978470238632803,-0.4844189584405544,12,2.507171497614529,23.25731322169304,1.5625000000000002,0.23750843439814176,0.26983005636907126,-0.4802956322411467,-8.336937396120083,7,0.9729367483588905,17.408471405506134,4.166666666666667,0.5807438209863669,0.42609303487537364,-0.16646926006184837,-1.8692425473746621,16
IPVS_PD_b85147c7,1,M,1.0,67.0,,,,D2,4.54,-1.4755535662174224,0.3879540681838989,1.9058268233583857,23.035740763880302,2.6315789473684212,0.38312144856206676,0.4996967086757582,-0.2916245204148087,-2.8727678839524673,9,1.2143018813807112,26.896838098764416,3.7037037037037033,0.5181138829588752,0.31524998738679844,0.5791495181035011,5.274815097803019,15,2.4385497320611766,29.429859593510603,1.5873015873015872,0.4199930236165578,0.13454302870483786,-0.23289640383390797,-3.4307832153660907,7,0.9948614860862698,18.998852968215928,3.3333333333333335,0.4556102674582106,0.3780992716833941,0.07666979885509728,1.1536062770496662,14
IPVS_PD_a0fceda0,1,F,0.0,71.0,,,,D1,5.2,-1.932982435822487,0.7391509234905234,2.220280911898164,42.38763920962807,2.380952380952381,0.33533426901864755,0.3041964643672834,0.14883479533418087,2.272810198400113,11,1.2657364287739652,29.524186849594077,2.5,0.3568390384987678,0.3548656116069426,-0.19859002724003216,-2.4359720445759714,12,1.1877194963313822,30.60857467353343,4.0,0.30623306148384205,0.5776048242563935,-0.050242460003176004,0.18733709593103984,19,0.9887605653562487,17.478047311306,3.125,0.422027969071998,0.3868590389082179,0.22970398142524662,2.5401543800365793,16
IPVS_PD_a0fceda0,1,F,0.0,71.0,,,,D2,4.8,-1.696370993554592,0.7718159675598144,1.0126159594229365,27.129005631431927,3.4482758620689653,0.23098392332388054,0.548523329879212,-0.007903577625501312,-0.2799872866892392,15,1.2141993026248878,31.737375073134885,4.347826086956522,0.4807354639129583,0.5209412378452224,-0.11211201071974608,-1.4762418877102665,15,0.9987116464350795,36.375538334250436,4.545454545454546,0.3180055352118757,0.7199906674240657,0.25213681426087065,0.5709226645999335,19,0.8833417866880285,17.59943228214979,2.941176470588235,0.3353328845667765,0.406362420101225,-0.024928097623097556,0.6853251141337242,13
IPVS_PD_69229acc,1,M,1.0,71.0,,,,D1,4.06,-2.8686510384082795,0.8178930997848509,4.365115539417866,55.672228280454874,1.5625,0.06639061303092922,0.04490808448544438,0.008647736777376736,-1.0797131473506583,5,2.3171832505307854,21.975406855344765,1.7241379310344827,0.3722818152958857,0.2845632023236109,-0.4763902204507323,-11.314528091012455,6,2.614065330588298,26.02879684418439,1.7857142857142856,0.23307779713128177,0.17190116718069637,-0.2991098153348817,-9.034410025233486,5,2.430328020966423,20.376204252243042,1.6129032258064517,0.3267699137567061,0.30098277084108965,-0.5420175699632732,-12.509823870999822,6
IPVS_PD_69229acc,1,M,1.0,71.0,,,,D2,4.22,-1.2147684805095196,0.49321165680885315,2.7225662942146975,26.888493821024895,2.0833333333333335,0.32324531647966503,0.46056320152077274,-0.2017069807031293,-2.64399939978327,7,2.584441278734684,24.642473459243774,1.4705882352941175,0.0790569415042095,0.13602492050302825,-0.22565229028831923,-5.560138132837475,6,3.0947706525393417,30.376859474927187,1.5625,0.04319955403264506,0.1698735455932261,-0.28152389879902917,-7.1136848064402685,6,2.3000769794998313,24.543029069900513,1.6129032258064517,0.12011850686840818,0.08986903228181199,-0.0224262521262808,-1.514341423975823,6
IPVS_PD_5fcdd5c0,1,M,1.0,72.0,,,,D1,3.84,-2.642848700284958,0.4033884435892104,2.238188192186696,47.793538477271774,2.380952380952381,0.23856262520584645,0.47673133368820336,-0.5310115397384876,-4.459962492662595,7,1.0734175877606291,19.108456932008263,4.0,0.5642405045180429,0.3635978595050869,-0.2659432049627124,-4.267173645713828,9,2.0097809610455264,28.87423596344888,2.0833333333333335,0.3244428422615251,0.28644906050810925,0.3327246564085313,4.427340927317141,7,1.1771875091416402,15.54320028051734,2.1739130434782608,0.4996242804440935,0.03772894552211121,-0.03420214257528886,-1.0089587115852061,6
IPVS_PD_5fcdd5c0,1,M,1.0,72.0,,,,D2,3.72,-1.276948494836688,0.593483030796051,0.9046454978964623,26.2019872199744,2.0,0.6623853298945528,0.6831169285102898,-0.15427144425672312,-9.188207085899986,6,1.351794951821908,25.112113915383816,3.571428571428571,0.41036907507483766,0.5814774074341728,-0.012840464095375315,-0.018723121376053784,10,1.948656613412887,30.78218847513199,2.0,0.4361528987276272,0.41796283518595556,0.0013439440080114107,-1.1823783939922299,8,1.1696795165331042,19.667372852563858,1.8518518518518516,0.6931933174148767,0.1923462784396206,0.27410957164557415,7.303261157362834,6
IPVS_PD_5e7a0360,1,M,1.0,75.0,,,,D1,4.42,-1.927337646484375,0.5898103713989258,3.53836952385251,45.9459375590086,1.8867924528301885,0.06661733875264916,0.09655241110611026,0.18383912036225025,3.4292084379533248,7,2.427346573136059,21.208658069372177,1.8518518518518516,0.0964281800812321,0.11273953284789275,-0.08217201256593898,-1.8758976272363923,8,3.318119586451846,29.700183868408203,1.923076923076923,0.0728779334711211,0.07302685312793408,-0.09839361883384634,-1.7720485394222014,8,2.011283720724382,22.77226150035858,1.8518518518518516,0.16154913113764463,0.07616937030644146,0.16396269527429164,2.007811945731612,8
IPVS_PD_5e7a0360,1,M,1.0,75.0,,,,D2,4.82,-0.8419914245605469,1.338474154472351,2.606204587209189,29.248718172311783,2.6315789473684212,0.08247860988423227,0.09851392893735875,-0.19212974227061563,-2.4160615923330604,11,2.9034027755260468,32.47352987527847,2.6315789473684212,0.07559289460184541,0.09563544921181376,-0.08777023309565712,-0.9924617724824251,12,2.91151028087061,33.621176332235336,2.6315789473684212,0.10036448307848343,0.09961460110263004,-0.13931736114468785,-1.6121239575206332,12,2.020762260736963,23.338909447193146,2.5,0.10583862271853746,0.09504321049502946,0.02307358564939821,0.13126036053324497,12
IPVS_PD_b85147c7,1,M,1.0,67.0,,,,D1,3.98,-2.3480584159493447,0.6424398422241211,2.095428585321989,41.484516859054565,2.941176470588235,0.3002979598695975,0.45033444557621966,-0.20532893234019345,-4.028872537928703,10,1.864959254056778,20.320702269673344,2.173913043478261,0.18984436308389124,0.2547940724578481,0.07769023199474923,1.3467850005071376,7,2.345284915218751,28.68396393954754,2.380952380952381,0.4012230854434963,0.29070498820626683,-0.15395786703802272,-2.9986626671455836,6,1.2347383616704597,19.800652638077736,2.380952380952381,0.35708222589395666,0.39767810120188946,0.11732947138528949,1.3095187642172597,8
IPVS_PD_b85147c7,1,M,1.0,67.0,,,,D2,4.18,-1.6300605416297913,0.46753914952278125,0.75283922913543,24.32752218097448,3.125,0.4216734296127332,0.7603980369709292,-0.12977268358606586,-3.294684610426775,11,1.792900220423648,21.207973361015316,2.0,0.4966445896490775,0.1752584667041296,-0.019441411720225066,-0.8604580405112007,6,1.9770122701625195,25.915881432592865,2.6315789473684212,0.7457969011409736,0.36959505539820803,0.4502993160677997,7.612744785225781,7,1.2207597200257045,16.462896019220352,1.8867924528301885,0.4526941271864654,0.25878160634438796,-0.20160498698614993,-6.462137332663607,7
IPVS_PD_283812f2,1,M,1.0,70.0,,,,D1,4.34,-2.567433941364288,0.5548118591308591,2.1152318938041863,38.26549276709556,1.7857142857142856,0.3268247304475795,0.5261692436524859,-0.5418564808382542,-6.866234264633299,6,1.3199392264063872,15.356543064117432,2.5,0.6132905887590219,0.30305948062595783,0.1471872949382529,-0.1023968867255036,8,2.002508971401322,24.162113815546036,1.8518518518518516,0.4056416659746095,0.32584595244725867,-0.20959828751369214,-4.360155249507783,7,1.2143291238160123,14.202957153320307,1.8518518518518516,0.5211810134303922,0.43409858177854516,-0.5830721453249518,-15.931161254552725,6
IPVS_PD_283812f2,1,M,1.0,70.0,,,,D2,4.76,-1.6645937412977219,0.44064952135086055,1.1777011887051174,25.73483735322952,3.3333333333333335,0.44776987401467255,0.6640485623452642,-0.24232756746575934,-4.886748561577841,10,1.8930318457696966,20.54017871618269,1.923076923076923,0.630717398203474,0.38369268628584263,-0.5300065457702423,-10.94790913970089,7,1.7991368907098568,20.886044874787288,3.125,0.5737444698757022,0.34007440372065667,-0.4771961127141323,-7.073039916641593,8,1.1647427407026125,14.851512350141991,1.9607843137254901,0.43223724250541445,0.37009755445798054,-0.3309056973401089,-7.183896195726298,7
IPVS_PD_37ac75bd,1,F,0.0,54.0,,,,D1,3.76,-4.0602667212486265,0.7594241797924043,6.457329214478933,70.4907909873873,2.0,0.048212648273380926,0.04972312599768218,-0.08957306820588828,-1.999956116381322,6,2.4529378521657628,22.798737697303295,1.8867924528301885,0.08775142263700285,0.13460627956275717,-0.11219416327585219,-2.953066827423482,7,4.008697181264307,31.620209366083145,2.0,0.0750358381711339,0.1356138923044497,-0.13465257776912665,-2.7998321650790947,7,1.7843849424802536,18.932922054082155,1.923076923076923,0.04859295307498626,0.15551094052283687,-0.24256674272612233,-4.911330525404375,7
IPVS_PD_37ac75bd,1,F,0.0,54.0,,,,D2,4.5,-1.8022794976830483,0.9274268388748165,4.00201577148462,37.01996305026113,1.923076923076923,0.14771434130516556,0.32113858306029386,-0.4969937797865942,-8.268720791937652,7,2.4654823182511554,26.290475130081163,2.127659574468085,0.19500322106195062,0.42616308733913555,-0.42372220095455504,-6.4295402654603135,9,3.4651013332663014,31.374772787094113,1.923076923076923,0.26878832649735296,0.3320976603101183,-0.3943807666082745,-7.1100220788005375,8,1.5677184506361772,17.63703927397728,2.0833333333333335,0.3601395720024848,0.41539579177535263,-0.27032298193511695,-3.9372938650792175,9
IPVS_PD_7f660571,1,F,0.0,80.0,,,,D1,4.84,-1.3598134770989418,0.6980384290218347,1.964428886786406,34.70881427638233,2.7777777777777777,0.46556409795570225,0.4916267688431421,0.7395010840172487,8.267868879852069,11,1.0800646587393188,18.954880945384502,2.7777777777777777,0.7323592644115249,0.4612268705434403,0.08686068434479388,-0.9384463858503476,12,1.520645247797479,19.601292957086113,1.923076923076923,0.43910891036356864,0.3591622415848624,-0.23290802703456015,-2.7377090548517446,10,0.7236974411350698,15.116786994040012,2.941176470588235,0.5322645566620043,0.5292229217893964,0.07062716167702265,0.8470533051488076,14
IPVS_PD_7f660571,1,F,0.0,80.0,,,,D2,5.76,-1.3727151095867156,0.9102602303028104,1.119130886719933,25.95866008661687,3.846153846153846,0.5023360634392493,0.5009457066839424,-0.01262341922128385,-2.0087907094076383,16,1.6965796727889395,23.020496293902383,2.3255813953488373,0.3614444008152886,0.38637291109668953,0.4089525279822306,2.801066908098466,13,2.0182248606041986,30.96284192055462,2.941176470588235,0.6699098511522452,0.35873869589622864,0.5395028944499813,5.638503633431866,13,1.4405077799947472,19.621807076036927,2.1739130434782608,0.31003693861218884,0.378398624234095,0.1636250144232414,1.6891397528284013,11
IPVS_PD_d0de0fb0,1,M,1.0,73.0,,,,D1,4.32,-2.670460730791092,0.8137584924697876,2.1474059018631446,50.336469151079655,2.5,0.3738852987821624,0.39822837156018354,0.1203007978947106,0.208599491684522,10,2.0963959122988958,22.389174439013004,1.7857142857142856,0.4415029821210899,0.27375374858736606,-0.3667297431185754,-5.311871752553214,7,1.8468126640993954,31.222931295633316,2.272727272727273,0.42266548199726794,0.3048263264484326,-0.29939605079953713,-5.041046847239428,8,1.945566506678266,18.949615210294724,1.5151515151515151,0.3960329059034347,0.19501359268163826,0.127744355694539,2.9116521395914714,6
IPVS_PD_d0de0fb0,1,M,1.0,73.0,,,,D2,4.98,-1.7748366564512252,0.7356001853942871,2.56292478387785,29.74805410951376,2.564102564102564,0.4766438659230915,0.5598789404863136,-0.1298763212135574,-0.5646569011144128,9,1.4559785204835758,28.945217430591583,3.2258064516129035,0.4994640531343885,0.32511039923625346,-0.10286565361702271,-1.3821131914662081,13,2.440133755892697,31.401480436325063,2.0833333333333335,0.3335416016031584,0.376801897128125,-0.18409123517627213,-3.130646963326913,8,1.2606397056881513,21.79420471191406,3.125,0.5334810925652075,0.3280807272477979,-0.0005205449876497514,0.9031093414652269,12
IPVS_PD_a326f905,1,M,1.0,70.0,,,,D1,5.62,-3.1983641386032104,0.5126326084136963,4.217608552683565,50.00629276037216,1.25,0.3029898135025508,0.2673202971986848,-0.309619681059775,-5.376712541804328,7,1.0475402457994358,19.586345925927162,2.941176470588235,0.4986401260514861,0.43679752453010745,-0.417542230037526,-4.503297548192172,13,2.906449351331635,22.65535667538643,1.3157894736842106,0.26715213341965016,0.33960514319459806,-0.31093011651495495,-3.7239064712298737,7,0.5821655232835412,14.34258371591568,3.125,0.2680257601454464,0.47570880011760364,-0.022885206052122298,-0.8235143884281362,17
IPVS_PD_a326f905,1,M,1.0,70.0,,,,D2,5.58,-1.4634602457284926,1.0628762960433955,3.5260670455547336,24.82483431696889,1.2345679012345678,0.06805485255957147,0.16629573267040082,-0.3095040866556549,-7.603427164527915,6,2.514987814223445,21.725939810276024,1.2195121951219512,0.323888477871342,0.4177510380661142,-0.6248374719824519,-14.372108914922405,6,3.43329910462922,25.189152732491465,1.2987012987012987,0.1105588550320713,0.17361459625109096,-0.3189917851453663,-8.201162308343994,6,0.827204589280528,15.209646970033646,2.7777777777777777,0.6246121021651487,0.6000406233763393,-0.6960799185156147,-8.837075853534152,11
IPVS_PD_c41cf2aa,1,F,0.0,67.0,,,,D1,5.22,-1.409103512763977,0.281625896692276,1.5783043515191069,40.320488065481186,3.846153846153846,0.469258498068707,0.4053343608279993,-0.15953174681743432,-1.5497138037741987,14,1.5464104036802304,18.182681500911713,2.0408163265306123,0.5708858342303299,0.2604356541090315,-0.08242166770858006,-2.258575856685609,9,2.263810233473942,20.944945514202118,1.5625,0.42262046289985344,0.22139600060501272,-0.15519631674707657,-2.20077283895111,8,1.1146428974316047,16.376960277557373,2.564102564102564,0.47828896138057836,0.22155246364183467,0.10944671276207973,1.0741718892604517,13
IPVS_PD_c41cf2aa,1,F,0.0,67.0,,,,D2,5.4,-0.4403490640223026,0.40596235692501065,0.879543300378034,19.36884376220405,3.3333333333333335,0.4297554102274243,0.6603380397886268,-0.40412085607532977,-4.152160191170058,17,1.4258236116294336,24.892209582030773,2.4390243902439024,0.1737149937785324,0.11801917312506244,-0.22023835216893917,-2.298006037596901,12,1.5194186990068181,27.28936187922952,2.0408163265306123,0.43419996842101527,0.39559770073575906,-0.4378316885925746,-4.3764303537035465,11,1.146307475994489,21.00445833057165,2.272727272727273,0.33533262719825463,0.1866759770030225,-0.10281111125428799,-1.6304447574356573,11
IPVS_PD_8f283065,1,F,0.0,54.0,,,,D1,4.94,-1.8281954325735568,0.5874832987785338,1.7858371877381871,40.02765327692031,3.125,0.40097792170888735,0.5193809416377818,-0.05730210918405232,1.6750770480947184,12,1.4143727517543625,20.853368639945984,2.857142857142857,0.4915248569107129,0.4139346254489789,-0.40013352649457157,-4.23144918439637,11,1.7505013422914408,27.50936165452003,2.272727272727273,0.23715274953454993,0.29762726335503614,-0.30281496481063275,-3.5072275246963014,11,1.0459079144735828,18.66130799055099,2.5,0.32530074810503146,0.26949266793748183,-0.029932459319969684,-1.8697755670149159,11
IPVS_PD_8f283065,1,F,0.0,54.0,,,,D2,4.7,-0.5797478176653384,0.6443648695945738,1.1916015065613474,24.373834412544966,2.1739130434782608,0.26034850767001144,0.5289421084343304,-0.18384607698283373,-1.3215020930870391,10,1.0524893179057229,25.153509154915806,3.125,0.35049965501868696,0.41377295941518843,0.22627866364972604,0.580290264325364,14,1.5927288733434595,27.74014465510842,2.5,0.43281384415411217,0.26469672991146725,0.31934946539045295,2.3620135011106878,10,1.2522171318720698,20.13599425554275,2.0833333333333335,0.3286875025534987,0.2927439604585524,-0.05172857747916293,-1.2282974865848175,8
IPVS_PD_74add44e,1,F,0.0,78.0,,,,D1,5.02,-3.3413535058498383,0.43624797463417053,3.48739975587214,57.24954688921571,2.1739130434782608,0.359977431732105,0.3853320411324548,-0.1533197005516298,-1.8274020397028385,10,1.2282178978170544,21.969179809093475,4.166666666666667,0.4853227259954418,0.37456435012390304,-0.05654652844843466,-1.3701234652781318,15,2.082178055287363,26.414037123322487,2.5,0.4629853871884079,0.31286856716117706,0.010257050925426725,-0.5386602235887611,10,1.0451423223253626,13.085518777370453,2.7027027027027026,0.5685880554497305,0.1639710197153188,0.10247398621564185,2.260287213276373,9
IPVS_PD_74add44e,1,F,0.0,78.0,,,,D2,5.04,-1.0417781610041856,0.5427827775478361,2.7261924501264323,30.90165816247463,1.7857142857142856,0.5377449005526795,0.47762932545754644,-0.7210436768142554,-12.265729318524018,8,1.5091734220996351,21.879532486200333,2.6315789473684212,0.48210822399441633,0.3873679342515255,-0.2986588515364331,-4.1514634197660865,12,1.9915624670878003,25.230513066053387,1.923076923076923,0.3761436488872721,0.2749458568502761,-0.3311394102706119,-4.902949977038428,9,1.5487259155617907,19.960453566163775,2.5,0.6481806194211481,0.4586348642154902,0.16090421608018834,-3.1202432478304925,9
IPVS_PD_fdc0ff6e,1,M,1.0,72.0,,,,D1,4.34,-3.418269467353821,1.1601728200912473,4.1280523890494605,58.20406123995779,2.272727272727273,0.1122391716169123,0.2603130442862929,-0.34995331650925354,-6.157481379991843,9,2.4240951300563838,28.76008868217468,2.380952380952381,0.18236706814406442,0.1836542289960933,-0.3171582033703634,-4.713617190761023,9,2.9682516853014627,33.91163706779479,2.5,0.11024907056416833,0.12448448184761367,-0.18655281884719155,-3.589898836375191,9,1.9581671336833808,23.504257500171658,2.5,0.11519069106170064,0.21321391847810886,-0.27079542092021536,-4.3125046066388375,9
IPVS_PD_fdc0ff6e,1,M,1.0,72.0,,,,D2,4.9,-0.370901221036911,1.230364727973938,1.2290483414011657,19.167060479521744,3.125,0.16092830889845,0.24641207868445647,-0.23366947115301462,-2.6364110453811507,14,1.766568385914216,28.225928694009774,3.125,0.07853871970343557,0.23104004226198727,-0.3334066806774162,-3.7557015354886163,14,1.9339967045082926,30.376389250159253,3.2258064516129035,0.10871146130092178,0.25420046030749405,-0.34449335390711355,-3.716182433783078,14,1.3472527202502216,23.48196670413017,3.2258064516129035,0.16140966546999028,0.20747626000628788,-0.3126934223018375,-3.111694220246866,14
IPVS_PD_0bc86f51,1,M,1.0,65.0,,,,D1,5.14,-3.254075825214386,0.5248851060867308,4.794076888512883,57.56575614213943,1.8518518518518516,0.16162071770514652,0.08876899719793077,-0.10012244784339808,-1.6361335513209883,8,1.6082126932972356,16.756511852145195,1.923076923076923,0.27616992695280285,0.3205766180693153,-0.47556367441892855,-8.54894969224939,9,2.2554151307184918,23.828162848949425,2.0,0.24999999999999994,0.3045435338190918,-0.40022353738808014,-7.654226489459634,9,1.5428969479450911,16.946068108081818,2.1739130434782608,0.3467001252864702,0.4700764097600403,-0.519952773340092,-6.97370365635822,11
IPVS_PD_0bc86f51,1,M,1.0,65.0,,,,D2,4.4,-0.5743639454245567,1.019339936971664,1.3233860986076023,28.756795730441798,3.846153846153846,0.5384630921888173,0.4608581598637368,0.06149175971114995,1.6344408876552297,14,1.3508007491371066,17.836274579167362,2.272727272727273,0.2843180909817455,0.4476014473039203,0.0606789587556722,0.10116574454633744,10,2.074206962686418,22.224844619631764,2.0833333333333335,0.27682443270136425,0.2572429314191839,-0.028718194753754922,-0.24611996216668355,9,1.2499265200197338,17.72005718201398,2.1739130434782608,0.3006535580755217,0.39868919962145644,-0.473466532979117,-6.439530074622018,9
IPVS_PD_b3bfc7ef,1,M,1.0,65.0,,,,D1,4.8,-2.88513063788414,0.17629252374172197,2.6639696320755544,54.098099898546934,2.380952380952381,0.5220900935847906,0.4703735484103071,1.0152223217465708,15.62060568686806,10,1.654893844030719,16.056250482797623,2.0,0.24232978590968324,0.17358854310704078,0.5074445002469004,8.446618950383968,8,1.594070643296143,19.791270215064277,2.1739130434782608,0.3620156948556226,0.3061962337416713,0.3586996211727378,2.420950555652694,10,1.2102515085583927,16.985813193023198,1.923076923076923,0.3237607716408361,0.24945248566967348,0.5988648988314065,8.674679755939936,9
IPVS_PD_b3bfc7ef,1,M,1.0,65.0,,,,D2,5.5,-0.45999113172292705,0.7090671420097352,0.9853630557887287,24.36939656734468,3.571428571428571,0.39454044642875147,0.4687233078691802,0.3354004146072067,2.317865865564478,17,2.5223079626279605,26.376644149422646,1.5384615384615383,0.15793451382644758,0.1302919973645535,-0.022932625993277056,0.5497371725983673,8,2.8386004110683647,29.131255671381954,1.923076923076923,0.1908451823878791,0.323087107778234,-0.048006599979550146,-1.2029792384475428,10,2.2158583691165106,21.798289343714718,1.7857142857142856,0.13629696598710997,0.054363708239604486,0.022515045495420827,0.4141282103679256,8
IPVS_PD_9bba66a1,1,M,1.0,70.0,,,,D1,5.4,-3.892149478197098,0.5672137081623077,5.768754032288305,67.7095766738057,2.127659574468085,0.11552711836023123,0.08109577952527536,-0.05573383494507811,-1.455175251148858,9,1.9457899291341092,21.308872420340776,2.272727272727273,0.2964449396725431,0.24583373493451546,-0.07108178457227665,-2.1738570289041714,11,3.2506599113643047,28.9354096353054,2.127659574468085,0.14728831414134388,0.13195336032070185,0.01723640707100227,-0.028131141016585648,10,1.4587026487153096,19.15490075945854,2.380952380952381,0.18828539212825007,0.12237920452350716,-0.050749279141696135,-1.2840519744339383,11
IPVS_PD_9bba66a1,1,M,1.0,70.0,,,,D2,5.32,-0.6914091408252716,0.908393144607544,1.8358019640048349,21.837504021823406,2.380952380952381,0.10033894572384339,0.26117537030334276,-0.44885564699111147,-5.086766233709515,11,2.347927101070991,26.74754373729229,2.272727272727273,0.09300816647554055,0.1266859270074258,-0.2342758448746114,-2.7593830652687963,12,2.525121782825521,29.642264172434807,2.380952380952381,0.09631989461183456,0.07302235605634856,-0.07556949965212223,-1.1499476118891718,12,1.5843813948554304,20.226059667766094,2.272727272727273,0.17348454467111585,0.19322980264283965,-0.3364832988672004,-4.081167417734722,12
IPVS_PD_babad183,1,M,1.0,70.0,,,,D1,5.4,-4.228672051429749,0.45943662226200105,6.094490908974235,78.32642195746303,1.923076923076923,0.07960793970895584,0.0644945917468595,0.11916262584770343,1.6764989749183712,9,2.4648367205899926,27.26652074605226,1.8518518518518516,0.02500000000000002,0.10530996462966324,-0.12917337168352427,-1.989901050835936,9,3.3370904284241822,32.1085926517844,1.8518518518518516,0.06900595189318261,0.06736614935322977,0.009317971379942058,0.23863761270711495,9,1.5384304367036656,21.767305620014653,1.8518518518518516,0.06123724356957945,0.16186402692553456,-0.1995407363220455,-2.3662608828283824,9
IPVS_PD_babad183,1,M,1.0,70.0,,,,D2,5.52,-1.0638867784291506,0.9898751676082611,2.7575278779917105,27.082931995391846,2.0,0.08171206225680934,0.12838395138170422,0.20674116902117778,2.8392696602476857,9,2.9698884586493173,29.0726475417614,1.923076923076923,0.057183186040610366,0.05413989361337943,-0.09023559242860324,-1.288606666610509,10,2.9867843997042027,27.999456226825714,1.923076923076923,0.0304787405683857,0.045513317756688945,0.06727349363329171,0.5783095686038311,10,2.105529113471338,23.42401584610343,2.0,0.05718318604061039,0.098180055947887,-0.18983429810331376,-2.622397826979622,10
IPVS_PD_e32f1f63,1,M,1.0,64.0,,,,D1,5.48,-2.1287768185138702,0.3978625297546384,1.6423056070621087,42.44245566427703,2.941176470588235,0.32156529131582046,0.378131206862686,0.08466392332042605,1.3919987907000237,14,1.0867892417978982,17.59176276624201,3.125,0.4421375520322815,0.41454305705777467,-0.3359730768304361,-2.527969230971257,16,1.4575551836470866,23.680687099695188,2.5,0.34344051724991465,0.3224940480118462,-0.29632279468205847,-2.794613194551269,12,0.8552105923493704,15.667198896408076,2.7777777777777777,0.41326052000802055,0.32328759098800774,-0.38208105494635003,-3.248635130220486,14
IPVS_PD_e32f1f63,1,M,1.0,64.0,,,,D2,5.2,-2.4883823066949846,0.6137578248977659,2.4792104532180463,29.031648049131032,1.4084507042253522,0.39383786348615224,0.4371713646159047,-0.06321900212701936,4.797685727669976,7,0.9629448685331456,27.832977920770634,4.166666666666667,0.4713270317593928,0.47700953903269094,-0.1088642914181398,-1.4548721293395632,21,1.9397073146871413,27.818853929638856,1.6129032258064517,0.3816567378800916,0.4065152383938579,-0.5663082751124338,-8.84842122084132,8,1.1328710494137337,21.09059799462556,2.5,0.3680742344720556,0.2300119065595512,-0.0908791239022998,-0.8417016063725044,13
IPVS_PD_5fcdd5c0,1,M,1.0,72.0,,,,D1,4.32,-2.5720549151301384,0.4555495083332062,2.0566812253343665,48.55899829417467,3.125,0.4371886124142332,0.6719940440382306,0.4937414909262996,8.964370300229014,8,1.3739896266491616,16.88123047351837,2.941176470588235,0.540143593908894,0.38914073249036396,0.185214327050226,0.9977640396976866,9,1.6642109095206539,28.428229317069054,2.380952380952381,0.4819387000265855,0.548083499053161,-0.24949492634041326,-0.9814797716347249,10,1.2107765141213018,14.62656557559967,1.5625,0.5228737254228711,0.23451409504070597,-0.4013102200145582,-5.8418347303517395,7
IPVS_PD_5fcdd5c0,1,M,1.0,72.0,,,,D2,5.6,-1.3660845056176185,0.42846529781818404,1.182303913762935,23.880066443234686,2.941176470588235,0.49859191076496323,0.5547901085391607,-0.22410476909143273,-5.552006073943342,12,1.2478691446083823,16.44705459475518,2.0833333333333335,0.4956721632505003,0.36111895760747964,-0.4840911917011863,-3.900916649475071,11,1.5926588616907158,25.38790922611952,1.8518518518518516,0.40350030978922435,0.2990798486075253,-0.3872337863884898,-4.041046306240202,10,0.8803636568796103,12.552955541759731,2.6315789473684212,0.44947458666181345,0.4625053562074009,-0.24456337263756034,-2.2627914807335556,11
IPVS_PD_131a10e3,1,M,1.0,55.0,,,,D1,4.8,-1.6083664692938329,0.5136058866977687,1.8287675674083004,40.14011975377797,2.564102564102564,0.12389397259804354,0.15874154444572855,-0.03453167851132255,-1.1377652957717779,11,1.2581316760703225,22.433159798383713,2.380952380952381,0.5167816535513512,0.3918194629696058,-0.4812531201208977,-6.540831580826885,11,1.341258149223785,25.716947410255667,2.1739130434782608,0.5028851319358328,0.4233243427207349,-0.537737493684147,-8.808076440588755,10,1.1096057010407463,19.36626434326172,2.564102564102564,0.3687348460554156,0.20319850575541332,-0.041606318462150904,-1.5284043119281552,11
IPVS_PD_131a10e3,1,M,1.0,55.0,,,,D2,5.5,-0.4764553219079971,0.47387753725051884,0.9235998744654683,22.217255826108165,3.571428571428571,0.33949683204354664,0.5177453322379421,-0.12823626318420334,-2.645305679122911,16,1.0809783924346794,30.73813997209073,3.846153846153846,0.36944007218464264,0.46953046919301944,0.10650453398399651,0.14666700263514457,21,0.92130467047294,32.31668259948492,4.3478260869565215,0.4478409577489535,0.4661807897944723,-0.3969807896314408,-2.6399299004039722,21,1.1291189681658644,21.153051108121876,2.7027027027027026,0.2533877070304039,0.2358227673165355,-0.22992691921587793,-1.564068713469631,15
IPVS_PD_b133cb84,1,M,1.0,77.0,,,,D1,5.22,-2.010118991136551,0.49666836857795715,2.233071322117614,39.28826912306249,3.0303030303030303,0.3102397901408514,0.4116539902446873,-0.023050154066490136,0.2617037284085736,12,0.9119826072728456,21.058064699172974,3.3333333333333335,0.40370480952545446,0.4756828577147504,-0.11563899617722417,-0.9721655145608756,17,1.0451814396802017,26.0219506919384,3.846153846153846,0.4381120276371451,0.4763309378481194,-0.2706971051826652,-2.9799222185108505,16,0.8999246244403434,18.854612112045288,2.941176470588235,0.4044540521381136,0.3483347062511645,-0.0397389509975582,0.47083074509247497,16
IPVS_PD_b133cb84,1,M,1.0,77.0,,,,D2,5.02,-0.9203091189265251,0.4068077504634857,1.073824079249249,24.869820941239595,3.846153846153846,0.4812225444052489,0.3729315588728418,-0.20218229118738806,-1.6268134677340438,15,0.7170541853765069,24.386515095829964,3.571428571428571,0.3419362881666443,0.5038980458833952,-0.024353515363890632,-1.7053226614615142,18,0.6999133319989118,23.81206676363945,4.0,0.44998767093145586,0.5815664367118539,-0.5174215284298225,-6.021168839373026,17,0.6960810288008894,18.10864508152008,3.571428571428571,0.36230634704761383,0.4129860892630185,-0.007842639785446304,-1.2844033864431776,17
IPVS_PD_283812f2,1,M,1.0,70.0,,,,D1,5.02,-2.135338604450226,0.8131510019302368,2.589555161364822,38.27007636427879,1.7543859649122806,0.17069082455981913,0.3585788924099615,0.6130845228010928,9.153739639694027,7,2.6140512432797065,16.22697226703167,0.9433962264150942,0.502956609790034,0.22311539836835534,-0.05189448428450638,2.6439587395424677,5,2.463080620593857,22.81077951192856,1.6666666666666667,0.3257210199319117,0.26146195944900913,-0.20396283327158848,-4.703737400241146,6,1.2323548274440357,15.439692698419094,1.923076923076923,0.4961374184700018,0.43154251284347034,-0.6892782758809852,-8.999826438063996,8
IPVS_PD_283812f2,1,M,1.0,70.0,,,,D2,5.46,-1.2799566328525542,0.5911720037460327,2.2355482242591123,27.08783659152685,1.923076923076923,0.5164760682288101,0.5099208738692736,-0.3265476953933467,-5.901766409408692,8,1.4806600560744603,25.397376269102093,2.0833333333333335,0.2593288684051664,0.2749753567617999,-0.0895991865556488,-1.3199404259101064,11,1.9992000407767503,27.402692735195156,3.125,0.5584363984131625,0.4177579700509032,-0.19001972078801121,0.14777768411286962,10,1.1608501196717407,15.822215974330884,3.333333333333333,0.4853830288654373,0.19786562548925324,0.06286534355862461,-0.06385189041828852,11
