measure,scale,n,rho,p,rho_adj_rate,p_adj_rate,q
UL_range,hy,16,-0.3338249176293646,0.20636816442460526,0.06774675977494031,0.8031358772919064,0.21596668370016828
UL_range,updrs3,16,-0.2570355393550764,0.3365415041472115,0.03829164682931409,0.8880338394958089,0.3365415041472115
UL_range,updrs2,16,-0.31470957539728384,0.2351525267109337,-0.0530192033021272,0.8453854450788838,0.2404969023180004
UL_speed,hy,16,-0.6417216863166426,0.00736796924038192,0.1411764705882353,0.6020026838819791,0.015070846173508474
UL_speed,updrs3,16,-0.43306593903461355,0.09381830330986644,0.4647058823529412,0.06974367557375584,0.10554559122359974
UL_speed,updrs2,16,-0.5440205725460586,0.02937099162071972,0.15294117647058825,0.5717446192454616,0.041302956966637105
LL_range,hy,16,-0.8134956730579663,0.00012653066983508879,-0.3294117647058824,0.21280142621621312,0.0019197086495167165
LL_range,updrs3,16,-0.6729657757660182,0.004276889078906505,-0.05294117647058824,0.8456104411493658,0.010692222697266263
LL_range,updrs2,16,-0.7243064599595779,0.0015079940674512186,-0.2411764705882353,0.36820660804263405,0.007545814462421131
LL_speed,hy,16,-0.6028294629035129,0.013445916122681999,0.31764705882352945,0.23057346362184541,0.022409860204469997
LL_speed,updrs3,16,-0.5218600344481854,0.038134198496831744,0.3,0.25893645256249886,0.04902968378164082
LL_speed,updrs2,16,-0.74328392179258,0.0009677631745244995,-0.09705882352941177,0.7206513082372035,0.006221334693371783
LI_range,hy,16,-0.7843265054981188,0.0003219623953148129,-0.3205882352941176,0.22604542220798243,0.003186750475422534
LI_range,updrs3,16,-0.7103527633085748,0.002044511500033012,-0.2088235294117647,0.43765851094980035,0.007545814462421131
LI_range,updrs2,16,-0.7037475429738258,0.0023475867216421298,-0.3029411764705882,0.25406688060961147,0.007545814462421131
LI_speed,hy,16,-0.6482037235521644,0.00661349793369727,0.12058823529411765,0.6564245147485952,0.014880370350818859
LI_speed,updrs3,16,-0.5171866610053659,0.04020997875788918,0.24705882352941175,0.35627504151257705,0.05026247344736148
LI_speed,updrs2,16,-0.7195620945013274,0.0016756884732410798,-0.23823529411764705,0.37425412972798844,0.007545814462421131
TT_range,hy,16,-0.6060704815212736,0.012824876092235782,-0.16176470588235295,0.5494831434036929,0.022196900928869626
TT_range,updrs3,16,-0.6947748518325095,0.002816582303367564,-0.3558823529411765,0.1761037380915931,0.00817092653331908
TT_range,updrs2,16,-0.706910453279326,0.002198219884350353,-0.4088235294117647,0.11588783814878352,0.007545814462421131
TT_speed,hy,16,-0.47967075542860166,0.06008095182112067,-0.07352941176470588,0.7866792491258565,0.0711484955776429
TT_speed,updrs3,16,-0.5358801547766442,0.03238978802270675,-0.3058823529411765,0.24925429892891857,0.04286883708887658
TT_speed,updrs2,16,-0.5076471040328046,0.04470957192933308,-0.22352941176470587,0.40529834728275893,0.05437650640054023
TB_range,hy,16,-0.5736602953436655,0.020156008642786653,-0.19999999999999998,0.45768790507519985,0.0312765651353586
TB_range,updrs3,16,-0.6075385475665442,0.012551075778022516,-0.24705882352941175,0.35627504151257705,0.022196900928869626
TB_range,updrs2,16,-0.6610482538495711,0.005300337486953484,-0.44117647058823534,0.08715363626051087,0.012553430890152989
TB_speed,hy,16,-0.544491127783818,0.02920330116169791,0.09999999999999999,0.7125163701282782,0.041302956966637105
TB_speed,updrs3,16,-0.6932170606849031,0.002905218322957895,-0.2588235294117647,0.3330723066336081,0.00817092653331908
TB_speed,updrs2,16,-0.7053289981265759,0.002271908702040538,-0.36176470588235293,0.16855882250388438,0.007545814462421131
TD_range,hy,16,-0.6255165932278386,0.009555488401583965,0.1411764705882353,0.6020026838819791,0.017916540752969935
TD_range,updrs3,16,-0.5389957370718572,0.03120781036101306,0.0411764705882353,0.8796536149318311,0.04255610503774508
TD_range,updrs2,16,-0.678444260529823,0.0038630501045428967,-0.22352941176470587,0.40529834728275893,0.010225720864966491
TD_speed,hy,16,-0.6287576118455994,0.009081467575584451,-0.09411764705882353,0.7288144270239805,0.017768088734839146
TD_speed,updrs3,16,-0.7181417190466074,0.001728741349915403,-0.22941176470588234,0.39272049088161975,0.007545814462421131
TD_speed,updrs2,16,-0.7511911975563309,0.0007955655943035313,-0.3558823529411765,0.1761037380915931,0.005966741957276485
LA_range,hy,16,-0.5801423325791871,0.018479141775473277,-0.0411764705882353,0.8796536149318311,0.02969862071058205
LA_range,updrs3,16,-0.395678951492057,0.12925720248223505,0.26176470588235295,0.3274104118125859,0.1384898598023947
LA_range,updrs2,16,-0.4412259876172975,0.0871140184607607,0.0,1.0,0.10051617514703157
LA_speed,hy,16,-0.5606962208726222,0.023860793490074025,0.3205882352941176,0.22604542220798243,0.035791190235111035
LA_speed,updrs3,16,-0.4003523249348766,0.12438781575904266,0.5147058823529412,0.04134580644224894,0.13652321241846144
LA_speed,updrs2,16,-0.6436522471693192,0.007136459530921575,-0.011764705882352941,0.9655081698956276,0.015070846173508474
TB_space,hy,16,-0.781085486880358,0.0003540833861580593,-0.37941176470588234,0.14722713386289268,0.003186750475422534
TB_space,updrs3,16,-0.8131669790506053,0.00012798057663444777,-0.5235294117647059,0.03741264813014936,0.0019197086495167165
TB_space,updrs2,16,-0.8698003340125936,1.197189782731175e-05,-0.6705882352941177,0.004467208697738123,0.0005387354022290288
