section,measure,n,icc
B IPVS reading,UL_range,40,0.8214276192331975
B IPVS reading,UL_speed,40,0.8791255749579922
B IPVS reading,LL_range,40,0.8551632113206687
B IPVS reading,LL_speed,40,0.8456014539474286
B IPVS reading,LI_range,40,0.9013909089678164
B IPVS reading,LI_speed,40,0.8176939948655316
B IPVS reading,TT_range,40,0.8979180917467344
B IPVS reading,TT_speed,40,0.9348689966633493
B IPVS reading,TB_range,40,0.8889282366544867
B IPVS reading,TB_speed,40,0.910499714808695
B IPVS reading,TD_range,40,0.8030720826699952
B IPVS reading,TD_speed,40,0.9075263859408408
B IPVS reading,LA_range,40,0.8468115669448427
B IPVS reading,LA_speed,40,0.876485225036236
B IPVS reading,TB_space,40,0.9429303607979195
