sid,label,sex,male,age,hy,updrs3,updrs2,cohort,take,speech_rate,UL_range,UL_speed,UL_mean_speed,LL_range,LL_speed,LL_mean_speed,LI_range,LI_speed,LI_mean_speed,TT_range,TT_speed,TT_mean_speed,TB_range,TB_speed,TB_mean_speed,TD_range,TD_speed,TD_mean_speed,LA_range,LA_speed,LA_mean_speed,TB_space
IPVS_EHC_49649a7c,0,F,0.0,62.0,,,,IPVS reading,B1,3.551609322974473,3.0905872344970704,42.13943549410077,17.090393152988664,3.2786281406879434,47.825270972121125,18.841657816058817,3.7129284799098974,48.44634973470255,19.296011238712513,3.7955634057521825,52.6799374823884,21.528082755201105,3.838083177804948,46.14083685923926,18.85851846171205,3.2277750849723814,44.82472206713885,18.744102371267218,5.3351208627223965,54.0029258467257,18.125382766707222,0.9874556533258247
IPVS_EHC_49649a7c,0,F,0.0,62.0,,,,IPVS reading,B2,4.6654871895681795,3.3505254149436947,45.34849679846185,18.05773738621459,3.5558224439620973,49.97333972702112,19.988965377528835,3.887281763553619,46.780396396072526,19.619139839129733,4.234451603889465,48.03054659860952,21.451649622360918,4.02954716682434,44.91627255503765,19.02108452196819,3.44865344762802,45.117433233211756,19.006175924909535,5.3993692100048065,58.12340485397725,19.807079815902732,1.1158871318498371
IPVS_EHC_7a274592,0,F,0.0,68.0,,,,IPVS reading,B1,3.849906857092167,3.627179163694381,46.4199197247391,19.350943240511143,3.283640760183334,52.30382843762075,21.3177674978971,3.637184709310531,47.6204485540589,21.07258426312165,4.0782552480697625,51.713367680140784,23.86253567746427,4.159979426860809,48.39001503504643,22.35549938753948,3.3460938513278955,49.516567988456956,22.80824961471549,5.453256210684776,61.72121024690551,22.048499465580644,1.0561990462178557
IPVS_EHC_7a274592,0,F,0.0,68.0,,,,IPVS reading,B2,3.4964388123207844,3.6706789672374724,45.54634084197655,19.135804274924823,3.2970232963562007,50.26146713408903,20.80556966651097,3.691736721992493,47.8056440345273,20.87657290683209,4.185841345787047,53.72498602320533,24.229893333956397,4.095586705207824,48.81459929456669,22.25205784372979,3.4526875853538512,49.62113120846416,22.63956156718277,5.427307653427124,60.817769356071885,21.241344727654507,1.006880992228544
IPVS_EHC_bde32635,0,F,0.0,63.0,,,,IPVS reading,B1,3.1028743900031026,3.3531267166137693,41.286120967573815,17.427843560549416,3.3545324802398677,47.66098816776876,19.321486746528034,3.7528437614440917,45.806630080826466,20.24771916494369,4.3276302814483625,52.861262759234684,24.01981237447885,4.289718985557555,50.00223534402619,21.50413331626118,3.689137077331542,50.176887023286056,21.44086074630822,5.3174649477005005,55.05275309085844,19.253227986081928,1.2739792989939909
IPVS_EHC_bde32635,0,F,0.0,63.0,,,,IPVS reading,B2,3.121307150952663,3.4435813784599296,42.92719410563424,17.62500351668638,3.3065335988998408,47.12560544307638,18.886536693290505,3.6671626687049863,44.56608664957799,19.696655529129927,4.244700336456297,52.43954097123058,24.629129083705898,4.257336324453352,51.2268915736666,22.187753843637083,3.7424738407135,52.42879099264461,21.987288128705966,5.265311492979526,57.31747910380362,19.427482742013503,1.307864345038177
IPVS_EHC_6f100ca8,0,F,0.0,61.0,,,,IPVS reading,B1,3.8069108071282916,3.3867492556571954,40.8014351653695,17.16400194953812,3.2208044588565823,47.428367778197504,19.08304471769133,3.9431057095527646,46.7271219856553,20.39075353548948,4.12422409057617,52.86903215340135,24.93545618548335,4.301679420471191,49.769928655618294,23.151229627686757,3.7165133416652676,50.7955266510737,22.773954673867955,5.167363132536411,54.54761337488888,18.806401711685137,1.3031398658146944
IPVS_EHC_6f100ca8,0,F,0.0,61.0,,,,IPVS reading,B2,4.3409408476944575,3.5396496176719667,43.06061208863583,18.319193972358754,3.1437803506851205,48.93167532009864,19.917483530817425,3.8881455063819885,47.53746372488005,20.851912406552447,4.145331835746766,52.959352085446454,25.64208485249096,4.26530921459198,52.522869323752936,24.031292481500216,3.6960526943206795,53.73748291415662,24.036777280069177,5.13260732293129,57.721463218331365,19.863433934162842,1.3118433089183477
IPVS_EHC_40e93a8c,0,M,1.0,77.0,,,,IPVS reading,B1,3.4072087704077605,3.5881688356399533,41.993408313097625,17.572568167821657,3.5290411710739127,48.28635211219412,19.201875390332273,3.9009482622146603,44.33553935293296,19.781953777439856,4.530613040924072,53.78521701853332,24.261146054516537,4.196301651000976,48.7339643940738,21.331320386579485,3.715283203125,49.856524276513916,21.110121461139546,5.6991248488426205,57.759807072579854,19.905728684508535,1.1829493566371208
IPVS_EHC_40e93a8c,0,M,1.0,77.0,,,,IPVS reading,B2,3.755564548765682,3.4711706638336173,42.170386783389624,17.51549131663577,3.4926590442657464,47.544286881417825,19.12530867274441,3.926497769355774,46.231853396205004,19.971764716726234,4.64334897994995,51.51004445496285,23.951481694115028,4.170694375038147,47.43900679445249,21.071332118193308,3.6446885347366296,47.796112191552716,20.809421185111262,5.575342357158661,60.15618965029715,19.681193325425983,1.1474314009981599
IPVS_EHC_6d20d216,0,F,0.0,69.0,,,,IPVS reading,B1,3.9518749451128476,3.577912986278534,48.31638406358637,19.874793051450663,3.4472873508930206,55.19004086327577,21.81868001556653,3.7690100967884064,46.07952609965632,20.61413200696313,3.742518424987793,46.81189690616954,22.7541547973938,3.970484972000122,43.487374818108414,20.484561072337776,3.745226800441742,44.34943276639545,20.706349837109524,5.5898579359054565,65.9710091073066,22.629876106965533,1.0393429074512777
IPVS_EHC_6d20d216,0,F,0.0,69.0,,,,IPVS reading,B2,4.732080723729993,3.6337108135223386,44.66446996522556,18.979595011371096,3.3369065046310418,52.1556688433199,21.507381351560948,3.5678867101669303,45.14912081765967,20.67769359157989,3.680450892448425,48.11027504079575,23.176894443458707,3.964575457572937,44.95955467376689,21.124811313754222,3.711473894119263,46.3926973897029,21.44459652648339,5.559033370018005,62.9130500555037,22.27679408572808,1.032959057768383
IPVS_EHC_997af7b3,0,F,0.0,65.0,,,,IPVS reading,B1,3.8078877675184306,3.4393242597579956,44.9259529789727,17.99873432502666,3.375420480966568,50.710154708600705,20.395346146226384,3.7309400141239166,46.90276542288178,20.517149059217004,3.8419981598854065,50.62260656471324,23.793597876468112,4.089499115943909,47.39332790565919,20.844248376343074,3.619966506958008,48.76292177109514,21.898717002963036,5.46297399699688,58.887833915650845,20.234683919388313,1.0641988834049694
IPVS_EHC_997af7b3,0,F,0.0,65.0,,,,IPVS reading,B2,4.278263944135066,3.398836612701416,44.812003302889345,18.521160010367527,3.4201887607574464,51.89422431213504,20.891078015283835,3.6688680768013,45.334765977890456,20.72430158641811,3.853062283992767,50.45165391317665,24.22317729647199,4.074904441833496,45.31898856742594,21.045109074896228,3.680573081970215,47.72589112847744,21.82558923490664,5.595622640848159,61.28629585262387,21.055887559204084,1.035375652153562
IPVS_EHC_639d115c,0,F,0.0,70.0,,,,IPVS reading,B1,1.7463347958887248,3.190980553627014,39.41852918692149,15.599771134848169,3.2091619968414307,42.850623593898774,16.792940520525864,3.944237470626831,45.92097230496533,19.10375862954234,4.22177517414093,51.96434524534644,21.79410790892085,4.563790559768677,48.535138292966046,20.550412692252984,3.8571133613586426,48.3588091415409,20.40223708928708,5.0079346895217896,48.981642723083496,16.124433753316307,1.3187880827529008
IPVS_EHC_639d115c,0,F,0.0,70.0,,,,IPVS reading,B2,2.398239410127154,3.3487298250198356,40.04637118352096,16.185683091447025,3.250146448612213,42.78435209761981,16.64778915642921,3.90134943127632,44.63319229058699,18.54756547139708,4.268319165706634,50.73047800821705,21.445953871118032,4.550902295112609,50.71991172642461,20.56929269314111,3.7622927010059346,49.52744926853702,20.51173581504646,5.239934980869291,51.330637857317896,16.52788058707647,1.3309039639395104
IPVS_EHC_4afb35f7,0,M,1.0,69.0,,,,IPVS reading,B1,3.411063315976153,3.524862599372864,42.049191762409976,17.459144393716127,3.7039862155914305,52.29587230717611,20.807064495657343,4.157373690605164,48.04109952719414,21.18857951095027,4.321158242225647,48.71927794563615,22.64340858642983,4.036291766166687,45.54309032612475,19.99662460255554,3.4499347925186155,45.141176311809986,19.76560010305373,5.943356442451476,63.76349385827779,21.74167067049084,1.0869590893950243
IPVS_EHC_4afb35f7,0,M,1.0,69.0,,,,IPVS reading,B2,3.655245983935743,3.4192031502723683,40.80953622384349,17.284314576821075,3.6943489909172054,50.3903879213274,20.347599457322627,4.182891476154326,46.670626157974546,21.205340489724087,4.44939991235733,49.85129575576422,23.22046977674461,4.294771552085875,46.6415790086411,20.216051054957436,3.7467867910861963,46.30760718771506,19.934972439399974,5.681954321637747,61.414203345775604,20.62481703812371,1.156225126797252
IPVS_EHC_b4f61509,0,F,0.0,72.0,,,,IPVS reading,B1,3.976495210496659,3.369203090667724,40.469966425908396,17.764885743047284,3.2267173528671265,47.152518523067414,19.343654838444618,3.660943078994751,45.156175318484486,20.04778812452531,4.147507309913635,48.264673251631685,23.054609704577675,4.222037959098815,44.938305793006315,20.578216642644843,3.5146817445755003,44.89697125472461,20.411195143726115,5.219368958473206,53.346360325813265,19.009908901054743,1.2395408229982015
IPVS_EHC_b4f61509,0,F,0.0,72.0,,,,IPVS reading,B2,3.8308578849119392,3.482688069343567,41.71603836467087,17.869589346803092,3.137385368347168,45.320160136748726,18.9124608881313,3.7403266429901123,43.47608158830357,19.662699339056516,4.142293334007263,48.35381439089184,22.89851472307942,4.338433742523193,45.215762878147885,20.527686516232023,3.5539010167121887,44.71566452828958,20.389114255166803,5.134229421615601,55.182586889714,18.904449933365793,1.2333186597146473
IPVS_EHC_25e7d520,0,F,0.0,60.0,,,,IPVS reading,B1,4.184914638203668,3.4518930971622463,46.07321696379045,18.75268621132534,3.642754852771759,51.73278072064958,21.11433996698378,4.16846556663513,47.0563035983328,21.184069752240067,4.20657844543457,50.83596044827488,24.49220665074779,4.237758028507232,49.60620190265441,22.010367597490077,3.7845166325569117,51.06349119228428,22.22846438397607,5.557741858065127,59.823244735598564,21.00345593269409,1.2551803734208336
IPVS_EHC_25e7d520,0,F,0.0,60.0,,,,IPVS reading,B2,4.294422709489583,3.6074230909347538,44.254969261793896,18.57066943721079,3.5966788053512575,52.48604597479092,21.05852129872444,3.920504927635193,47.155794141078694,21.019401503000097,4.051949763298035,50.502544501323904,24.536411949482293,4.18121418952942,46.90018044534317,22.10837065377069,3.7838789939880373,49.602722190586974,22.041901065427524,5.608632612228394,59.719480276107845,20.942388625632933,1.2386397415134527
IPVS_EHC_e7aed759,0,M,1.0,60.0,,,,IPVS reading,B1,3.2786578306560745,3.5839538872241974,40.96885392085031,17.44045964067113,3.3923202753067008,46.48043896004964,19.027756366221734,3.6747585356235484,43.13180072506927,19.14635451401073,4.233175277709958,49.772600724725,22.138027190656768,4.326017594337462,45.48374737657926,20.154895037862737,3.855742985010147,46.3862960154341,20.746108517254257,5.51982897222042,59.022315070033024,19.526317007772946,1.1009574330051364
IPVS_EHC_e7aed759,0,M,1.0,60.0,,,,IPVS reading,B2,3.732068576760098,3.7638526558876046,43.013828417061106,18.088365425302253,3.2713582634925844,48.70389430930545,19.697381441867115,3.6258816123008737,44.936673872259426,19.449576879961096,4.29199287891388,49.50158568375039,22.440243628798154,4.316731262207032,45.05935267429513,20.170050635914098,3.731767106056214,47.18237211807215,20.663924722253903,5.613597160577774,59.79005508124829,20.194618335133235,1.0621200175749455
IPVS_EHC_ac9bbb18,0,M,1.0,76.0,,,,IPVS reading,B1,3.6092117321071266,3.6966537415981295,46.77202465581375,19.347177028331178,3.419329124689102,50.150089923814456,21.060071863051558,3.890123796463013,47.30751224208974,20.339483330252577,4.299764502048492,49.92221268411965,23.188529223232912,4.103115290403366,45.64773606016257,20.798595068221516,3.71361146569252,45.629717854418395,20.29780119119381,5.728892666101455,62.25447376258671,21.88359681782978,1.2202973545306421
IPVS_EHC_ac9bbb18,0,M,1.0,76.0,,,,IPVS reading,B2,3.8105912020173722,3.5130501627922044,44.68185068066452,19.375890916164856,3.3252934336662285,49.44526047521389,20.856479642872074,3.7341747879981986,46.74120847241452,20.505742494595697,4.42594494819641,52.58337494949822,23.888623503386288,4.027199399471282,47.805043160540386,21.631153375166207,3.6191757082939144,48.21857838352064,21.225264722931286,5.544191968441009,57.35472479835152,21.524809990661783,1.2110151669145037
IPVS_EHC_99f6ef3d,0,F,0.0,61.0,,,,IPVS reading,B1,4.242992246741075,3.628792703151703,47.861017674463156,19.266181351160935,3.5275435984134664,53.68520458265284,21.39605763394953,3.893898981809615,46.68609210806205,21.20678823410119,4.122058749198914,52.21711836622485,25.267591832308824,4.248634612560272,49.13095075040506,22.18549800004401,3.7900042176246638,49.783276487447615,22.065644289128716,5.907711273431778,65.21354619413597,21.9428561555537,1.239660540281539
IPVS_EHC_99f6ef3d,0,F,0.0,61.0,,,,IPVS reading,B2,4.595124684785654,3.5582081079483032,50.61525818962427,20.404653575672288,3.6845063328742973,56.439531243211185,22.701453595695675,3.969058406352997,50.01535504430642,22.23703471468021,4.173321533203125,53.621397678948,26.03410981838078,4.259865403175354,51.65625071060546,23.15262719574138,3.723406422138214,51.655979193153065,23.109545091087604,5.869960787892341,69.60572434589255,23.99784269096435,1.279724667590912
IPVS_EHC_de4ff365,0,M,1.0,68.0,,,,IPVS reading,B1,3.3784351626187075,3.5111035943031306,43.59933671786176,17.9373560284447,3.489440488815307,49.51693793972121,19.36032535814558,3.699447751045227,45.90015985129057,19.27003386493731,4.35792372226715,52.32304651617657,24.505458759439232,4.352213525772095,47.8821942536368,22.17442410676137,3.81616136431694,49.921483694937216,22.295226443816905,5.48905185908079,60.610776199027896,21.007958606254412,1.2147096379138318
IPVS_EHC_de4ff365,0,M,1.0,68.0,,,,IPVS reading,B2,3.7969015850273125,3.7405022859573354,44.543377141451906,18.565364588411974,3.3087422490119933,49.4898042892025,20.02672322526018,3.838405191898345,46.90818729785088,20.20490927764516,4.538526380062098,53.96972241479864,25.385990136237123,4.29726642370224,48.079421698509925,22.533883626703446,3.7837306797504424,48.686513415086374,22.51719071146451,5.542795391008258,61.50506847538049,21.345650251357924,1.2224285359727372
IPVS_EHC_c3e98ecb,0,M,1.0,75.0,,,,IPVS reading,B1,3.800100380010038,3.389388293027878,41.876765814444404,17.933406255535672,3.603354662656784,49.81548799776702,20.33847360201807,4.023320972919464,45.537785103531974,20.315214087286687,3.9912832379341125,51.8223331829434,23.244156878701478,4.13932403922081,45.176833262003946,20.32948656186888,3.6746878027915955,44.96371774134924,20.108501272141435,5.582161962985992,57.72960428148508,20.141267055506205,1.1270823460731552
IPVS_EHC_c3e98ecb,0,M,1.0,75.0,,,,IPVS reading,B2,3.7568044161619256,3.482785010337829,42.42053663468232,18.08266485417831,3.5274768650531763,52.94111683799444,20.64844184519477,4.154202723503113,49.094867687806406,21.094260194707257,4.090255165100095,51.58724083815875,23.88632698014797,4.229007577896118,46.61140454240949,21.073750399001412,3.8957077682018264,46.892403300075244,20.929899046813414,5.709813901782035,61.393927456811035,20.849921389239363,1.1648132274329437
IPVS_EHC_1390377d,0,M,1.0,68.0,,,,IPVS reading,B1,3.212373463381751,3.521570748090744,42.57132775672793,17.418164719636753,3.199047100543975,46.13942481574269,18.539036532354984,3.448276662826538,39.872769393415616,18.246627966834996,4.094126778841018,45.38719393059993,20.88385000785855,3.8935394465923303,42.653413433558775,18.751780400187723,3.677569013834,44.64246555558121,19.464417862241,5.327083101868629,55.96467386931181,19.294992214226152,1.1443801474764284
IPVS_EHC_1390377d,0,M,1.0,68.0,,,,IPVS reading,B2,3.45407846957754,3.5526983618736265,41.391427767894314,16.98105745861101,3.30210039615631,47.84472263790247,19.220573172629564,3.5768315792083736,42.02495866583921,18.701052839680905,3.8508183717727658,47.52220726875661,21.80028968193314,3.8000700831413265,41.98842915099539,18.52517210427401,3.530352795124049,42.52853812634506,18.908168129244274,5.51794894337654,55.632262118160675,19.553052004304075,1.088477966459646
IPVS_EHC_9a2a24e8,0,F,0.0,69.0,,,,IPVS reading,B1,3.756250035933514,3.241446322202682,44.421959711335965,17.965292752934104,3.396980369091034,50.43098530027095,19.632254624511166,3.928467953205109,45.08764623664519,19.218938586118366,4.286965167522431,51.65896228937336,23.8815139707954,4.587816619873047,50.45824245095311,22.258763014820108,4.045151710510254,50.07483898726602,21.95386471681115,5.395059913396835,60.023426190018704,19.776735952965996,1.3655748738494458
IPVS_EHC_9a2a24e8,0,F,0.0,69.0,,,,IPVS reading,B2,4.126972583812087,3.2403458297252654,44.95932355663593,18.615277187318103,3.2566673040390013,48.84776865172684,20.19493956923496,3.802443248033523,41.4967654378587,19.201766909636298,4.322903716564178,53.53456411545287,24.72885233925884,4.406564486026763,51.46694001795936,22.72018255750635,3.9883319020271295,52.197878976588946,22.542637626752043,5.415875424444675,59.88146793097255,20.955912333101967,1.283152820574316
IPVS_EHC_7ffb735c,0,F,0.0,63.0,,,,IPVS reading,B1,3.130937494925218,3.2395764470100383,40.040775320602535,17.496074622291825,3.1927392125129694,48.11578378270782,19.274394483097645,3.545340752601623,44.17234314393756,19.755808223940104,3.657934749126431,47.03284035350467,22.13759519958331,3.854892361164093,44.67473702355875,20.111119476342502,3.452959167957305,45.3936947111222,20.161294452847255,5.085267406702041,55.1447055488824,18.687188512228097,1.146239365217068
IPVS_EHC_7ffb735c,0,F,0.0,63.0,,,,IPVS reading,B2,3.6810952453515715,3.296676456928253,42.784990867849565,18.161954103435217,3.2470048666000366,47.97033365931691,19.400643979981275,3.4417751133441925,42.94224409258253,19.320921135655382,3.7172307670116425,46.03061822779583,22.388473017730874,3.927794009447098,42.78036879139028,20.089128021232582,3.5400441586971283,44.01676230246933,20.147191691510173,5.15692163258791,56.324512138962746,19.495561118164662,1.190209418503738
IPVS_EHC_71d347fe,0,M,1.0,62.0,,,,IPVS reading,B1,2.991128010139417,3.634906208515167,42.831339867014975,18.517651355989507,3.288002568483352,47.19598652495364,18.954774528212422,3.744919937849044,44.09477078627167,18.910300045784318,3.9758804678916926,47.02068998277462,21.051274491121475,4.111078679561613,46.02202602346759,19.47633341662265,3.5095954060554497,45.99769947527232,19.68296565663047,5.52710955440998,56.8654795736074,20.142187827911513,1.001158274258611
IPVS_EHC_71d347fe,0,M,1.0,62.0,,,,IPVS reading,B2,3.277144740559375,3.527040481567383,43.55591615739721,18.77486411722686,3.2309646606445312,46.99148703816656,19.468885868751855,3.6889537572860718,44.02645173439001,18.937626811893526,3.946229338645935,44.94961703995154,20.586130318408674,4.2006977796554565,45.359588569010974,19.199204996058523,3.6204845905303955,44.7566838195802,19.52342556748714,5.433391354978085,59.89200100302696,20.582327082565232,1.0599002745786
IPVS_EHC_71d347fe,0,M,1.0,62.0,,,,IPVS reading,B1,2.706549634454053,3.297042661905288,39.90235630796352,16.43960224527323,3.539979398250578,46.78303526463758,18.665812529466553,3.921492886543273,44.41792279464316,18.45333418388615,4.1112846374511705,45.33518349046387,20.275098891124994,4.299335694313049,43.044018793033786,18.825746991714883,3.8514990806579585,42.802918069901374,18.99968363183274,5.483643271028995,53.33324301056559,18.702400780130862,1.1757293184838176
IPVS_EHC_71d347fe,0,M,1.0,62.0,,,,IPVS reading,B2,3.314996070586554,3.4471342086791994,41.49528241769273,17.095747368630814,3.642106360197067,50.97168465023452,19.82330219141103,3.9611777424812313,46.206142014349965,19.54196801127402,4.236745035648346,46.0202463647694,21.633943512047264,4.177657651901245,43.416997551058536,19.516384982872847,3.692752546072006,43.419537677425105,19.50034146543301,5.627369362115859,58.2916900888085,20.29999941982264,1.1918603936570156
IPVS_PD_25bcde8e,1,M,1.0,49.0,,,,IPVS reading,B1,3.1499284107179384,3.4736715316772457,47.93650739337535,18.452877883735894,3.5517722189426415,53.56849176487025,21.247222633668883,3.8696617603302,47.86510512358184,20.823828570776975,4.354014945030212,56.003601675767776,25.797692301893978,4.436313331127165,53.26757889897582,23.14139874955891,3.7223584592342376,53.880710695390654,22.720997173323425,5.4066484734416,65.76113661751143,22.09198270476337,1.342969486118776
IPVS_PD_25bcde8e,1,M,1.0,49.0,,,,IPVS reading,B2,3.6465384962541743,3.5472414731979365,48.458053291895446,18.915556194498432,3.508343505859375,54.50238189437675,21.26214150901144,3.7667075634002685,47.137471644330496,20.824216304864944,4.393932628631591,57.0569615611533,26.657639031909135,4.313125562667847,55.30230067370153,24.193116809341785,3.716655302047729,54.76213201519859,23.72989696554212,5.336765402555466,68.68422299623488,22.48878679296322,1.3913497379661757
IPVS_PD_215587d2,1,F,0.0,62.0,,,,IPVS reading,B1,3.531584780199483,2.9786252439022056,34.108460130946334,15.298252914866675,3.213218462467194,41.259192045850824,17.00964584795086,3.676327937841415,41.13486422499275,18.527743087348547,3.8941351830959294,42.73723046829291,20.430919921176567,4.1034898400306705,38.34122233089406,17.46677291611727,3.495601487159729,38.11953034389317,17.626047873385797,5.05544109493494,44.54531633295118,16.346191635497455,1.0097607888189468
IPVS_PD_215587d2,1,F,0.0,62.0,,,,IPVS reading,B2,3.83027321444259,3.1860783338546748,37.456826457304444,16.274008324770058,3.1325192928314207,39.349190129299,17.515183153589575,3.656409287452697,39.808445786512706,18.29546173607795,4.020036077499389,42.463551863301255,20.569065396919346,4.072379374504089,38.343424649166664,17.64115414381484,3.5156054496765137,38.70517871387591,17.83442011136654,5.158874118328095,46.056180009618394,17.51550644181511,1.036772252453223
IPVS_PD_e50b4a59,1,F,0.0,60.0,,,,IPVS reading,B1,3.7318210921064665,3.763679575920105,50.89818041639084,19.891254979275107,3.5736253201961516,53.77917579149372,20.98125022840788,3.883184552192688,46.93797864722363,20.32333160654406,4.28920316696167,55.68118205067345,25.678890912493596,4.382811212539673,52.61931283244736,23.669652429299624,3.7505008697509767,51.36451624206448,23.367792864715007,5.867048813402652,71.57656095921992,23.143476836351695,1.4970568375522733
IPVS_PD_e50b4a59,1,F,0.0,60.0,,,,IPVS reading,B2,3.616459779102727,3.8578389644622804,50.34800630025267,19.805568293499686,3.7240839242935175,54.61557528066438,20.94287480790505,3.94556536674499,45.223259973863435,20.492270260193646,4.343013930320739,55.89364387155507,25.958881453239332,4.464902400970459,52.784131681787265,23.62688770961043,3.8328414440155023,52.22582392292641,23.39933333141925,5.831422001123427,68.82769282907242,22.9962398172449,1.5067766503187618
IPVS_PD_55bc13c6,1,F,0.0,39.0,,,,IPVS reading,B1,3.51340206185567,3.688073444366455,45.624150266622564,18.33882430745149,3.640466547012326,47.045612682737435,19.099398891847322,3.8069762706756585,42.98518177913684,19.079352365327594,4.073779368400572,54.10367348038898,24.84632585557527,4.08186638355255,50.82015198000029,22.13748292246207,3.5471382617950438,51.05347321081771,22.1939789929421,5.998799610137938,61.27589628100382,20.70688190163127,1.3049308785437055
IPVS_PD_55bc13c6,1,F,0.0,39.0,,,,IPVS reading,B2,4.107091449956818,3.7776109218597402,49.19813625942554,19.65081675041619,3.772442680597304,52.17288885107759,20.63745459875902,3.983761352300643,45.0725443224184,20.016560820109163,4.1403617978096,55.222077359710994,25.609058277081644,4.0966174483299245,50.33219731223509,22.53703857390385,3.4808594346046444,51.1902260520351,22.723288222845735,6.0541107311844815,64.85406124964352,22.600407098089775,1.2547625268217044
IPVS_PD_b85147c7,1,M,1.0,67.0,,,,IPVS reading,B1,2.1735319894829095,3.408856225013732,37.0474890121364,15.191957956727974,3.178814148902891,40.51874097158168,16.566361432864355,3.52318878173828,39.255886150176536,16.98441005427135,3.902007961273192,44.664030834365825,19.395892816597943,4.058542037010191,42.82568534730778,18.06948844572498,3.5645887613296505,42.55124510495475,18.1596746254213,5.2297736465930935,49.21716228127479,16.886670465418256,1.184563481371873
IPVS_PD_b85147c7,1,M,1.0,67.0,,,,IPVS reading,B2,2.5326229634777238,3.4417887628078456,39.6804377585732,15.925418121923311,3.0329889118671414,44.443208935636676,17.638549746006447,3.4522216558456416,40.6053151305149,18.015137362253178,3.9188376188278182,43.08983296041656,19.76173163446388,4.038189494609831,41.322677084809044,18.476062840832984,3.451417458057403,42.32189681775483,18.491568317903,5.272412446141242,53.373410366475575,18.287950778938075,1.1585613754498683
IPVS_PD_a0fceda0,1,F,0.0,71.0,,,,IPVS reading,B1,3.5363103292737934,3.4672589004039764,50.29153764936328,19.54714582766083,3.243443948030471,53.152758529479875,21.271832484772254,3.6211350023746487,47.313279076643155,20.625170896483024,3.900875562429426,53.89843844669594,24.80420318960831,4.167281210422515,50.03040434624952,22.43046807972726,3.5575553715229034,52.151072125406785,22.177388401031006,5.483470053970813,69.86142575740814,22.382976289563043,1.0589465192019005
IPVS_PD_a0fceda0,1,F,0.0,71.0,,,,IPVS reading,B2,3.8769656809415487,3.410129630565643,49.85477114775537,19.92485703623257,3.237880164384842,56.20103498918095,21.97888117360306,3.3557569801807388,48.26756478265006,20.632062993203107,3.770186674594878,53.52674905457612,25.045001835152586,4.136511301994323,54.04272909867152,22.901193858503213,3.602642667293548,53.75543603068823,23.212555352856448,5.30298370718956,72.64306891709562,23.673417907284342,1.1040136307514963
IPVS_PD_69229acc,1,M,1.0,71.0,,,,IPVS reading,B1,4.070912672357189,3.629140073060989,48.175764238016974,19.628600731209445,3.4151072859764087,53.313286844435325,21.096099275075076,3.4931716382503506,43.56148490043439,19.20903568956073,4.13639610409736,51.89231255421329,24.1495579508685,4.058693718910217,47.540302486503805,21.629363756101082,3.6059967517852742,48.12381620083521,22.095766992563508,5.631762778759001,70.88645450072363,24.02654046873086,1.1840828184665095
IPVS_PD_69229acc,1,M,1.0,71.0,,,,IPVS reading,B2,4.298086175558645,3.5082905292510986,46.99037114687928,19.209121176250346,3.27069079875946,49.4077831865744,21.10222878913723,3.4242854356765746,43.36287212740407,19.916635326621773,4.246144795417785,54.04621273124254,24.82143366334185,4.021449708938599,48.65618821737778,22.375577867096794,3.6512796640396115,50.96797311245254,22.993560509125746,5.468303316831588,67.90594220161438,23.240592267955243,1.1937822253366444
IPVS_PD_5fcdd5c0,1,M,1.0,72.0,,,,IPVS reading,B1,2.774915859605742,3.6733926296234127,46.234086525971975,18.42874574818029,3.147319149971008,50.53115732346461,20.053772659605556,3.479125356674194,47.66798344180583,20.412210493462094,4.0245017290115355,48.90361371954415,22.435149434915846,4.322490119934082,49.23168334981321,21.17516850379256,3.765754413604736,49.90842349290808,21.319782294074763,5.611914777755738,63.477436453104005,21.15310957227998,1.1599026214143227
IPVS_PD_5fcdd5c0,1,M,1.0,72.0,,,,IPVS reading,B2,3.0651902911197477,3.768973469734192,45.72976989910818,19.12129639758592,3.213478279113768,53.49926821814073,21.282582074245536,3.564492130279541,49.20253858395399,21.132497399357334,4.127282977104186,52.772815176474126,23.915920346956128,4.233673524856568,50.766838203054554,21.758448972675794,3.7555841445922846,50.10269043597366,21.93616559904564,5.6248479843139645,63.501908779144244,22.486206140782897,1.1595582406541125
IPVS_PD_5e7a0360,1,M,1.0,75.0,,,,IPVS reading,B1,3.250253926087976,3.448807328939438,40.25677725588391,16.21938839931533,2.9926290810108185,42.43245612527299,17.106133419130494,3.3546271324157715,38.892745977728865,16.57720329682334,3.492620050907135,45.146602127853924,20.806850626872222,4.0139597952365875,43.65765650994039,20.073532634148158,3.502232611179352,44.58520028894608,20.184031517799784,5.117453783750534,57.92547715827823,19.60223848414858,1.0629158023714
IPVS_PD_5e7a0360,1,M,1.0,75.0,,,,IPVS reading,B2,3.5997611532884073,3.451716387271881,41.33392283637698,16.8136880609118,3.0655891358852383,44.72836988336498,18.74542403101596,3.368274277448654,40.76560337657753,17.68155672816306,3.510654336214065,44.533244675867444,20.610537356392747,4.051719087362289,45.01405046134033,19.804093027655412,3.600461703538895,44.41201831329554,19.832082446392253,5.4160231947898865,62.79994532465935,21.569969237062605,1.0490504729764738
IPVS_PD_b85147c7,1,M,1.0,67.0,,,,IPVS reading,B1,2.012303800379463,3.3592880964279175,38.193895866571,15.427995482300501,3.182255297899246,41.79800293719319,16.826253180330244,3.701532632112503,40.505599634971674,17.53401619091796,4.0569546818733215,45.138501651049296,19.440895917728295,4.324880480766296,43.24331069460631,17.919839485964502,3.690474957227707,43.727420228156426,18.204863819019472,5.137464344501495,53.657494112849236,18.07149013206336,1.2085921450079602
IPVS_PD_b85147c7,1,M,1.0,67.0,,,,IPVS reading,B2,2.4649251995969306,3.5283527612686156,40.30475048659137,16.443995995847793,3.341554236412047,46.497702564201546,18.610396575583053,3.7286520242691035,43.40151395887565,19.005105044643763,4.186884069442747,46.0484398183674,20.825855652266277,4.046637225151062,44.571587482428946,19.00056345240752,3.516747546195984,45.54161057829182,18.925333972734137,5.482324314117431,59.2179964855313,19.554771391560802,1.175751559194771
IPVS_PD_283812f2,1,M,1.0,70.0,,,,IPVS reading,B1,3.387713683553196,3.3997045516967774,42.50728057901734,16.944217242498617,3.0335497379302976,47.58225580759665,19.09874649137715,3.1643883109092705,42.917213107995785,18.782242450706484,3.6926655709743494,49.218585418870106,22.20542369384339,3.9697664976119986,44.90747776989898,19.666870027830946,3.4828429877758023,47.762481840459,20.212622946098058,5.204875764250755,63.23973865248259,20.59131554449401,0.9497844242079497
IPVS_PD_283812f2,1,M,1.0,70.0,,,,IPVS reading,B2,3.7576757400788194,3.2416599154472343,45.009904310655074,17.88416509878319,2.9661179184913626,48.36604959062084,19.142620575756474,3.19199253320694,41.52406662516104,18.420550679687878,3.623864269256592,46.267126755358,21.603305568392276,3.8152756214141847,41.84686451167077,19.539149086202222,3.347700810432434,45.408060670077425,20.04950337527638,5.1491011619567875,62.82048808410762,21.395359421125413,0.9731943708530599
IPVS_PD_37ac75bd,1,F,0.0,54.0,,,,IPVS reading,B1,1.461899250776634,2.9051529467105865,34.51051079130415,14.122402562635314,3.665585696697235,41.46603538410129,15.907595314237033,3.933268427848816,40.584834092937975,16.417839144966546,3.668380707502365,39.19260261272433,16.722653628900915,3.858976364135742,36.59289719213223,15.131219899862892,3.325107842683792,37.60528553267493,15.672947425882027,5.58152911067009,45.36488517187536,15.929819051335413,0.9023484061306003
IPVS_PD_37ac75bd,1,F,0.0,54.0,,,,IPVS reading,B2,1.5966586481270981,2.8120327651500703,33.99564585741036,14.30392368112157,3.7539287984371184,43.97439355515864,16.322160578015342,4.061495941877365,42.93942091147047,16.791262032814583,3.675525939464569,39.98486847195977,17.346802103942128,3.841023260354997,36.93150684129519,15.723439095417216,3.318253195285797,38.30478917988704,15.99312461576656,5.409050750732423,48.24200757779182,16.36236939247626,0.8944459112028709
IPVS_PD_7f660571,1,F,0.0,80.0,,,,IPVS reading,B1,1.5696305554748133,3.2962084054946903,34.43308823470955,14.326587799724452,3.5630722045898438,40.04904933289952,15.114366228785302,3.983891034126282,40.509253041487646,16.009719361499176,4.111478066444397,43.98066545662294,17.868104167175836,4.293019104003906,38.51794456689877,16.228994307929984,3.5128721714019777,39.476609348621665,16.107961555330768,5.583028703927995,44.08816721290351,15.409782685405126,1.1399778089446726
IPVS_PD_d0de0fb0,1,M,1.0,73.0,,,,IPVS reading,B1,2.84743802847438,3.531927835941315,45.9388748012302,18.134391660874492,3.5388484656810766,52.64957106333095,20.411512137703653,3.977217352390289,46.64012317613869,19.90798180881258,4.219833314418793,51.33265725778264,23.082136985512467,4.251967680454254,48.35125599967033,20.19869308541089,3.654302889108658,48.19752912449032,20.29664142071868,5.7006754010915754,67.30214369483295,22.030769077431998,1.1457684461728967
IPVS_PD_d0de0fb0,1,M,1.0,73.0,,,,IPVS reading,B2,2.934658005349637,3.6076864838600162,47.85511023060964,18.90561333699056,3.486589646339417,53.759320565753505,20.995585407979416,3.9207181811332705,46.92175104262898,20.063406609923256,4.300266528129579,51.11340416432783,23.572485583349458,4.169027245044709,46.3950212858261,20.595772168049038,3.5954447805881506,47.065994191779374,20.750241056565656,5.663252052664758,69.44311423227192,22.820916253015177,1.1466462487001012
IPVS_PD_a326f905,1,M,1.0,70.0,,,,IPVS reading,B1,3.0846431997638555,3.623821640014648,45.179253017250964,18.288523527501386,3.653321599960327,51.028907043104354,20.078308425268904,4.104421257972716,48.2161654196079,20.18350924904506,4.727997207641601,53.01176441853561,23.826411368141994,4.456988191604614,45.5362125436074,20.475950372208903,3.6361195087432856,46.22923048072264,20.693560794181987,5.952551198005676,66.7432469129562,21.77759176341722,1.216464303595762
IPVS_PD_a326f905,1,M,1.0,70.0,,,,IPVS reading,B2,3.2151756289687325,3.7459194660186768,46.016255229013495,18.68216055448673,3.467520236968994,49.63102433899327,20.424789947254865,3.935327887535095,48.61792446823286,20.589585064858277,4.688253402709961,54.50029649874122,24.69186251933302,4.401541829109192,47.32051939582813,21.524477403975755,3.553115963935852,48.08446261010719,21.460170499761492,5.741255164146423,67.58633553981781,22.563735053032048,1.1895740371776904
IPVS_PD_c41cf2aa,1,F,0.0,67.0,,,,IPVS reading,B1,2.3393237892171794,3.5343164801597595,42.07171451502505,16.597377809494127,3.332319736480713,44.1776988557794,17.31881491644475,3.664760947227478,42.86343162320166,17.46481443968883,3.671584576368332,48.760687121462325,21.866462359268464,4.17082616686821,47.51726617875774,20.659684903558063,3.7361629009246826,47.992615252061306,20.96424345561862,5.480247559025884,55.074446089565754,18.413381541349786,1.259076170297655
IPVS_PD_c41cf2aa,1,F,0.0,67.0,,,,IPVS reading,B2,2.648312028843002,3.525381088256836,44.824066192672404,17.57053839758072,3.4364140033721924,45.80380692998322,18.209954594372753,3.525524854660034,43.727712343159396,17.889539730923904,3.731359601020813,49.820518266852254,21.753406724245114,4.172364592552185,47.495312921809315,20.700428154148227,3.6798548698425293,48.78784396174203,21.042042965350646,5.5933064222335815,59.178646793588996,19.764433208844853,1.2078183056709864
IPVS_PD_8f283065,1,F,0.0,54.0,,,,IPVS reading,B1,4.303378444163178,3.7989210188388824,45.39423937879096,18.908760863953997,3.0885106980800625,44.03600074666691,18.50269411160595,3.308460175991058,41.41305686067093,18.20066705201957,3.8093510866165152,50.14500402229527,24.311589136283484,4.015257304906845,51.06730452927271,23.064919794749276,3.720403158664702,51.96432745620466,23.784361063663184,5.586002051830292,60.52785265026613,21.359719643452554,1.1921225065804262
IPVS_PD_74add44e,1,F,0.0,78.0,,,,IPVS reading,B1,1.9049288573348526,3.3726359367370597,39.13726260347312,15.703023430362903,3.162496101856231,40.159125683654146,16.1982863864238,3.4322751879692075,38.73685328959885,16.57329130993439,3.75094621181488,41.611233619610935,17.692634366036142,4.063485884666442,38.549023510212535,16.077882849914502,3.418863320350647,38.60034577241255,15.957437550854545,5.336199668049808,48.74583348631851,16.40672707024646,0.9689405538636372
IPVS_PD_fdc0ff6e,1,M,1.0,72.0,,,,IPVS reading,B1,2.058762242133778,3.2393937528133394,41.548049401830895,16.314732734544826,3.3465464174747463,44.86187823203643,17.274876725714986,3.265807348489761,42.24387053818561,16.84677065781923,3.6994093000888815,43.033939215164324,18.091771936616293,4.020671051740646,39.99731889632847,17.172799569396503,3.504870891571044,40.687932722948176,17.203877977970745,5.246086876094342,57.28616905398663,18.627020053591373,0.9896071604150253
IPVS_PD_fdc0ff6e,1,M,1.0,72.0,,,,IPVS reading,B2,2.257984649665759,3.334598463773727,41.252020010352226,16.749911827267947,3.1990201115608214,43.05722436566346,17.659226280491712,3.2384293913841242,41.90815039972412,17.343323877017525,3.9998046576976773,44.11816416903702,19.653254954814887,4.113881033658981,43.74753644236976,18.745654439047986,3.304360646009445,44.29750759993081,18.445638284008858,5.244034203886986,56.54875624924896,19.117373464452825,1.0581017209160402
IPVS_PD_0bc86f51,1,M,1.0,65.0,,,,IPVS reading,B1,1.3214961432105952,3.2005193710327147,39.28368664441201,15.95744248108018,3.4358614444732662,44.88034253604747,16.849555764753998,3.1788877487182616,38.506694949775834,15.445381984605296,3.301023995876312,40.63374108933962,17.335822346681624,3.747081887722015,40.5261867491957,16.56291950506323,3.1585125327110286,40.69040150861454,16.646765960891916,5.652421236038208,58.92158664762974,18.31958909089324,0.9394407819268255
IPVS_PD_b3bfc7ef,1,M,1.0,65.0,,,,IPVS reading,B1,0.9769826113177204,2.7731892585754387,35.527087285172236,14.687838056746765,3.150698661804199,41.61235230795857,15.468082453286144,3.4470780611038205,40.290337906774305,15.511640170063945,3.461749029159545,45.08667369994778,17.648967034184555,3.8030932664871218,39.433122093998165,16.31455367271986,3.136714363098144,41.6205153676668,16.256973227072812,4.92436491549015,47.19751611351965,16.502317470452972,0.9084360343022115
IPVS_PD_9bba66a1,1,M,1.0,70.0,,,,IPVS reading,B1,2.0320771469996517,3.580832695960998,42.19518434102811,16.39924718670465,3.2432409048080437,44.873114599062816,17.448129441144996,3.511067461967468,41.59054771354651,16.99531593689422,3.877236294746398,45.54402824922448,19.826134202060864,4.138392472267149,40.92710147336881,16.872141957670614,3.3397986650466915,41.711311502504415,16.987763463159435,5.766491043567655,58.39452143758534,19.063006162895423,0.9795181386374733
IPVS_PD_9bba66a1,1,M,1.0,70.0,,,,IPVS reading,B2,2.192802875210409,3.6213718354701987,40.876322924654836,16.393714353781657,3.197738409042357,44.01312919304421,17.42400325135061,3.5326712965965266,40.3942330713092,16.97645139012425,3.9390081524848934,45.52080665196786,20.226963001990022,4.183591204881667,40.42318385852418,17.360305167878614,3.527334201335907,41.27668863762929,17.4678643398235,5.627681437134742,56.16825958713884,18.61029737714415,0.9967877486922597
IPVS_PD_babad183,1,M,1.0,70.0,,,,IPVS reading,B1,2.836629209518937,3.611587405204774,44.1208275978506,17.46659453571726,3.2098772644996645,48.097419825015564,18.761064720852094,3.374157047271728,41.36304124768089,18.062741487136872,3.8392445921897886,50.567711010544,22.482126898194398,3.9971493840217596,45.769853313212565,20.143741582064973,3.4208633542060856,47.16911276508245,19.923868663014517,5.399261358380318,61.20982673019171,20.515831731065912,1.1866168822866139
IPVS_PD_babad183,1,M,1.0,70.0,,,,IPVS reading,B2,3.0039896737854965,3.5368564128875732,43.95442191967592,17.486507490488965,3.1139179706573454,46.03745145687341,18.83001219555598,3.3777493000030514,41.66686112745089,18.145949435793998,3.9085312366485585,52.07652021703952,22.817449160051247,4.104944491386413,47.1844603707812,20.692526504306116,3.5219400882720926,47.225538097669585,20.770420570468154,5.250810652971266,59.40920561552044,20.10304546045024,1.2574304345440948
IPVS_PD_e32f1f63,1,M,1.0,64.0,,,,IPVS reading,B1,3.6083890466159905,3.763927173614502,44.668526115368245,17.779145804445317,3.3923707008361816,49.58102927105122,19.919825916823154,3.7590062379837037,46.16158448157744,19.793414484467185,4.28230037689209,50.58404316703923,23.263181288878954,4.336986875534057,45.54229586436389,20.4274309007515,3.704750347137451,46.74048153607442,20.39792770101,5.514002789556979,63.325992934405775,20.980990707297014,1.1802951857637856
IPVS_PD_e32f1f63,1,M,1.0,64.0,,,,IPVS reading,B2,3.672883787661406,3.6481842160224915,43.316385508491116,17.765443613685775,3.340147989988327,48.72008356826203,19.875241628123174,3.653363287448883,44.52181318464228,19.61539747825628,4.20614977478981,49.78406647770513,23.525778208961196,4.29948980808258,45.10301554824901,20.357722818350673,3.780985218286514,45.203706889558376,20.554389107423685,5.578433759510517,62.28204678045586,21.205467353733937,1.1824486643646503
IPVS_PD_5fcdd5c0,1,M,1.0,72.0,,,,IPVS reading,B1,2.1695164552307413,3.493274754285812,42.38998691897275,17.1019295347567,3.0955679833889005,43.6996902335742,17.39066540144534,3.2611204802989957,41.99836192329916,17.66597444891345,3.999787378311157,46.19396115317177,20.66843502103244,4.332565665245056,44.36854974815392,19.225986494393254,3.730821138620374,45.536240377829245,19.382927127767772,5.394094514846802,56.0499914549291,18.63564035995296,1.1849148267780736
IPVS_PD_5fcdd5c0,1,M,1.0,72.0,,,,IPVS reading,B2,2.435817590478168,3.5283633828163143,42.27203416251449,17.302003145114757,3.021730887889862,44.240413160236024,18.38214867346243,3.3062326192855833,42.47855022189864,18.264042752290248,3.9423278212547297,45.44352854656637,21.0581688949992,4.336950683593749,45.126601308630256,19.99550386808239,3.6733433842658996,46.31408907594958,19.972754999775223,5.318943211436272,57.42330348119137,19.589146959282075,1.1849189527576804
IPVS_PD_131a10e3,1,M,1.0,55.0,,,,IPVS reading,B1,2.3982184662821906,3.400663042068481,43.13027234445282,17.338587432639716,3.11474158167839,45.89546984515838,18.134183159479576,3.451771992444992,42.44064611289274,18.253713020580083,3.987330198287962,48.697891982162616,20.442067661087314,4.258178114891051,45.10033707153061,18.958512345662747,3.4611286163330073,43.53708239184182,18.620399800768965,5.28278197646141,54.456175435334444,17.92422551313713,1.200026001091761
IPVS_PD_131a10e3,1,M,1.0,55.0,,,,IPVS reading,B2,2.782093969663337,3.588262754678726,44.36343239364664,18.166500241223325,3.253187972307205,48.06409366102119,19.364596293271017,3.5176727235317222,43.94752350919849,19.26075740515086,3.787449598312377,49.90413578111048,21.799444086445675,4.221652007102966,47.382582509121825,20.191510512550426,3.506440740823742,47.52098836857342,20.107236638861487,5.4653066661208864,62.28973673656582,19.971838767513646,1.1787396131044514
IPVS_PD_b133cb84,1,M,1.0,77.0,,,,IPVS reading,B1,2.382233151463921,3.586270362138748,45.24623837913787,19.147768054076415,3.212280666828155,46.58788143766248,19.286138559912544,3.318380665779113,42.34521784185623,18.089427550719556,3.9229067623615195,45.51684793537935,20.791784917013246,3.7670150756835916,42.28442172576587,19.603167152885028,3.1627766132354735,43.363187841808795,19.79880835844238,5.505649843811988,61.98310484178357,21.14387850049699,1.082855286516973
IPVS_PD_b133cb84,1,M,1.0,77.0,,,,IPVS reading,B2,2.7106752770469584,3.698892116546631,47.240556052395135,19.312748164861812,3.2377178072929382,48.29666657014652,19.73328197017539,3.3637693524360657,41.61009118227827,18.281798398523947,3.9137900471687317,44.63690087050365,21.12534439695999,3.8864699006080627,42.89354832245954,19.4325533766409,3.3210425972938538,42.925099466944545,19.622506087761096,5.487225219607353,65.68433232605457,21.26401525306282,1.090169886376513
IPVS_PD_283812f2,1,M,1.0,70.0,,,,IPVS reading,B1,3.179546013275424,3.4178297102451323,45.36248930784348,17.624508549243178,3.116461670398712,47.318144719715725,18.995117179247302,3.2530669093132016,40.72936182651037,18.196217503271647,3.6543807744979855,44.53135480424883,20.693397358567136,3.9294758439064026,42.04096170987404,18.706062860358777,3.3042593359947205,42.720344261108664,18.85057504385713,5.462194590270519,64.18773746117948,20.994046440810617,0.9872096898777765
IPVS_PD_283812f2,1,M,1.0,70.0,,,,IPVS reading,B2,3.3175762784701335,3.4590611338615416,43.53850039257711,17.551787345464295,3.076773452758789,46.64221270313543,18.671348177162248,3.219591230154037,40.31428397859844,17.699943271845118,3.7057216525077807,45.57016623579297,21.23281337409331,3.983855932950973,42.845039398717525,19.056871918713068,3.255006200075149,43.595951378136974,19.0583256166426,5.460223829746246,64.4513265509158,20.93956520367099,1.003001716905061
MDVR_HC_5b90506a,0,F,0.0,,0.0,0.0,0.0,MDVR reading,read_passage,3.483334133528912,3.3890997767448425,44.82815659729778,18.087354675170378,3.90200674533844,52.476323517028796,20.253063081163198,3.833842307329178,48.002653930906924,20.068999740215624,4.046961754560471,48.12191088207564,21.35827520600362,4.014635622501373,44.5132508961901,19.655436415435283,3.384706884622574,45.29485772473693,19.465879739076172,5.474286714568734,62.618392147123814,20.638790767502012,1.3010305685752528
MDVR_HC_2167568d,0,F,0.0,,0.0,0.0,0.0,MDVR reading,read_passage,2.0403799749534195,3.5421270728111267,43.4534603179994,17.78360281971102,3.683035522699356,50.10924577263372,19.397784579133628,3.7801364958286285,46.64765110176058,19.211243216299877,4.0338819324970245,44.99833393961395,20.30492244746034,3.952253967523575,41.85302210852695,19.033933028393502,3.611666828393936,42.39777467639804,18.905881337361233,5.72910962998867,58.02137032151222,19.65180437193914,1.2481838249133579
MDVR_HC_1904eca9,0,M,1.0,,0.0,0.0,0.0,MDVR reading,read_passage,2.701436616110272,3.313454353809356,43.733656510487144,17.64025615142233,3.3133537411689753,44.12320209826496,18.11518346098207,3.236568510532379,42.805996563076754,18.07670143692857,3.6016038656234737,44.403009670137315,19.991577773196465,3.8404765486717225,44.26278284663538,19.453052592199697,3.5374134421348566,44.56026579901725,19.65873167087654,5.190622326731681,56.910748723894336,18.827793258725517,1.2675952921374931
MDVR_HC_d6afd10c,0,F,0.0,,0.0,0.0,0.0,MDVR reading,read_passage,3.00414253663977,3.5657146811485285,46.33998222257455,18.05497325900867,3.274415075778961,46.98580711728823,19.073676779843787,3.2238010287284844,43.709465239638675,18.346263978440806,3.688451790809629,45.23183205836633,20.832232573366262,3.63264216184616,42.7636280411065,20.28976552442329,3.5711229681968675,44.64567489584756,20.596499619698545,5.503538604080676,62.13131071999666,20.496980624608415,1.2485467328068922
MDVR_HC_a92e7b26,0,F,0.0,,0.0,0.0,0.0,MDVR reading,read_passage,3.0799806816767243,3.5141384303569794,42.48826979081747,17.28520141458901,3.4637411236763,48.99233557582241,19.037394390392375,3.7661969661712646,47.115544179209394,19.35819098868946,3.857168674468994,46.680575601984785,20.936800707466947,3.6466905176639557,45.58470771637225,19.499673245314717,3.6141906678676605,46.873712886038476,20.009425086805937,5.296536341309547,56.22682236135006,18.5702155937761,1.169002950713953
MDVR_HC_139c2848,0,F,0.0,,0.0,0.0,0.0,MDVR reading,read_passage,2.940801428161561,3.5609197378158566,46.08088115612478,19.10769834707136,3.4691071987152093,52.59363229197013,20.583555337378282,3.465981674194335,47.52478217794959,19.489333522502406,3.6937666177749615,45.12349983063311,20.928868003735527,3.8195044159889218,44.643978055267,20.26110158077273,3.741330564022058,46.48288464295951,20.741628183682177,5.589866855740546,64.99401374254376,21.121948509342594,1.2333814621743462
MDVR_HC_f9f5c386,0,F,0.0,,0.0,0.0,0.0,MDVR reading,read_passage,2.9538506868991936,3.6263128221035,49.29807690820574,19.410068262750947,3.608164894580841,51.00060561816365,20.806234690768793,3.7305442571640013,49.040625195515204,20.543831781308587,4.01033568382263,48.146631535248694,22.078293330706785,4.234269487857818,46.58081565717677,21.257838961232675,3.6676519274711605,46.25394635813408,21.432361082663416,5.534254333376884,61.66287343949079,20.371411505752338,1.2574256668924395
MDVR_HC_b27d917b,0,F,0.0,,0.0,0.0,0.0,MDVR reading,read_passage,2.7445051946251193,3.5094722211360923,47.4755591724492,19.379996321540872,3.4896256804466246,52.18933964062256,20.380817090800573,3.528233307600021,49.64576371682632,20.42433562143819,3.9037779629230496,48.26257210747072,21.74091077219517,3.8961477518081664,47.26652860441453,20.86329145075458,3.592942249774932,46.74907218628009,20.707832805988144,5.529904092848301,63.97217594087124,21.16586918407303,1.2632635083327708
MDVR_HC_ebc73fbf,0,F,0.0,,0.0,0.0,0.0,MDVR reading,read_passage,3.1092080391929944,3.3863720178604124,46.282872604025634,19.598784348374533,3.7549720287322996,53.29810997213937,20.86533895179068,3.6242603302001952,47.82337866418146,19.91614848840806,3.8361754417419425,48.84323862890554,22.80042526776267,3.9882602930068964,46.5501932588355,21.73379580348598,3.7655848979949953,46.42966733381521,21.362167911148525,5.754263484477995,64.04847145080565,21.68629941291633,1.3282806392100845
MDVR_HC_14dfe758,0,F,0.0,,0.0,0.0,0.0,MDVR reading,read_passage,2.453547637550715,3.33214606642723,42.95395632066532,17.43942170456105,3.4996191561222076,51.41870439846969,20.077760848587285,3.5602816522121428,48.654191838957054,19.657322041440423,3.7544593930244448,44.438456263009975,19.908083424541832,3.818051272630691,43.805506697405534,19.587386890733644,3.4988495707511897,44.30838460035713,19.46613497526208,5.249308145046234,60.335610285401266,19.82502610434148,1.2124070705055319
MDVR_HC_98b28927,0,M,1.0,,0.0,0.0,0.0,MDVR reading,read_passage,2.7556626222862013,3.530350059270858,42.10117753752118,17.319026640541548,3.955609261989593,48.18672555544332,19.866072771243118,4.237523424625396,47.925447082169974,19.925014061799388,4.18075704574585,46.49320689537644,21.229745522796506,4.166812539100645,43.78490412984212,19.7314729932798,3.8982208788394925,44.690194201556636,19.559474434699982,5.894452349841595,55.89775743894279,19.353746047120666,1.2840393405910038
MDVR_HC_7b342eb8,0,M,1.0,,0.0,0.0,0.0,MDVR reading,read_passage,2.6471736276214473,3.413036346435547,42.680504049125574,17.277022216664637,3.4523454904556274,51.94868738997346,20.038464690379723,3.7620468139648438,51.50682623394947,20.168794673044573,3.8937424421310425,44.483526571335865,20.029276277260728,3.643307089805603,41.59287648471168,18.958227574519594,3.2207746505737305,42.55506702452841,18.711797257130094,5.3460235595703125,59.081489592790604,19.62762537249024,1.1414491352408584
MDVR_HC_b92850b6,0,F,0.0,,0.0,0.0,0.0,MDVR reading,read_passage,2.6758138038646897,3.477793574333191,47.204464217747564,19.163917384853978,3.5018481016159058,55.14343460873036,21.09252395473158,3.6213444471359253,52.034743969620344,20.478465199523466,3.555562734603882,46.122041200304466,21.498451379353167,3.4020917415618896,45.87937254378364,20.783957189110613,3.418662428855896,47.67629975623078,21.397892561957068,5.385233283042908,67.25220903754234,21.90170816540435,1.1122966398562355
MDVR_HC_036b857b,0,F,0.0,,0.0,0.0,0.0,MDVR reading,read_passage,2.414751501748304,3.527831834554672,46.180512128151534,18.540411762932937,3.7613255560398087,49.2820337335729,19.698272283484894,3.809195417165756,48.79875292746403,19.861477808603677,4.257171058654785,47.09787393074607,21.018414393541143,4.24455907344818,42.53778158963613,19.67125826716613,3.7156955957412685,43.78119603549913,19.6209116322003,5.782657991349697,58.672711318358765,19.85111566281138,1.3288546775684402
MDVR_HC_0ea9a23f,0,F,0.0,,0.0,0.0,0.0,MDVR reading,read_passage,2.288846539224739,3.295786768198013,39.742054115256934,16.059420165026932,3.646723419427871,45.34925450762693,17.39056167051098,3.781420964002609,43.561741375598444,17.325641285698584,4.108752858638763,46.84030398138879,20.487847003521594,4.056120586395263,44.12485663430391,19.19418949453321,3.5583593249320984,44.355948027969774,19.45501243659602,5.485639661550522,54.16258083656429,17.89704686550231,1.5034184750879784
MDVR_HC_7f650938,0,F,0.0,,0.0,0.0,0.0,MDVR reading,read_passage,2.259846499639729,3.430992996692657,46.41553453708985,18.635968640726578,3.8182165682315814,56.70393772136853,21.535026792907864,3.805136781930923,53.95061130987665,20.760517136280065,3.895406121015548,47.07615517955712,20.332491732082136,3.944928073883056,43.90865547191216,19.25968703791121,3.503724533319472,45.472357060653614,19.309475610601556,5.520486404001712,64.73746251314876,21.303276039018154,1.149612567145829
MDVR_HC_9be326ef,0,F,0.0,,0.0,0.0,0.0,MDVR reading,read_passage,2.518535149672249,3.3610428512096404,44.3318521203197,17.299541621884686,3.397042852640152,51.75476746482304,20.13574581896711,3.549336791038513,50.1143155407808,19.981166860885416,3.574206173419952,44.045649937217284,19.536980146779143,3.520087134838104,42.670858934051196,18.877769770493227,3.3680554211139677,43.95415310552553,19.026454546474906,5.2898860082030295,62.51253698952495,19.995234984652644,1.0024398765563214
MDVR_HC_38c3a695,0,F,0.0,,0.0,0.0,0.0,MDVR reading,read_passage,2.6970456027176337,3.537564903497696,45.74034542719878,17.52676004020033,3.4320934414863586,49.58104273668192,19.12372327767263,3.5930910408496857,46.017794639219105,18.53691968330924,3.7777344286441803,43.30902362668664,19.34170328409734,3.589995712041855,44.0385988668624,18.974890228309334,3.285891979932785,44.73727192452385,19.005346787724033,5.2226428389549255,59.29693952202797,19.283823088210326,1.1706871958996503
MDVR_HC_c1be5c84,0,F,0.0,,0.0,1.0,1.0,MDVR reading,read_passage,2.0830627775901926,3.4943105459213255,43.69316102070741,17.46427944187947,3.4958854675292965,46.02533392798973,18.322048276755595,3.5476443767547607,43.613669383999984,18.010076190085616,3.735700178146362,44.4464635143596,20.374273514946832,3.8538916349411005,43.119795782992,19.009136755869054,3.6372026205062866,44.162673236704,19.496669237944413,5.410718423128127,55.80319255590438,18.050014401254167,1.2219572697322665
MDVR_HC_d2e37ffe,0,F,0.0,,0.0,0.0,0.0,MDVR reading,read_passage,1.8250489307695867,3.4166586756706234,40.73052730355313,17.037218473037477,3.097446703910825,45.98733146072557,17.33400769880298,3.3527855873107906,43.861925375684166,17.38816767426846,3.7643114805221556,43.99076246223821,19.891033306854652,3.8114695906639096,39.48397066797311,17.38820856105743,3.1937796235084512,41.227361376127206,17.60322628659682,5.372578459978103,53.50685069337487,18.07040322636333,0.9938440036592923
MDVR_HC_b850ba3e,0,M,1.0,,0.0,0.0,0.0,MDVR reading,read_passage,2.5865111080006384,3.7765196561813354,48.91123094717212,19.383570268967134,3.6945265531539917,53.17829185410935,21.018902817519844,3.4972022771835327,49.89122862479213,20.20816551012348,3.5776365995407104,48.89151935714154,21.858802983724896,3.764717221260071,47.827712779840226,21.368446033565338,3.483357310295105,49.51482963399886,21.602604809443736,5.812795042991638,63.44093028455973,20.955460514238645,1.1551492404835977
MDVR_PD_17dab8cc,1,M,1.0,,2.0,0.0,0.0,MDVR reading,read_passage,2.4411230440740623,3.3813314914703367,39.57126720460004,16.10215600196954,3.51926628947258,45.257462555462304,17.977606857484517,3.6253658652305605,43.626967565510455,18.180948247887084,3.596609407663345,42.32875257770199,18.86193230922569,3.8962276816368098,42.03307269242962,18.585920560486738,3.68115394115448,44.71304782787702,19.28713472057874,5.417925132811068,54.4583319500088,18.004619670971874,1.2491375635826363
MDVR_PD_39af23a9,1,M,1.0,,2.0,1.0,0.0,MDVR reading,read_passage,3.030988487247739,3.4344020783901206,47.23277710956685,18.546245295497457,3.654510116577148,54.42809802700501,21.55944569599753,3.7175019800662996,51.12067473831958,20.27488685873068,3.7900864243507373,46.8417516943056,21.718626700414955,3.980218994617462,44.94946526558595,20.853168113748776,3.8762817025184626,45.9878576180014,20.953205289679797,5.582007171213625,66.47581970319152,22.687792080228085,1.1829618166609308
MDVR_PD_176dc637,1,M,1.0,,3.0,1.0,1.0,MDVR reading,read_passage,2.419558094598001,3.323765683174133,40.68953746108615,16.179886791030842,3.496483588218689,46.37647710173596,18.37998575500442,3.5164187908172604,43.680141733478585,17.547201595125237,3.5246305465698238,41.437230040307476,18.63918152842725,3.411865663528442,37.69211723015388,17.35208091972798,3.3147427082061762,39.92639414388849,17.835490496078894,5.447989177703857,57.44314387440677,18.650683184378064,0.9237247932134576
MDVR_PD_05c2223e,1,M,1.0,,2.0,0.0,0.0,MDVR reading,read_passage,2.623639876614352,3.4598111450672144,40.498001614664275,16.69082968258853,3.4592524111270904,45.55656014787682,17.789827716746093,3.6197606861591334,45.05062784649017,18.1779518647795,3.8566920876502984,43.402952442220275,19.450065665877187,3.7678391337394705,42.861705490973954,19.065314930103476,3.703149008750915,44.990434949695704,19.73316009375573,5.317086733877659,54.86549373716116,18.16275360024957,1.2690073090062355
MDVR_PD_d4e614cb,1,M,1.0,,3.0,2.0,2.0,MDVR reading,read_passage,0.8792487248547933,2.4416927099227896,29.130707595929955,12.80213300282523,2.660710859298706,32.029473053778055,13.417666124154275,2.6262844800949092,31.764295093778383,13.250556793963447,2.7803172349929777,32.696397397096646,14.786780362643555,3.090896940231323,32.848715838037634,14.582896134168074,2.8173444271087615,32.354201260008814,14.53387960549653,3.8621409893035885,36.787739098072045,13.189280767875616,0.6823499920975614
MDVR_PD_dbaf231d,1,F,0.0,,2.0,0.0,0.0,MDVR reading,read_passage,2.779358471352841,3.3661265909671783,43.93612593045117,17.322208590612753,3.656742793321609,49.694740666980046,19.23781495768784,3.76448523402214,47.49392100119817,18.58955050310514,3.647785234451293,46.03267258096,20.415965204628765,3.72149213552475,44.64001360922948,19.67633863703859,3.689220720529555,46.094697469611376,20.00610422413364,5.487130086496472,58.63361867144703,19.004863145921597,1.2133197568290561
MDVR_PD_403dc949,1,F,0.0,,2.0,0.0,1.0,MDVR reading,read_passage,2.6090538746738683,3.429678392410275,40.835591831224875,17.54602718647851,3.2040686011314388,42.81705720430744,18.181257566690306,3.5437901377677914,44.75594874012621,19.483884126038525,3.7219433307647707,46.939254299352314,21.313045852108576,3.6999213695526123,43.99873686418267,19.644043378390986,3.157130730152129,45.12749773840135,19.42620062191803,5.213903799653052,51.1831105314195,18.257964181654238,1.0163049088776979
MDVR_PD_061277ea,1,M,1.0,,4.0,3.0,3.0,MDVR reading,read_passage,1.599304244284968,3.142790508270264,36.29543082020088,15.167299713667466,2.567008876800537,37.905639697898025,14.269707430465493,2.505757403373718,36.36000523004377,13.977152291037248,3.1735625147819517,39.90824332549161,17.06294439318005,3.5866953134536743,38.376832348455466,16.315604203752315,3.1785341739654527,39.05161248001348,16.34674930911761,4.77324676811695,44.30514417588711,15.6609423771466,0.8917613899691696
MDVR_PD_7139a675,1,M,1.0,,3.0,1.0,0.0,MDVR reading,read_passage,2.292078318663553,3.5723284840583793,42.19965306600531,17.437261597110986,3.178588014841078,47.4576892442107,18.4076556738715,3.3784769475460035,45.44420387852034,18.27689393622628,3.702459895610807,45.238523864582724,20.516775411941254,3.5053898036479945,42.063789402187986,19.17042563183497,3.382185721397398,44.12007897935475,19.995904759662682,5.190650055930018,59.522864669561386,19.902448883357273,1.0779600341579234
MDVR_PD_5b73ed20,1,M,1.0,,2.0,0.0,0.0,MDVR reading,read_passage,3.017527037888295,3.4515040814876556,41.6978174592449,17.14063765749394,3.5197032392024994,49.60270142810454,19.719014456490502,3.4230231940746307,46.01261155490054,18.9161117501564,3.623228371143341,44.26992185511007,20.24451400067005,3.9160744547843933,45.236614959784234,20.085689104194987,3.7429444789886475,45.57585059851844,20.066971518866982,5.335959285497665,57.57244769483805,19.519996500470327,1.2001864337171426
MDVR_PD_db446da0,1,M,1.0,,4.0,1.0,1.0,MDVR reading,read_passage,1.7456208992957323,3.432868355512619,37.77871022722696,16.333273540870223,3.13852926492691,45.04278849429704,17.602930771922274,3.438131147623062,44.22398243029232,17.585913299911144,3.4682323098182666,42.251132955322504,19.09348279718418,3.7825480997562404,45.03584155637937,18.913146501138293,3.567118328809738,45.1752848630432,18.992571649612977,5.274946761131286,52.941495226696134,18.13711493114271,0.9617005584626026
MDVR_PD_7a66b834,1,M,1.0,,3.0,2.0,1.0,MDVR reading,read_passage,1.405227704902182,3.0193995237350464,37.015806848621914,15.32603904667901,3.1786712646484374,43.41168548110555,16.736957577379826,3.382315182685852,45.40885971906763,17.45625313600767,3.3768393516540525,41.326818400921134,17.805767840027706,3.5064513444900514,39.19655008302513,16.79357751925625,3.0311648607254025,40.37981784994037,17.018055864813164,4.8452583909034725,50.157792828977094,17.165195202601556,0.9563424492407916
MDVR_PD_1b9c26aa,1,F,0.0,,2.0,1.0,1.0,MDVR reading,read_passage,2.9914044454542017,3.647907793521881,45.2096280263017,18.37206488447938,3.564216434955597,51.39413318967317,19.8064383896737,3.654356300830841,47.56502765779841,19.13174641953218,3.5425370931625366,41.8928606558534,19.26666743991387,3.6772444248199463,41.37215133271436,18.678899398078,3.7460410594940186,42.038732810978445,19.048541063255907,5.502677828073502,63.596670515835285,20.248334120770465,1.103732453108891
MDVR_PD_fdffd473,1,F,0.0,,3.0,1.0,1.0,MDVR reading,read_passage,1.8384102553109394,3.0843762814998623,38.35280900205953,15.887153021563527,3.2362626433372492,43.47930593117233,16.532751269058718,3.3232190251350398,42.91452937915258,16.92443827078557,3.7907740652561186,46.33536553306407,19.715722529295274,3.3282189309596983,39.18129279132357,17.416023825665587,2.889217561483383,39.57474891604252,17.5547388450203,5.050946608185768,53.65170258097348,18.00104753440246,0.8053376144684824
MDVR_PD_4b10e052,1,F,0.0,,3.0,2.0,2.0,MDVR reading,read_passage,1.5734043903057988,3.6995350480079647,43.215168889973064,17.47303675154096,3.022542476654052,44.32103922126593,17.437772114746338,3.0371014237403866,42.51545726242733,17.276616292015422,3.4594597578048703,44.66289034270412,19.693994744352675,3.4290869593620297,41.122003669732884,17.754923130086137,3.075390005111694,42.138329265734015,17.977619415718053,5.42183535993099,56.259312424808726,18.490641581171857,0.8720454598753621
MDVR_PD_0a435191,1,F,0.0,,2.0,0.0,0.0,MDVR reading,read_passage,3.1880311753417145,3.3765428364276886,45.82431132540577,18.529852674102997,3.5106103122234344,55.999083618916984,21.34599448187296,3.6950130462646484,52.02953554205467,21.345481781146656,3.788287341594696,45.218932232155375,20.852405167712853,3.7125213146209717,45.59808072552491,20.31416142916841,3.4241711497306824,45.98695588807965,20.191891474355476,5.419917464256287,62.28513550013304,20.962015108680998,1.1914482138584472
