measure,beta,ci_lo,ci_hi,p,i2,same_direction,q
LA_range,-0.40105559216239345,-1.1478206990962325,0.3457095147714457,0.2925096160026802,0.6121305386394739,True,0.2925096160026802
LA_speed,-0.386343136177035,-1.0074228329751067,0.23473656062103665,0.22276085017749347,0.4201978980762547,True,0.23867233947588587
LI_range,-0.8685863112339587,-1.3934311781961615,-0.3437414442717558,0.0011799593523965305,0.0,True,0.00442484757148699
LI_speed,-0.9775508037451786,-1.4723151116004534,-0.48278649588990363,0.0001077025227819704,0.0,True,0.000807768920864778
LL_range,-0.6358705844175356,-1.1732841047349334,-0.09845706410013777,0.020390557884317262,0.12337422629260131,True,0.03398426314052877
LL_speed,-0.7714435249560314,-1.2800345980958898,-0.2628524518161731,0.0029492703034752618,0.0,True,0.007373175758688154
TB_range,-0.6605990115092667,-1.3257368220995271,0.0045387990809936385,0.05157967812318515,0.5414936067762314,True,0.07736951718477772
TB_space,-0.7907330359955334,-1.6672350278569548,0.08576895586588806,0.0770263438557993,0.6995987610943202,True,0.10503592343972633
TB_speed,-0.6520090434244247,-1.1403625093756375,-0.1636555774732118,0.008875067655939392,0.0,True,0.019018002119870123
TD_range,-0.8534780372043798,-1.3274283047412225,-0.379527769667537,0.0004163142209872121,0.0,True,0.0020815711049360602
TD_speed,-0.6397805657375968,-1.1389969290845963,-0.14056420239059736,0.012009106843296856,0.0,True,0.022517075331181604
TT_range,-0.9234491136697242,-1.3638426173547837,-0.4830556099846647,3.958810909018489e-05,0.0,True,0.0005938216363527733
TT_speed,-0.7233795021963032,-1.194200054204191,-0.2525589501884153,0.002600554756147337,0.0,True,0.007373175758688154
UL_range,-0.3032094563270866,-0.7719787236851618,0.1655598110309886,0.2048809212539806,0.0,True,0.23640106298536223
UL_speed,-0.5473746226572608,-1.2908495857620965,0.19610034044757496,0.14901293566280746,0.5585453194984877,True,0.1862661695785093
