sid,mouth_LI,mouth_TT,mouth_TB,mouth_TD,mouth_LL,voice_loudness,voice_pitch,label,male,age,mouth_tremor,mouth_tremor_high,voice_loudness_high
IPVS_EHC_1390377d,0.31952169050761986,0.32807702983254644,0.3498239749886629,0.37230413586981614,0.2972067882634671,-0.5848014871508954,-0.8271339341683255,0,1.0,68.0,0.3472166004553663,False,False
IPVS_EHC_25e7d520,0.242287739949826,0.25909088175212347,0.34796046820127663,0.4508128341296751,0.23023399115075285,-0.6890309387911611,-0.7588769164942188,0,0.0,60.0,0.34702034742692595,False,False
IPVS_EHC_40e93a8c,0.25802620855988634,0.2983267952330379,0.25409586412915697,0.32033830707830585,0.23592396173248287,-0.1774944542034186,0.11975804660318516,0,1.0,77.0,0.277486793255783,False,False
IPVS_EHC_49649a7c,0.19944755350127036,0.2701210949208217,0.21118610281600442,0.3039112892793042,0.23466049122187388,-0.6931238103904652,0.4852430606210141,0,0.0,62.0,0.238181648532193,False,False
IPVS_EHC_4afb35f7,0.2706723269553123,0.34530113260914297,0.39218187853450137,0.5006623508919787,0.3083749353345863,-0.8441711986552644,-1.0137308455379086,0,1.0,69.0,0.38783885212726416,True,False
IPVS_EHC_639d115c,0.2824349182561351,0.40773759350006866,0.3587325211476638,0.4258619178633369,0.26228698202886463,-0.180203423241626,0.5094028140669853,0,0.0,70.0,0.3556764524223786,False,False
IPVS_EHC_6d20d216,0.2576005339423378,0.26504518148759704,0.27729880317273786,0.4166043868749022,0.23567823267137128,-1.006946341289381,-1.4315535863191773,0,0.0,69.0,0.3171679079966593,False,False
IPVS_EHC_6f100ca8,0.21124549297356537,0.2897270048297208,0.28835778106230675,0.3473761347069045,0.21698492287912083,-0.5996042610005583,-0.37335310311918424,0,0.0,61.0,0.28232646958092555,False,False
IPVS_EHC_71d347fe,0.31340526963773113,0.32554672658591866,0.3440996030656077,0.43209719743844266,0.3232673571329504,-0.4915592895003071,-0.7449754088884374,0,1.0,62.0,0.36320069004726047,False,False
IPVS_EHC_7a274592,0.27910672379229173,0.3618701689855561,0.28364572870428234,0.35470015184952564,0.2536203735634457,-0.6823939422908234,-0.2534584929220308,0,0.0,68.0,0.3058175347820333,False,False
IPVS_EHC_7ffb735c,0.5375442106083834,0.6325080212071088,0.5578992201638557,0.5078941680429624,0.544954938844445,-0.1012557958483166,0.07385298624836113,0,0.0,63.0,0.5344458662717338,True,True
IPVS_EHC_832281bf,0.2585058329291219,0.299209525167141,0.2633598763011912,0.32407140152770064,0.259239551796862,-0.45144758864891654,-0.35886527778041344,0,1.0,70.0,0.2819790369193379,False,False
IPVS_EHC_997af7b3,0.30589754410066317,0.3499698284184047,0.3363725243013257,0.41018927866328153,0.36169628027077116,-0.9291664750535851,-0.28000258160162994,0,0.0,65.0,0.3508197823550901,False,False
IPVS_EHC_99f6ef3d,0.23675516883004172,0.2724483908985205,0.2614711903485509,0.3390886240916619,0.2324688969010952,-0.9726878457747234,-1.5799381205390113,0,0.0,61.0,0.27910499442341813,False,False
IPVS_EHC_9a2a24e8,0.2757176678745463,0.34627180535662094,0.31580341489160146,0.394319327714883,0.24428975545612394,-0.6570949425281986,-1.242777745446612,0,0.0,69.0,0.3286134701603436,False,False
IPVS_EHC_ac9bbb18,0.26837451950031227,0.2861325494049386,0.2994025565055736,0.3597849919629342,0.2747403465558486,-0.7030302037741138,-0.6643811750448194,0,1.0,76.0,0.3091873559896067,False,False
IPVS_EHC_b4f61509,0.2869733805758329,0.3354553295445288,0.31700747049726463,0.34976599819649773,0.2729152357310186,-0.015331355911439271,-0.1315017971453994,0,0.0,72.0,0.31791561642319843,False,True
IPVS_EHC_bde32635,0.2686193346375226,0.2901621894863832,0.3083150378708518,0.3603402243333678,0.3007390169466836,-0.8041939932316344,-1.0663509666222701,0,0.0,63.0,0.3124248656139141,False,False
IPVS_EHC_c3e98ecb,0.33152781505155776,0.3613866640936463,0.36800269369769073,0.4274311541276603,0.3397882898465436,-0.0014271763292285208,-0.2557968984251477,0,1.0,75.0,0.3756538876256363,False,True
IPVS_EHC_de4ff365,0.3121930443494245,0.3553183350203036,0.4073597435885296,0.45380510794619805,0.32104155851678257,-0.5830831367807052,-0.6258967402312695,0,1.0,68.0,0.3911192986280507,True,False
IPVS_EHC_e7aed759,0.28983157782103297,0.31495298825557694,0.31271417297198634,0.4019205500781167,0.33297479053199547,-0.47798414325903077,0.0681560738576777,0,1.0,60.0,0.3348221002903787,False,False
IPVS_PD_0bc86f51,0.31448004647080585,0.3986282888483345,0.3704105003097455,0.41595341983806194,0.2681414906402753,-0.875870582315754,-0.23719614835063402,1,1.0,65.0,0.36694798887287106,False,False
IPVS_PD_131a10e3,0.26974914855013027,0.2995616113794526,0.3505233634760338,0.37840764462441745,0.2455805751944337,-1.6025365541622179,-0.9626797227751446,1,1.0,55.0,0.3328933855501938,False,False
IPVS_PD_215587d2,0.21515048140401455,0.28848201463789497,0.27489167784904905,0.3396576211374421,0.24149373472900276,0.3470659022023227,0.1490416360891345,1,0.0,62.0,0.27656659346350193,False,True
IPVS_PD_25bcde8e,0.4152903719977804,0.38484403411686446,0.3539001926519485,0.39235759174756757,0.3122507987832476,-1.5645170274698716,-1.3559132152961257,1,1.0,49.0,0.3871827187990988,False,False
IPVS_PD_283812f2,0.3302888168738499,0.3769255580430274,0.3534372807113435,0.39236721805739366,0.322331977041111,-1.6476130149319754,-1.1928119523395737,1,1.0,70.0,0.3586977718808624,False,False
IPVS_PD_37ac75bd,0.33706465835161586,0.3510325767819059,0.3113800521831622,0.3608693229388916,0.34052286362855544,-0.5597701892307614,0.31176259133934703,1,0.0,54.0,0.33643801115788996,False,False
IPVS_PD_55bc13c6,0.306552646802835,0.2907382739366229,0.3855831614425912,0.47674855269516125,0.2479016529929924,-0.6346860019128793,-0.4347453870565139,1,0.0,39.0,0.38962812031352917,True,False
IPVS_PD_5e7a0360,0.3272126527470068,0.34137701484130345,0.34783352658964883,0.38905469550850963,0.31808680357579905,-1.930042323270684,-1.1015623173311828,1,1.0,75.0,0.35470029161505506,False,False
IPVS_PD_5fcdd5c0,0.4405904044020361,0.4486876394675495,0.4691372571772653,0.5179976027239355,0.4023505583183827,-1.6093004426590531,-1.1361156680490319,1,1.0,72.0,0.47590842143441225,True,False
IPVS_PD_69229acc,0.36137034093531717,0.35144991257600033,0.3530473484540259,0.4101726116000422,0.34417157218662037,-1.836560019760703,-0.4705153042287716,1,1.0,71.0,0.3748634336631284,False,False
IPVS_PD_74add44e,0.5775581991275173,0.6506505396710243,0.4330451342029294,0.3929436692001434,0.6328066876109764,0.08161164904402,2.0253450300652105,1,0.0,78.0,0.46784900084353004,True,True
IPVS_PD_7f660571,0.3192684457082383,0.2916738119113981,0.36156087184356034,0.42317820506217957,0.27823329264432206,-0.5129028712221576,-0.20833114663751745,1,0.0,80.0,0.36800250753799274,False,False
IPVS_PD_8f283065,0.26420410907484626,0.2679813565073258,0.2991549540984451,0.3490701354077172,0.2448438908486712,-1.498206910176957,-0.5664119916372765,1,0.0,54.0,0.30414306619366954,False,False
IPVS_PD_9bba66a1,0.3680560077947432,0.38210671774634164,0.38523831325396485,0.3804975747602911,0.2794760726785674,-2.1391472016794735,-1.4595452341691038,1,1.0,70.0,0.377930631936333,False,False
IPVS_PD_a0fceda0,0.5357660909308799,0.38618076110088917,0.48911517181249914,0.5328888339802423,0.38330840878199984,-0.8397687006417538,-0.48418214773191365,1,0.0,71.0,0.5192566989078737,True,False
IPVS_PD_a326f905,0.41502450228512944,0.36794671954380453,0.3156252571245697,0.3795508093680041,0.38691529614074716,-2.3006682986709373,-1.1624663606212817,1,1.0,70.0,0.3700668562592344,False,False
IPVS_PD_b133cb84,0.29384268422176885,0.40993984328197,0.3505318578375106,0.3803413220285672,0.27688857271475636,-1.457164369200197,-0.09796415390769124,1,1.0,77.0,0.34157195469594887,False,False
IPVS_PD_b3bfc7ef,0.24627813369918497,0.3089997724744095,0.2961408467562226,0.4036213223213526,0.2425061875747631,-1.4325439662614015,-0.44612381488688907,1,1.0,65.0,0.3153467675922534,False,False
IPVS_PD_b85147c7,0.3725295885650078,0.4241032418704765,0.36912897912397635,0.428021639975306,0.3175286297212652,-0.9203042182624888,-0.32383424450831816,1,1.0,67.0,0.3898934025547634,True,False
IPVS_PD_babad183,0.3311514022611066,0.3110751850995118,0.39118367294541107,0.38753223704267875,0.2966324171143901,-1.9015441865942553,-1.0153940957512204,1,1.0,70.0,0.3699557707497321,False,False
IPVS_PD_c41cf2aa,0.30458520972678615,0.343845384167906,0.31661771450178977,0.36403522570961055,0.243629924920259,-1.0950181330859738,-0.13376274360373058,1,0.0,67.0,0.32841271664606214,False,False
IPVS_PD_d0de0fb0,0.3345758310084005,0.3656852848294935,0.3432197032276798,0.4207263628823069,0.2977365085473924,-1.1039799312210028,0.27291636308353756,1,1.0,73.0,0.3661739657061291,False,False
IPVS_PD_e32f1f63,0.43237723800535416,0.42640601201253003,0.4714756878577254,0.5097805747688853,0.4034550326288576,-1.0609349969072632,-0.42367935360799985,1,1.0,64.0,0.4712111668773216,True,False
IPVS_PD_e50b4a59,0.33318865438240064,0.32255562336706917,0.363432596712563,0.4012903790802806,0.2791688641706236,-2.1095742277390155,-1.705534517135235,1,0.0,60.0,0.3659705433917481,False,False
IPVS_PD_fdc0ff6e,0.46324977473437634,0.41121464964437393,0.42941427968326745,0.45288278655447733,0.408806844572463,-0.9136068572471355,-0.057649869127126385,1,1.0,72.0,0.44851561365737375,True,False
